2026-04-20 20:10:09 [http-nio-8080-exec-5] ERROR c.v.flow.router.InternalServerError - There was an exception while trying to navigate to ''
org.springframework.beans.factory.BeanCreationException: Error creating bean with name 'com.facturacion.ui.views.FacturacionView': Failed to instantiate [com.facturacion.ui.views.FacturacionView]: Constructor threw exception
	at org.springframework.beans.factory.support.ConstructorResolver.instantiate(ConstructorResolver.java:322)
	at org.springframework.beans.factory.support.ConstructorResolver.autowireConstructor(ConstructorResolver.java:190)
	at org.springframework.beans.factory.support.AbstractAutowireCapableBeanFactory.autowireConstructor(AbstractAutowireCapableBeanFactory.java:1356)
	at org.springframework.beans.factory.support.AbstractAutowireCapableBeanFactory.createBeanInstance(AbstractAutowireCapableBeanFactory.java:1199)
	at org.springframework.beans.factory.support.AbstractAutowireCapableBeanFactory.doCreateBean(AbstractAutowireCapableBeanFactory.java:563)
	at org.springframework.beans.factory.support.AbstractAutowireCapableBeanFactory.createBean(AbstractAutowireCapableBeanFactory.java:523)
	at org.springframework.beans.factory.support.AbstractAutowireCapableBeanFactory.createBean(AbstractAutowireCapableBeanFactory.java:320)
	at com.vaadin.flow.spring.SpringInstantiator.getOrCreate(SpringInstantiator.java:126)
	at com.vaadin.flow.di.Instantiator.createRouteTarget(Instantiator.java:136)
	at com.vaadin.flow.router.internal.AbstractNavigationStateRenderer.lambda$getRouteTarget$1(AbstractNavigationStateRenderer.java:132)
	at java.base/java.util.Optional.orElseGet(Optional.java:364)
	at com.vaadin.flow.router.internal.AbstractNavigationStateRenderer.getRouteTarget(AbstractNavigationStateRenderer.java:131)
	at com.vaadin.flow.router.internal.AbstractNavigationStateRenderer.sendBeforeEnterEventAndPopulateChain(AbstractNavigationStateRenderer.java:480)
	at com.vaadin.flow.router.internal.AbstractNavigationStateRenderer.createChainIfEmptyAndExecuteBeforeEnterNavigation(AbstractNavigationStateRenderer.java:461)
	at com.vaadin.flow.router.internal.AbstractNavigationStateRenderer.handle(AbstractNavigationStateRenderer.java:211)
	at com.vaadin.flow.component.internal.JavaScriptNavigationStateRenderer.handle(JavaScriptNavigationStateRenderer.java:78)
	at com.vaadin.flow.component.UI.handleNavigation(UI.java:1853)
	at com.vaadin.flow.component.UI.renderViewForRoute(UI.java:1816)
	at com.vaadin.flow.component.UI.connectClient(UI.java:1729)
	at java.base/jdk.internal.reflect.DirectMethodHandleAccessor.invoke(DirectMethodHandleAccessor.java:103)
	at java.base/java.lang.reflect.Method.invoke(Method.java:580)
	at com.vaadin.flow.server.communication.rpc.PublishedServerEventHandlerRpcHandler.invokeMethod(PublishedServerEventHandlerRpcHandler.java:227)
	at com.vaadin.flow.server.communication.rpc.PublishedServerEventHandlerRpcHandler.invokeMethod(PublishedServerEventHandlerRpcHandler.java:204)
	at com.vaadin.flow.server.communication.rpc.PublishedServerEventHandlerRpcHandler.invokeMethod(PublishedServerEventHandlerRpcHandler.java:150)
	at com.vaadin.flow.server.communication.rpc.PublishedServerEventHandlerRpcHandler.handleNode(PublishedServerEventHandlerRpcHandler.java:133)
	at com.vaadin.flow.server.communication.rpc.AbstractRpcInvocationHandler.handle(AbstractRpcInvocationHandler.java:74)
	at com.vaadin.flow.server.communication.ServerRpcHandler.handleInvocationData(ServerRpcHandler.java:466)
	at com.vaadin.flow.server.communication.ServerRpcHandler.lambda$handleInvocations$4(ServerRpcHandler.java:447)
	at java.base/java.util.ArrayList.forEach(ArrayList.java:1596)
	at com.vaadin.flow.server.communication.ServerRpcHandler.handleInvocations(ServerRpcHandler.java:447)
	at com.vaadin.flow.server.communication.ServerRpcHandler.handleRpc(ServerRpcHandler.java:324)
	at com.vaadin.flow.server.communication.UidlRequestHandler.synchronizedHandleRequest(UidlRequestHandler.java:114)
	at com.vaadin.flow.server.SynchronizedRequestHandler.handleRequest(SynchronizedRequestHandler.java:40)
	at com.vaadin.flow.server.VaadinService.handleRequest(VaadinService.java:1573)
	at com.vaadin.flow.server.VaadinServlet.service(VaadinServlet.java:398)
	at com.vaadin.flow.spring.SpringServlet.service(SpringServlet.java:106)
	at jakarta.servlet.http.HttpServlet.service(HttpServlet.java:658)
	at org.apache.catalina.core.ApplicationFilterChain.internalDoFilter(ApplicationFilterChain.java:205)
	at org.apache.catalina.core.ApplicationFilterChain.doFilter(ApplicationFilterChain.java:149)
	at org.apache.catalina.core.ApplicationDispatcher.invoke(ApplicationDispatcher.java:642)
	at org.apache.catalina.core.ApplicationDispatcher.processRequest(ApplicationDispatcher.java:408)
	at org.apache.catalina.core.ApplicationDispatcher.doForward(ApplicationDispatcher.java:313)
	at org.apache.catalina.core.ApplicationDispatcher.forward(ApplicationDispatcher.java:277)
	at org.springframework.web.servlet.mvc.ServletForwardingController.handleRequestInternal(ServletForwardingController.java:141)
	at org.springframework.web.servlet.mvc.AbstractController.handleRequest(AbstractController.java:178)
	at org.springframework.web.servlet.mvc.SimpleControllerHandlerAdapter.handle(SimpleControllerHandlerAdapter.java:51)
	at org.springframework.web.servlet.DispatcherServlet.doDispatch(DispatcherServlet.java:1089)
	at org.springframework.web.servlet.DispatcherServlet.doService(DispatcherServlet.java:979)
	at org.springframework.web.servlet.FrameworkServlet.processRequest(FrameworkServlet.java:1014)
	at org.springframework.web.servlet.FrameworkServlet.doPost(FrameworkServlet.java:914)
	at jakarta.servlet.http.HttpServlet.service(HttpServlet.java:590)
	at org.springframework.web.servlet.FrameworkServlet.service(FrameworkServlet.java:885)
	at jakarta.servlet.http.HttpServlet.service(HttpServlet.java:658)
	at org.apache.catalina.core.ApplicationFilterChain.internalDoFilter(ApplicationFilterChain.java:205)
	at org.apache.catalina.core.ApplicationFilterChain.doFilter(ApplicationFilterChain.java:149)
	at org.apache.tomcat.websocket.server.WsFilter.doFilter(WsFilter.java:51)
	at org.apache.catalina.core.ApplicationFilterChain.internalDoFilter(ApplicationFilterChain.java:174)
	at org.apache.catalina.core.ApplicationFilterChain.doFilter(ApplicationFilterChain.java:149)
	at org.springframework.web.filter.RequestContextFilter.doFilterInternal(RequestContextFilter.java:100)
	at org.springframework.web.filter.OncePerRequestFilter.doFilter(OncePerRequestFilter.java:116)
	at org.apache.catalina.core.ApplicationFilterChain.internalDoFilter(ApplicationFilterChain.java:174)
	at org.apache.catalina.core.ApplicationFilterChain.doFilter(ApplicationFilterChain.java:149)
	at org.springframework.web.filter.FormContentFilter.doFilterInternal(FormContentFilter.java:93)
	at org.springframework.web.filter.OncePerRequestFilter.doFilter(OncePerRequestFilter.java:116)
	at org.apache.catalina.core.ApplicationFilterChain.internalDoFilter(ApplicationFilterChain.java:174)
	at org.apache.catalina.core.ApplicationFilterChain.doFilter(ApplicationFilterChain.java:149)
	at org.springframework.web.filter.CharacterEncodingFilter.doFilterInternal(CharacterEncodingFilter.java:201)
	at org.springframework.web.filter.OncePerRequestFilter.doFilter(OncePerRequestFilter.java:116)
	at org.apache.catalina.core.ApplicationFilterChain.internalDoFilter(ApplicationFilterChain.java:174)
	at org.apache.catalina.core.ApplicationFilterChain.doFilter(ApplicationFilterChain.java:149)
	at org.apache.catalina.core.StandardWrapperValve.invoke(StandardWrapperValve.java:167)
	at org.apache.catalina.core.StandardContextValve.invoke(StandardContextValve.java:90)
	at org.apache.catalina.authenticator.AuthenticatorBase.invoke(AuthenticatorBase.java:482)
	at org.apache.catalina.core.StandardHostValve.invoke(StandardHostValve.java:115)
	at org.apache.catalina.valves.ErrorReportValve.invoke(ErrorReportValve.java:93)
	at org.apache.catalina.core.StandardEngineValve.invoke(StandardEngineValve.java:74)
	at org.apache.catalina.connector.CoyoteAdapter.service(CoyoteAdapter.java:340)
	at org.apache.coyote.http11.Http11Processor.service(Http11Processor.java:391)
	at org.apache.coyote.AbstractProcessorLight.process(AbstractProcessorLight.java:63)
	at org.apache.coyote.AbstractProtocol$ConnectionHandler.process(AbstractProtocol.java:896)
	at org.apache.tomcat.util.net.NioEndpoint$SocketProcessor.doRun(NioEndpoint.java:1744)
	at org.apache.tomcat.util.net.SocketProcessorBase.run(SocketProcessorBase.java:52)
	at org.apache.tomcat.util.threads.ThreadPoolExecutor.runWorker(ThreadPoolExecutor.java:1191)
	at org.apache.tomcat.util.threads.ThreadPoolExecutor$Worker.run(ThreadPoolExecutor.java:659)
	at org.apache.tomcat.util.threads.TaskThread$WrappingRunnable.run(TaskThread.java:61)
	at java.base/java.lang.Thread.run(Thread.java:1583)
Caused by: org.springframework.beans.BeanInstantiationException: Failed to instantiate [com.facturacion.ui.views.FacturacionView]: Constructor threw exception
	at org.springframework.beans.BeanUtils.instantiateClass(BeanUtils.java:223)
	at org.springframework.beans.factory.support.SimpleInstantiationStrategy.instantiate(SimpleInstantiationStrategy.java:111)
	at org.springframework.beans.factory.support.ConstructorResolver.instantiate(ConstructorResolver.java:319)
	... 85 common frames omitted
Caused by: com.zaxxer.hikari.pool.HikariPool$PoolInitializationException: Failed to initialize pool: FATAL: la autentificaci?n password fall? para el usuario ?postgres?
	at com.zaxxer.hikari.pool.HikariPool.throwPoolInitializationException(HikariPool.java:584)
	at com.zaxxer.hikari.pool.HikariPool.checkFailFast(HikariPool.java:571)
	at com.zaxxer.hikari.pool.HikariPool.<init>(HikariPool.java:98)
	at com.zaxxer.hikari.HikariDataSource.<init>(HikariDataSource.java:80)
	at com.facturacion.config.DatabaseConnection.<init>(DatabaseConnection.java:42)
	at com.facturacion.config.DatabaseConnection.getInstance(DatabaseConnection.java:48)
	at com.facturacion.dao.ClienteDAO.listarTodos(ClienteDAO.java:125)
	at com.facturacion.service.FacturacionService.listarClientes(FacturacionService.java:120)
	at com.facturacion.ui.views.FacturacionView.panelCliente(FacturacionView.java:85)
	at com.facturacion.ui.views.FacturacionView.crearContenido(FacturacionView.java:67)
	at com.facturacion.ui.views.FacturacionView.<init>(FacturacionView.java:48)
	at java.base/jdk.internal.reflect.DirectConstructorHandleAccessor.newInstance(DirectConstructorHandleAccessor.java:62)
	at java.base/java.lang.reflect.Constructor.newInstanceWithCaller(Constructor.java:502)
	at java.base/java.lang.reflect.Constructor.newInstance(Constructor.java:486)
	at org.springframework.beans.BeanUtils.instantiateClass(BeanUtils.java:197)
	... 87 common frames omitted
Caused by: org.postgresql.util.PSQLException: FATAL: la autentificaci?n password fall? para el usuario ?postgres?
	at org.postgresql.core.v3.ConnectionFactoryImpl.doAuthentication(ConnectionFactoryImpl.java:693)
	at org.postgresql.core.v3.ConnectionFactoryImpl.tryConnect(ConnectionFactoryImpl.java:203)
	at org.postgresql.core.v3.ConnectionFactoryImpl.openConnectionImpl(ConnectionFactoryImpl.java:258)
	at org.postgresql.core.ConnectionFactory.openConnection(ConnectionFactory.java:54)
	at org.postgresql.jdbc.PgConnection.<init>(PgConnection.java:263)
	at org.postgresql.Driver.makeConnection(Driver.java:444)
	at org.postgresql.Driver.connect(Driver.java:297)
	at com.zaxxer.hikari.util.DriverDataSource.getConnection(DriverDataSource.java:137)
	at com.zaxxer.hikari.pool.PoolBase.newConnection(PoolBase.java:360)
	at com.zaxxer.hikari.pool.PoolBase.newPoolEntry(PoolBase.java:202)
	at com.zaxxer.hikari.pool.HikariPool.createPoolEntry(HikariPool.java:461)
	at com.zaxxer.hikari.pool.HikariPool.checkFailFast(HikariPool.java:550)
	... 100 common frames omitted
2026-04-20 20:18:38 [http-nio-8080-exec-1] ERROR c.v.flow.router.InternalServerError - There was an exception while trying to navigate to ''
org.springframework.beans.factory.BeanCreationException: Error creating bean with name 'com.facturacion.ui.views.FacturacionView': Failed to instantiate [com.facturacion.ui.views.FacturacionView]: Constructor threw exception
	at org.springframework.beans.factory.support.ConstructorResolver.instantiate(ConstructorResolver.java:322)
	at org.springframework.beans.factory.support.ConstructorResolver.autowireConstructor(ConstructorResolver.java:190)
	at org.springframework.beans.factory.support.AbstractAutowireCapableBeanFactory.autowireConstructor(AbstractAutowireCapableBeanFactory.java:1356)
	at org.springframework.beans.factory.support.AbstractAutowireCapableBeanFactory.createBeanInstance(AbstractAutowireCapableBeanFactory.java:1199)
	at org.springframework.beans.factory.support.AbstractAutowireCapableBeanFactory.doCreateBean(AbstractAutowireCapableBeanFactory.java:563)
	at org.springframework.beans.factory.support.AbstractAutowireCapableBeanFactory.createBean(AbstractAutowireCapableBeanFactory.java:523)
	at org.springframework.beans.factory.support.AbstractAutowireCapableBeanFactory.createBean(AbstractAutowireCapableBeanFactory.java:320)
	at com.vaadin.flow.spring.SpringInstantiator.getOrCreate(SpringInstantiator.java:126)
	at com.vaadin.flow.di.Instantiator.createRouteTarget(Instantiator.java:136)
	at com.vaadin.flow.router.internal.AbstractNavigationStateRenderer.lambda$getRouteTarget$1(AbstractNavigationStateRenderer.java:132)
	at java.base/java.util.Optional.orElseGet(Optional.java:364)
	at com.vaadin.flow.router.internal.AbstractNavigationStateRenderer.getRouteTarget(AbstractNavigationStateRenderer.java:131)
	at com.vaadin.flow.router.internal.AbstractNavigationStateRenderer.sendBeforeEnterEventAndPopulateChain(AbstractNavigationStateRenderer.java:480)
	at com.vaadin.flow.router.internal.AbstractNavigationStateRenderer.createChainIfEmptyAndExecuteBeforeEnterNavigation(AbstractNavigationStateRenderer.java:461)
	at com.vaadin.flow.router.internal.AbstractNavigationStateRenderer.handle(AbstractNavigationStateRenderer.java:211)
	at com.vaadin.flow.component.internal.JavaScriptNavigationStateRenderer.handle(JavaScriptNavigationStateRenderer.java:78)
	at com.vaadin.flow.component.UI.handleNavigation(UI.java:1853)
	at com.vaadin.flow.component.UI.renderViewForRoute(UI.java:1816)
	at com.vaadin.flow.component.UI.connectClient(UI.java:1729)
	at java.base/jdk.internal.reflect.DirectMethodHandleAccessor.invoke(DirectMethodHandleAccessor.java:103)
	at java.base/java.lang.reflect.Method.invoke(Method.java:580)
	at com.vaadin.flow.server.communication.rpc.PublishedServerEventHandlerRpcHandler.invokeMethod(PublishedServerEventHandlerRpcHandler.java:227)
	at com.vaadin.flow.server.communication.rpc.PublishedServerEventHandlerRpcHandler.invokeMethod(PublishedServerEventHandlerRpcHandler.java:204)
	at com.vaadin.flow.server.communication.rpc.PublishedServerEventHandlerRpcHandler.invokeMethod(PublishedServerEventHandlerRpcHandler.java:150)
	at com.vaadin.flow.server.communication.rpc.PublishedServerEventHandlerRpcHandler.handleNode(PublishedServerEventHandlerRpcHandler.java:133)
	at com.vaadin.flow.server.communication.rpc.AbstractRpcInvocationHandler.handle(AbstractRpcInvocationHandler.java:74)
	at com.vaadin.flow.server.communication.ServerRpcHandler.handleInvocationData(ServerRpcHandler.java:466)
	at com.vaadin.flow.server.communication.ServerRpcHandler.lambda$handleInvocations$4(ServerRpcHandler.java:447)
	at java.base/java.util.ArrayList.forEach(ArrayList.java:1596)
	at com.vaadin.flow.server.communication.ServerRpcHandler.handleInvocations(ServerRpcHandler.java:447)
	at com.vaadin.flow.server.communication.ServerRpcHandler.handleRpc(ServerRpcHandler.java:324)
	at com.vaadin.flow.server.communication.UidlRequestHandler.synchronizedHandleRequest(UidlRequestHandler.java:114)
	at com.vaadin.flow.server.SynchronizedRequestHandler.handleRequest(SynchronizedRequestHandler.java:40)
	at com.vaadin.flow.server.VaadinService.handleRequest(VaadinService.java:1573)
	at com.vaadin.flow.server.VaadinServlet.service(VaadinServlet.java:398)
	at com.vaadin.flow.spring.SpringServlet.service(SpringServlet.java:106)
	at jakarta.servlet.http.HttpServlet.service(HttpServlet.java:658)
	at org.apache.catalina.core.ApplicationFilterChain.internalDoFilter(ApplicationFilterChain.java:205)
	at org.apache.catalina.core.ApplicationFilterChain.doFilter(ApplicationFilterChain.java:149)
	at org.apache.catalina.core.ApplicationDispatcher.invoke(ApplicationDispatcher.java:642)
	at org.apache.catalina.core.ApplicationDispatcher.processRequest(ApplicationDispatcher.java:408)
	at org.apache.catalina.core.ApplicationDispatcher.doForward(ApplicationDispatcher.java:313)
	at org.apache.catalina.core.ApplicationDispatcher.forward(ApplicationDispatcher.java:277)
	at org.springframework.web.servlet.mvc.ServletForwardingController.handleRequestInternal(ServletForwardingController.java:141)
	at org.springframework.web.servlet.mvc.AbstractController.handleRequest(AbstractController.java:178)
	at org.springframework.web.servlet.mvc.SimpleControllerHandlerAdapter.handle(SimpleControllerHandlerAdapter.java:51)
	at org.springframework.web.servlet.DispatcherServlet.doDispatch(DispatcherServlet.java:1089)
	at org.springframework.web.servlet.DispatcherServlet.doService(DispatcherServlet.java:979)
	at org.springframework.web.servlet.FrameworkServlet.processRequest(FrameworkServlet.java:1014)
	at org.springframework.web.servlet.FrameworkServlet.doPost(FrameworkServlet.java:914)
	at jakarta.servlet.http.HttpServlet.service(HttpServlet.java:590)
	at org.springframework.web.servlet.FrameworkServlet.service(FrameworkServlet.java:885)
	at jakarta.servlet.http.HttpServlet.service(HttpServlet.java:658)
	at org.apache.catalina.core.ApplicationFilterChain.internalDoFilter(ApplicationFilterChain.java:205)
	at org.apache.catalina.core.ApplicationFilterChain.doFilter(ApplicationFilterChain.java:149)
	at org.apache.tomcat.websocket.server.WsFilter.doFilter(WsFilter.java:51)
	at org.apache.catalina.core.ApplicationFilterChain.internalDoFilter(ApplicationFilterChain.java:174)
	at org.apache.catalina.core.ApplicationFilterChain.doFilter(ApplicationFilterChain.java:149)
	at org.springframework.web.filter.RequestContextFilter.doFilterInternal(RequestContextFilter.java:100)
	at org.springframework.web.filter.OncePerRequestFilter.doFilter(OncePerRequestFilter.java:116)
	at org.apache.catalina.core.ApplicationFilterChain.internalDoFilter(ApplicationFilterChain.java:174)
	at org.apache.catalina.core.ApplicationFilterChain.doFilter(ApplicationFilterChain.java:149)
	at org.springframework.web.filter.FormContentFilter.doFilterInternal(FormContentFilter.java:93)
	at org.springframework.web.filter.OncePerRequestFilter.doFilter(OncePerRequestFilter.java:116)
	at org.apache.catalina.core.ApplicationFilterChain.internalDoFilter(ApplicationFilterChain.java:174)
	at org.apache.catalina.core.ApplicationFilterChain.doFilter(ApplicationFilterChain.java:149)
	at org.springframework.web.filter.CharacterEncodingFilter.doFilterInternal(CharacterEncodingFilter.java:201)
	at org.springframework.web.filter.OncePerRequestFilter.doFilter(OncePerRequestFilter.java:116)
	at org.apache.catalina.core.ApplicationFilterChain.internalDoFilter(ApplicationFilterChain.java:174)
	at org.apache.catalina.core.ApplicationFilterChain.doFilter(ApplicationFilterChain.java:149)
	at org.apache.catalina.core.StandardWrapperValve.invoke(StandardWrapperValve.java:167)
	at org.apache.catalina.core.StandardContextValve.invoke(StandardContextValve.java:90)
	at org.apache.catalina.authenticator.AuthenticatorBase.invoke(AuthenticatorBase.java:482)
	at org.apache.catalina.core.StandardHostValve.invoke(StandardHostValve.java:115)
	at org.apache.catalina.valves.ErrorReportValve.invoke(ErrorReportValve.java:93)
	at org.apache.catalina.core.StandardEngineValve.invoke(StandardEngineValve.java:74)
	at org.apache.catalina.connector.CoyoteAdapter.service(CoyoteAdapter.java:340)
	at org.apache.coyote.http11.Http11Processor.service(Http11Processor.java:391)
	at org.apache.coyote.AbstractProcessorLight.process(AbstractProcessorLight.java:63)
	at org.apache.coyote.AbstractProtocol$ConnectionHandler.process(AbstractProtocol.java:896)
	at org.apache.tomcat.util.net.NioEndpoint$SocketProcessor.doRun(NioEndpoint.java:1744)
	at org.apache.tomcat.util.net.SocketProcessorBase.run(SocketProcessorBase.java:52)
	at org.apache.tomcat.util.threads.ThreadPoolExecutor.runWorker(ThreadPoolExecutor.java:1191)
	at org.apache.tomcat.util.threads.ThreadPoolExecutor$Worker.run(ThreadPoolExecutor.java:659)
	at org.apache.tomcat.util.threads.TaskThread$WrappingRunnable.run(TaskThread.java:61)
	at java.base/java.lang.Thread.run(Thread.java:1583)
Caused by: org.springframework.beans.BeanInstantiationException: Failed to instantiate [com.facturacion.ui.views.FacturacionView]: Constructor threw exception
	at org.springframework.beans.BeanUtils.instantiateClass(BeanUtils.java:223)
	at org.springframework.beans.factory.support.SimpleInstantiationStrategy.instantiate(SimpleInstantiationStrategy.java:111)
	at org.springframework.beans.factory.support.ConstructorResolver.instantiate(ConstructorResolver.java:319)
	... 85 common frames omitted
Caused by: com.zaxxer.hikari.pool.HikariPool$PoolInitializationException: Failed to initialize pool: FATAL: la autentificaci?n password fall? para el usuario ?postgres?
	at com.zaxxer.hikari.pool.HikariPool.throwPoolInitializationException(HikariPool.java:584)
	at com.zaxxer.hikari.pool.HikariPool.checkFailFast(HikariPool.java:571)
	at com.zaxxer.hikari.pool.HikariPool.<init>(HikariPool.java:98)
	at com.zaxxer.hikari.HikariDataSource.<init>(HikariDataSource.java:80)
	at com.facturacion.config.DatabaseConnection.<init>(DatabaseConnection.java:42)
	at com.facturacion.config.DatabaseConnection.getInstance(DatabaseConnection.java:48)
	at com.facturacion.dao.ClienteDAO.listarTodos(ClienteDAO.java:125)
	at com.facturacion.service.FacturacionService.listarClientes(FacturacionService.java:120)
	at com.facturacion.ui.views.FacturacionView.panelCliente(FacturacionView.java:85)
	at com.facturacion.ui.views.FacturacionView.crearContenido(FacturacionView.java:67)
	at com.facturacion.ui.views.FacturacionView.<init>(FacturacionView.java:48)
	at java.base/jdk.internal.reflect.DirectConstructorHandleAccessor.newInstance(DirectConstructorHandleAccessor.java:62)
	at java.base/java.lang.reflect.Constructor.newInstanceWithCaller(Constructor.java:502)
	at java.base/java.lang.reflect.Constructor.newInstance(Constructor.java:486)
	at org.springframework.beans.BeanUtils.instantiateClass(BeanUtils.java:197)
	... 87 common frames omitted
Caused by: org.postgresql.util.PSQLException: FATAL: la autentificaci?n password fall? para el usuario ?postgres?
	at org.postgresql.core.v3.ConnectionFactoryImpl.doAuthentication(ConnectionFactoryImpl.java:693)
	at org.postgresql.core.v3.ConnectionFactoryImpl.tryConnect(ConnectionFactoryImpl.java:203)
	at org.postgresql.core.v3.ConnectionFactoryImpl.openConnectionImpl(ConnectionFactoryImpl.java:258)
	at org.postgresql.core.ConnectionFactory.openConnection(ConnectionFactory.java:54)
	at org.postgresql.jdbc.PgConnection.<init>(PgConnection.java:263)
	at org.postgresql.Driver.makeConnection(Driver.java:444)
	at org.postgresql.Driver.connect(Driver.java:297)
	at com.zaxxer.hikari.util.DriverDataSource.getConnection(DriverDataSource.java:137)
	at com.zaxxer.hikari.pool.PoolBase.newConnection(PoolBase.java:360)
	at com.zaxxer.hikari.pool.PoolBase.newPoolEntry(PoolBase.java:202)
	at com.zaxxer.hikari.pool.HikariPool.createPoolEntry(HikariPool.java:461)
	at com.zaxxer.hikari.pool.HikariPool.checkFailFast(HikariPool.java:550)
	... 100 common frames omitted
2026-04-20 20:27:18 [http-nio-8080-exec-8] ERROR c.v.flow.router.InternalServerError - There was an exception while trying to navigate to ''
org.springframework.beans.factory.BeanCreationException: Error creating bean with name 'com.facturacion.ui.views.FacturacionView': Failed to instantiate [com.facturacion.ui.views.FacturacionView]: Constructor threw exception
	at org.springframework.beans.factory.support.ConstructorResolver.instantiate(ConstructorResolver.java:322)
	at org.springframework.beans.factory.support.ConstructorResolver.autowireConstructor(ConstructorResolver.java:190)
	at org.springframework.beans.factory.support.AbstractAutowireCapableBeanFactory.autowireConstructor(AbstractAutowireCapableBeanFactory.java:1356)
	at org.springframework.beans.factory.support.AbstractAutowireCapableBeanFactory.createBeanInstance(AbstractAutowireCapableBeanFactory.java:1199)
	at org.springframework.beans.factory.support.AbstractAutowireCapableBeanFactory.doCreateBean(AbstractAutowireCapableBeanFactory.java:563)
	at org.springframework.beans.factory.support.AbstractAutowireCapableBeanFactory.createBean(AbstractAutowireCapableBeanFactory.java:523)
	at org.springframework.beans.factory.support.AbstractAutowireCapableBeanFactory.createBean(AbstractAutowireCapableBeanFactory.java:320)
	at com.vaadin.flow.spring.SpringInstantiator.getOrCreate(SpringInstantiator.java:126)
	at com.vaadin.flow.di.Instantiator.createRouteTarget(Instantiator.java:136)
	at com.vaadin.flow.router.internal.AbstractNavigationStateRenderer.lambda$getRouteTarget$1(AbstractNavigationStateRenderer.java:132)
	at java.base/java.util.Optional.orElseGet(Optional.java:364)
	at com.vaadin.flow.router.internal.AbstractNavigationStateRenderer.getRouteTarget(AbstractNavigationStateRenderer.java:131)
	at com.vaadin.flow.router.internal.AbstractNavigationStateRenderer.sendBeforeEnterEventAndPopulateChain(AbstractNavigationStateRenderer.java:480)
	at com.vaadin.flow.router.internal.AbstractNavigationStateRenderer.createChainIfEmptyAndExecuteBeforeEnterNavigation(AbstractNavigationStateRenderer.java:461)
	at com.vaadin.flow.router.internal.AbstractNavigationStateRenderer.handle(AbstractNavigationStateRenderer.java:211)
	at com.vaadin.flow.component.internal.JavaScriptNavigationStateRenderer.handle(JavaScriptNavigationStateRenderer.java:78)
	at com.vaadin.flow.component.UI.handleNavigation(UI.java:1853)
	at com.vaadin.flow.component.UI.renderViewForRoute(UI.java:1816)
	at com.vaadin.flow.component.UI.connectClient(UI.java:1729)
	at java.base/jdk.internal.reflect.DirectMethodHandleAccessor.invoke(DirectMethodHandleAccessor.java:103)
	at java.base/java.lang.reflect.Method.invoke(Method.java:580)
	at com.vaadin.flow.server.communication.rpc.PublishedServerEventHandlerRpcHandler.invokeMethod(PublishedServerEventHandlerRpcHandler.java:227)
	at com.vaadin.flow.server.communication.rpc.PublishedServerEventHandlerRpcHandler.invokeMethod(PublishedServerEventHandlerRpcHandler.java:204)
	at com.vaadin.flow.server.communication.rpc.PublishedServerEventHandlerRpcHandler.invokeMethod(PublishedServerEventHandlerRpcHandler.java:150)
	at com.vaadin.flow.server.communication.rpc.PublishedServerEventHandlerRpcHandler.handleNode(PublishedServerEventHandlerRpcHandler.java:133)
	at com.vaadin.flow.server.communication.rpc.AbstractRpcInvocationHandler.handle(AbstractRpcInvocationHandler.java:74)
	at com.vaadin.flow.server.communication.ServerRpcHandler.handleInvocationData(ServerRpcHandler.java:466)
	at com.vaadin.flow.server.communication.ServerRpcHandler.lambda$handleInvocations$4(ServerRpcHandler.java:447)
	at java.base/java.util.ArrayList.forEach(ArrayList.java:1596)
	at com.vaadin.flow.server.communication.ServerRpcHandler.handleInvocations(ServerRpcHandler.java:447)
	at com.vaadin.flow.server.communication.ServerRpcHandler.handleRpc(ServerRpcHandler.java:324)
	at com.vaadin.flow.server.communication.UidlRequestHandler.synchronizedHandleRequest(UidlRequestHandler.java:114)
	at com.vaadin.flow.server.SynchronizedRequestHandler.handleRequest(SynchronizedRequestHandler.java:40)
	at com.vaadin.flow.server.VaadinService.handleRequest(VaadinService.java:1573)
	at com.vaadin.flow.server.VaadinServlet.service(VaadinServlet.java:398)
	at com.vaadin.flow.spring.SpringServlet.service(SpringServlet.java:106)
	at jakarta.servlet.http.HttpServlet.service(HttpServlet.java:658)
	at org.apache.catalina.core.ApplicationFilterChain.internalDoFilter(ApplicationFilterChain.java:205)
	at org.apache.catalina.core.ApplicationFilterChain.doFilter(ApplicationFilterChain.java:149)
	at org.apache.catalina.core.ApplicationDispatcher.invoke(ApplicationDispatcher.java:642)
	at org.apache.catalina.core.ApplicationDispatcher.processRequest(ApplicationDispatcher.java:408)
	at org.apache.catalina.core.ApplicationDispatcher.doForward(ApplicationDispatcher.java:313)
	at org.apache.catalina.core.ApplicationDispatcher.forward(ApplicationDispatcher.java:277)
	at org.springframework.web.servlet.mvc.ServletForwardingController.handleRequestInternal(ServletForwardingController.java:141)
	at org.springframework.web.servlet.mvc.AbstractController.handleRequest(AbstractController.java:178)
	at org.springframework.web.servlet.mvc.SimpleControllerHandlerAdapter.handle(SimpleControllerHandlerAdapter.java:51)
	at org.springframework.web.servlet.DispatcherServlet.doDispatch(DispatcherServlet.java:1089)
	at org.springframework.web.servlet.DispatcherServlet.doService(DispatcherServlet.java:979)
	at org.springframework.web.servlet.FrameworkServlet.processRequest(FrameworkServlet.java:1014)
	at org.springframework.web.servlet.FrameworkServlet.doPost(FrameworkServlet.java:914)
	at jakarta.servlet.http.HttpServlet.service(HttpServlet.java:590)
	at org.springframework.web.servlet.FrameworkServlet.service(FrameworkServlet.java:885)
	at jakarta.servlet.http.HttpServlet.service(HttpServlet.java:658)
	at org.apache.catalina.core.ApplicationFilterChain.internalDoFilter(ApplicationFilterChain.java:205)
	at org.apache.catalina.core.ApplicationFilterChain.doFilter(ApplicationFilterChain.java:149)
	at org.apache.tomcat.websocket.server.WsFilter.doFilter(WsFilter.java:51)
	at org.apache.catalina.core.ApplicationFilterChain.internalDoFilter(ApplicationFilterChain.java:174)
	at org.apache.catalina.core.ApplicationFilterChain.doFilter(ApplicationFilterChain.java:149)
	at org.springframework.web.filter.RequestContextFilter.doFilterInternal(RequestContextFilter.java:100)
	at org.springframework.web.filter.OncePerRequestFilter.doFilter(OncePerRequestFilter.java:116)
	at org.apache.catalina.core.ApplicationFilterChain.internalDoFilter(ApplicationFilterChain.java:174)
	at org.apache.catalina.core.ApplicationFilterChain.doFilter(ApplicationFilterChain.java:149)
	at org.springframework.web.filter.FormContentFilter.doFilterInternal(FormContentFilter.java:93)
	at org.springframework.web.filter.OncePerRequestFilter.doFilter(OncePerRequestFilter.java:116)
	at org.apache.catalina.core.ApplicationFilterChain.internalDoFilter(ApplicationFilterChain.java:174)
	at org.apache.catalina.core.ApplicationFilterChain.doFilter(ApplicationFilterChain.java:149)
	at org.springframework.web.filter.CharacterEncodingFilter.doFilterInternal(CharacterEncodingFilter.java:201)
	at org.springframework.web.filter.OncePerRequestFilter.doFilter(OncePerRequestFilter.java:116)
	at org.apache.catalina.core.ApplicationFilterChain.internalDoFilter(ApplicationFilterChain.java:174)
	at org.apache.catalina.core.ApplicationFilterChain.doFilter(ApplicationFilterChain.java:149)
	at org.apache.catalina.core.StandardWrapperValve.invoke(StandardWrapperValve.java:167)
	at org.apache.catalina.core.StandardContextValve.invoke(StandardContextValve.java:90)
	at org.apache.catalina.authenticator.AuthenticatorBase.invoke(AuthenticatorBase.java:482)
	at org.apache.catalina.core.StandardHostValve.invoke(StandardHostValve.java:115)
	at org.apache.catalina.valves.ErrorReportValve.invoke(ErrorReportValve.java:93)
	at org.apache.catalina.core.StandardEngineValve.invoke(StandardEngineValve.java:74)
	at org.apache.catalina.connector.CoyoteAdapter.service(CoyoteAdapter.java:340)
	at org.apache.coyote.http11.Http11Processor.service(Http11Processor.java:391)
	at org.apache.coyote.AbstractProcessorLight.process(AbstractProcessorLight.java:63)
	at org.apache.coyote.AbstractProtocol$ConnectionHandler.process(AbstractProtocol.java:896)
	at org.apache.tomcat.util.net.NioEndpoint$SocketProcessor.doRun(NioEndpoint.java:1744)
	at org.apache.tomcat.util.net.SocketProcessorBase.run(SocketProcessorBase.java:52)
	at org.apache.tomcat.util.threads.ThreadPoolExecutor.runWorker(ThreadPoolExecutor.java:1191)
	at org.apache.tomcat.util.threads.ThreadPoolExecutor$Worker.run(ThreadPoolExecutor.java:659)
	at org.apache.tomcat.util.threads.TaskThread$WrappingRunnable.run(TaskThread.java:61)
	at java.base/java.lang.Thread.run(Thread.java:1583)
Caused by: org.springframework.beans.BeanInstantiationException: Failed to instantiate [com.facturacion.ui.views.FacturacionView]: Constructor threw exception
	at org.springframework.beans.BeanUtils.instantiateClass(BeanUtils.java:223)
	at org.springframework.beans.factory.support.SimpleInstantiationStrategy.instantiate(SimpleInstantiationStrategy.java:111)
	at org.springframework.beans.factory.support.ConstructorResolver.instantiate(ConstructorResolver.java:319)
	... 85 common frames omitted
Caused by: com.zaxxer.hikari.pool.HikariPool$PoolInitializationException: Failed to initialize pool: FATAL: la autentificaci?n password fall? para el usuario ?postgres?
	at com.zaxxer.hikari.pool.HikariPool.throwPoolInitializationException(HikariPool.java:584)
	at com.zaxxer.hikari.pool.HikariPool.checkFailFast(HikariPool.java:571)
	at com.zaxxer.hikari.pool.HikariPool.<init>(HikariPool.java:98)
	at com.zaxxer.hikari.HikariDataSource.<init>(HikariDataSource.java:80)
	at com.facturacion.config.DatabaseConnection.<init>(DatabaseConnection.java:42)
	at com.facturacion.config.DatabaseConnection.getInstance(DatabaseConnection.java:48)
	at com.facturacion.dao.ClienteDAO.listarTodos(ClienteDAO.java:125)
	at com.facturacion.service.FacturacionService.listarClientes(FacturacionService.java:120)
	at com.facturacion.ui.views.FacturacionView.panelCliente(FacturacionView.java:85)
	at com.facturacion.ui.views.FacturacionView.crearContenido(FacturacionView.java:67)
	at com.facturacion.ui.views.FacturacionView.<init>(FacturacionView.java:48)
	at java.base/jdk.internal.reflect.DirectConstructorHandleAccessor.newInstance(DirectConstructorHandleAccessor.java:62)
	at java.base/java.lang.reflect.Constructor.newInstanceWithCaller(Constructor.java:502)
	at java.base/java.lang.reflect.Constructor.newInstance(Constructor.java:486)
	at org.springframework.beans.BeanUtils.instantiateClass(BeanUtils.java:197)
	... 87 common frames omitted
Caused by: org.postgresql.util.PSQLException: FATAL: la autentificaci?n password fall? para el usuario ?postgres?
	at org.postgresql.core.v3.ConnectionFactoryImpl.doAuthentication(ConnectionFactoryImpl.java:693)
	at org.postgresql.core.v3.ConnectionFactoryImpl.tryConnect(ConnectionFactoryImpl.java:203)
	at org.postgresql.core.v3.ConnectionFactoryImpl.openConnectionImpl(ConnectionFactoryImpl.java:258)
	at org.postgresql.core.ConnectionFactory.openConnection(ConnectionFactory.java:54)
	at org.postgresql.jdbc.PgConnection.<init>(PgConnection.java:263)
	at org.postgresql.Driver.makeConnection(Driver.java:444)
	at org.postgresql.Driver.connect(Driver.java:297)
	at com.zaxxer.hikari.util.DriverDataSource.getConnection(DriverDataSource.java:137)
	at com.zaxxer.hikari.pool.PoolBase.newConnection(PoolBase.java:360)
	at com.zaxxer.hikari.pool.PoolBase.newPoolEntry(PoolBase.java:202)
	at com.zaxxer.hikari.pool.HikariPool.createPoolEntry(HikariPool.java:461)
	at com.zaxxer.hikari.pool.HikariPool.checkFailFast(HikariPool.java:550)
	... 100 common frames omitted
2026-04-20 20:27:21 [http-nio-8080-exec-6] ERROR c.v.flow.router.InternalServerError - There was an exception while trying to navigate to ''
org.springframework.beans.factory.BeanCreationException: Error creating bean with name 'com.facturacion.ui.views.FacturacionView': Failed to instantiate [com.facturacion.ui.views.FacturacionView]: Constructor threw exception
	at org.springframework.beans.factory.support.ConstructorResolver.instantiate(ConstructorResolver.java:322)
	at org.springframework.beans.factory.support.ConstructorResolver.autowireConstructor(ConstructorResolver.java:190)
	at org.springframework.beans.factory.support.AbstractAutowireCapableBeanFactory.autowireConstructor(AbstractAutowireCapableBeanFactory.java:1356)
	at org.springframework.beans.factory.support.AbstractAutowireCapableBeanFactory.createBeanInstance(AbstractAutowireCapableBeanFactory.java:1199)
	at org.springframework.beans.factory.support.AbstractAutowireCapableBeanFactory.doCreateBean(AbstractAutowireCapableBeanFactory.java:563)
	at org.springframework.beans.factory.support.AbstractAutowireCapableBeanFactory.createBean(AbstractAutowireCapableBeanFactory.java:523)
	at org.springframework.beans.factory.support.AbstractAutowireCapableBeanFactory.createBean(AbstractAutowireCapableBeanFactory.java:320)
	at com.vaadin.flow.spring.SpringInstantiator.getOrCreate(SpringInstantiator.java:126)
	at com.vaadin.flow.di.Instantiator.createRouteTarget(Instantiator.java:136)
	at com.vaadin.flow.router.internal.AbstractNavigationStateRenderer.lambda$getRouteTarget$1(AbstractNavigationStateRenderer.java:132)
	at java.base/java.util.Optional.orElseGet(Optional.java:364)
	at com.vaadin.flow.router.internal.AbstractNavigationStateRenderer.getRouteTarget(AbstractNavigationStateRenderer.java:131)
	at com.vaadin.flow.router.internal.AbstractNavigationStateRenderer.sendBeforeEnterEventAndPopulateChain(AbstractNavigationStateRenderer.java:480)
	at com.vaadin.flow.router.internal.AbstractNavigationStateRenderer.createChainIfEmptyAndExecuteBeforeEnterNavigation(AbstractNavigationStateRenderer.java:461)
	at com.vaadin.flow.router.internal.AbstractNavigationStateRenderer.handle(AbstractNavigationStateRenderer.java:211)
	at com.vaadin.flow.component.internal.JavaScriptNavigationStateRenderer.handle(JavaScriptNavigationStateRenderer.java:78)
	at com.vaadin.flow.component.UI.handleNavigation(UI.java:1853)
	at com.vaadin.flow.component.UI.renderViewForRoute(UI.java:1816)
	at com.vaadin.flow.component.UI.connectClient(UI.java:1729)
	at java.base/jdk.internal.reflect.DirectMethodHandleAccessor.invoke(DirectMethodHandleAccessor.java:103)
	at java.base/java.lang.reflect.Method.invoke(Method.java:580)
	at com.vaadin.flow.server.communication.rpc.PublishedServerEventHandlerRpcHandler.invokeMethod(PublishedServerEventHandlerRpcHandler.java:227)
	at com.vaadin.flow.server.communication.rpc.PublishedServerEventHandlerRpcHandler.invokeMethod(PublishedServerEventHandlerRpcHandler.java:204)
	at com.vaadin.flow.server.communication.rpc.PublishedServerEventHandlerRpcHandler.invokeMethod(PublishedServerEventHandlerRpcHandler.java:150)
	at com.vaadin.flow.server.communication.rpc.PublishedServerEventHandlerRpcHandler.handleNode(PublishedServerEventHandlerRpcHandler.java:133)
	at com.vaadin.flow.server.communication.rpc.AbstractRpcInvocationHandler.handle(AbstractRpcInvocationHandler.java:74)
	at com.vaadin.flow.server.communication.ServerRpcHandler.handleInvocationData(ServerRpcHandler.java:466)
	at com.vaadin.flow.server.communication.ServerRpcHandler.lambda$handleInvocations$4(ServerRpcHandler.java:447)
	at java.base/java.util.ArrayList.forEach(ArrayList.java:1596)
	at com.vaadin.flow.server.communication.ServerRpcHandler.handleInvocations(ServerRpcHandler.java:447)
	at com.vaadin.flow.server.communication.ServerRpcHandler.handleRpc(ServerRpcHandler.java:324)
	at com.vaadin.flow.server.communication.UidlRequestHandler.synchronizedHandleRequest(UidlRequestHandler.java:114)
	at com.vaadin.flow.server.SynchronizedRequestHandler.handleRequest(SynchronizedRequestHandler.java:40)
	at com.vaadin.flow.server.VaadinService.handleRequest(VaadinService.java:1573)
	at com.vaadin.flow.server.VaadinServlet.service(VaadinServlet.java:398)
	at com.vaadin.flow.spring.SpringServlet.service(SpringServlet.java:106)
	at jakarta.servlet.http.HttpServlet.service(HttpServlet.java:658)
	at org.apache.catalina.core.ApplicationFilterChain.internalDoFilter(ApplicationFilterChain.java:205)
	at org.apache.catalina.core.ApplicationFilterChain.doFilter(ApplicationFilterChain.java:149)
	at org.apache.catalina.core.ApplicationDispatcher.invoke(ApplicationDispatcher.java:642)
	at org.apache.catalina.core.ApplicationDispatcher.processRequest(ApplicationDispatcher.java:408)
	at org.apache.catalina.core.ApplicationDispatcher.doForward(ApplicationDispatcher.java:313)
	at org.apache.catalina.core.ApplicationDispatcher.forward(ApplicationDispatcher.java:277)
	at org.springframework.web.servlet.mvc.ServletForwardingController.handleRequestInternal(ServletForwardingController.java:141)
	at org.springframework.web.servlet.mvc.AbstractController.handleRequest(AbstractController.java:178)
	at org.springframework.web.servlet.mvc.SimpleControllerHandlerAdapter.handle(SimpleControllerHandlerAdapter.java:51)
	at org.springframework.web.servlet.DispatcherServlet.doDispatch(DispatcherServlet.java:1089)
	at org.springframework.web.servlet.DispatcherServlet.doService(DispatcherServlet.java:979)
	at org.springframework.web.servlet.FrameworkServlet.processRequest(FrameworkServlet.java:1014)
	at org.springframework.web.servlet.FrameworkServlet.doPost(FrameworkServlet.java:914)
	at jakarta.servlet.http.HttpServlet.service(HttpServlet.java:590)
	at org.springframework.web.servlet.FrameworkServlet.service(FrameworkServlet.java:885)
	at jakarta.servlet.http.HttpServlet.service(HttpServlet.java:658)
	at org.apache.catalina.core.ApplicationFilterChain.internalDoFilter(ApplicationFilterChain.java:205)
	at org.apache.catalina.core.ApplicationFilterChain.doFilter(ApplicationFilterChain.java:149)
	at org.apache.tomcat.websocket.server.WsFilter.doFilter(WsFilter.java:51)
	at org.apache.catalina.core.ApplicationFilterChain.internalDoFilter(ApplicationFilterChain.java:174)
	at org.apache.catalina.core.ApplicationFilterChain.doFilter(ApplicationFilterChain.java:149)
	at org.springframework.web.filter.RequestContextFilter.doFilterInternal(RequestContextFilter.java:100)
	at org.springframework.web.filter.OncePerRequestFilter.doFilter(OncePerRequestFilter.java:116)
	at org.apache.catalina.core.ApplicationFilterChain.internalDoFilter(ApplicationFilterChain.java:174)
	at org.apache.catalina.core.ApplicationFilterChain.doFilter(ApplicationFilterChain.java:149)
	at org.springframework.web.filter.FormContentFilter.doFilterInternal(FormContentFilter.java:93)
	at org.springframework.web.filter.OncePerRequestFilter.doFilter(OncePerRequestFilter.java:116)
	at org.apache.catalina.core.ApplicationFilterChain.internalDoFilter(ApplicationFilterChain.java:174)
	at org.apache.catalina.core.ApplicationFilterChain.doFilter(ApplicationFilterChain.java:149)
	at org.springframework.web.filter.CharacterEncodingFilter.doFilterInternal(CharacterEncodingFilter.java:201)
	at org.springframework.web.filter.OncePerRequestFilter.doFilter(OncePerRequestFilter.java:116)
	at org.apache.catalina.core.ApplicationFilterChain.internalDoFilter(ApplicationFilterChain.java:174)
	at org.apache.catalina.core.ApplicationFilterChain.doFilter(ApplicationFilterChain.java:149)
	at org.apache.catalina.core.StandardWrapperValve.invoke(StandardWrapperValve.java:167)
	at org.apache.catalina.core.StandardContextValve.invoke(StandardContextValve.java:90)
	at org.apache.catalina.authenticator.AuthenticatorBase.invoke(AuthenticatorBase.java:482)
	at org.apache.catalina.core.StandardHostValve.invoke(StandardHostValve.java:115)
	at org.apache.catalina.valves.ErrorReportValve.invoke(ErrorReportValve.java:93)
	at org.apache.catalina.core.StandardEngineValve.invoke(StandardEngineValve.java:74)
	at org.apache.catalina.connector.CoyoteAdapter.service(CoyoteAdapter.java:340)
	at org.apache.coyote.http11.Http11Processor.service(Http11Processor.java:391)
	at org.apache.coyote.AbstractProcessorLight.process(AbstractProcessorLight.java:63)
	at org.apache.coyote.AbstractProtocol$ConnectionHandler.process(AbstractProtocol.java:896)
	at org.apache.tomcat.util.net.NioEndpoint$SocketProcessor.doRun(NioEndpoint.java:1744)
	at org.apache.tomcat.util.net.SocketProcessorBase.run(SocketProcessorBase.java:52)
	at org.apache.tomcat.util.threads.ThreadPoolExecutor.runWorker(ThreadPoolExecutor.java:1191)
	at org.apache.tomcat.util.threads.ThreadPoolExecutor$Worker.run(ThreadPoolExecutor.java:659)
	at org.apache.tomcat.util.threads.TaskThread$WrappingRunnable.run(TaskThread.java:61)
	at java.base/java.lang.Thread.run(Thread.java:1583)
Caused by: org.springframework.beans.BeanInstantiationException: Failed to instantiate [com.facturacion.ui.views.FacturacionView]: Constructor threw exception
	at org.springframework.beans.BeanUtils.instantiateClass(BeanUtils.java:223)
	at org.springframework.beans.factory.support.SimpleInstantiationStrategy.instantiate(SimpleInstantiationStrategy.java:111)
	at org.springframework.beans.factory.support.ConstructorResolver.instantiate(ConstructorResolver.java:319)
	... 85 common frames omitted
Caused by: com.zaxxer.hikari.pool.HikariPool$PoolInitializationException: Failed to initialize pool: FATAL: la autentificaci?n password fall? para el usuario ?postgres?
	at com.zaxxer.hikari.pool.HikariPool.throwPoolInitializationException(HikariPool.java:584)
	at com.zaxxer.hikari.pool.HikariPool.checkFailFast(HikariPool.java:571)
	at com.zaxxer.hikari.pool.HikariPool.<init>(HikariPool.java:98)
	at com.zaxxer.hikari.HikariDataSource.<init>(HikariDataSource.java:80)
	at com.facturacion.config.DatabaseConnection.<init>(DatabaseConnection.java:42)
	at com.facturacion.config.DatabaseConnection.getInstance(DatabaseConnection.java:48)
	at com.facturacion.dao.ClienteDAO.listarTodos(ClienteDAO.java:125)
	at com.facturacion.service.FacturacionService.listarClientes(FacturacionService.java:120)
	at com.facturacion.ui.views.FacturacionView.panelCliente(FacturacionView.java:85)
	at com.facturacion.ui.views.FacturacionView.crearContenido(FacturacionView.java:67)
	at com.facturacion.ui.views.FacturacionView.<init>(FacturacionView.java:48)
	at java.base/jdk.internal.reflect.DirectConstructorHandleAccessor.newInstance(DirectConstructorHandleAccessor.java:62)
	at java.base/java.lang.reflect.Constructor.newInstanceWithCaller(Constructor.java:502)
	at java.base/java.lang.reflect.Constructor.newInstance(Constructor.java:486)
	at org.springframework.beans.BeanUtils.instantiateClass(BeanUtils.java:197)
	... 87 common frames omitted
Caused by: org.postgresql.util.PSQLException: FATAL: la autentificaci?n password fall? para el usuario ?postgres?
	at org.postgresql.core.v3.ConnectionFactoryImpl.doAuthentication(ConnectionFactoryImpl.java:693)
	at org.postgresql.core.v3.ConnectionFactoryImpl.tryConnect(ConnectionFactoryImpl.java:203)
	at org.postgresql.core.v3.ConnectionFactoryImpl.openConnectionImpl(ConnectionFactoryImpl.java:258)
	at org.postgresql.core.ConnectionFactory.openConnection(ConnectionFactory.java:54)
	at org.postgresql.jdbc.PgConnection.<init>(PgConnection.java:263)
	at org.postgresql.Driver.makeConnection(Driver.java:444)
	at org.postgresql.Driver.connect(Driver.java:297)
	at com.zaxxer.hikari.util.DriverDataSource.getConnection(DriverDataSource.java:137)
	at com.zaxxer.hikari.pool.PoolBase.newConnection(PoolBase.java:360)
	at com.zaxxer.hikari.pool.PoolBase.newPoolEntry(PoolBase.java:202)
	at com.zaxxer.hikari.pool.HikariPool.createPoolEntry(HikariPool.java:461)
	at com.zaxxer.hikari.pool.HikariPool.checkFailFast(HikariPool.java:550)
	... 100 common frames omitted
2026-04-20 20:27:23 [http-nio-8080-exec-1] ERROR c.v.flow.router.InternalServerError - There was an exception while trying to navigate to ''
org.springframework.beans.factory.BeanCreationException: Error creating bean with name 'com.facturacion.ui.views.FacturacionView': Failed to instantiate [com.facturacion.ui.views.FacturacionView]: Constructor threw exception
	at org.springframework.beans.factory.support.ConstructorResolver.instantiate(ConstructorResolver.java:322)
	at org.springframework.beans.factory.support.ConstructorResolver.autowireConstructor(ConstructorResolver.java:190)
	at org.springframework.beans.factory.support.AbstractAutowireCapableBeanFactory.autowireConstructor(AbstractAutowireCapableBeanFactory.java:1356)
	at org.springframework.beans.factory.support.AbstractAutowireCapableBeanFactory.createBeanInstance(AbstractAutowireCapableBeanFactory.java:1199)
	at org.springframework.beans.factory.support.AbstractAutowireCapableBeanFactory.doCreateBean(AbstractAutowireCapableBeanFactory.java:563)
	at org.springframework.beans.factory.support.AbstractAutowireCapableBeanFactory.createBean(AbstractAutowireCapableBeanFactory.java:523)
	at org.springframework.beans.factory.support.AbstractAutowireCapableBeanFactory.createBean(AbstractAutowireCapableBeanFactory.java:320)
	at com.vaadin.flow.spring.SpringInstantiator.getOrCreate(SpringInstantiator.java:126)
	at com.vaadin.flow.di.Instantiator.createRouteTarget(Instantiator.java:136)
	at com.vaadin.flow.router.internal.AbstractNavigationStateRenderer.lambda$getRouteTarget$1(AbstractNavigationStateRenderer.java:132)
	at java.base/java.util.Optional.orElseGet(Optional.java:364)
	at com.vaadin.flow.router.internal.AbstractNavigationStateRenderer.getRouteTarget(AbstractNavigationStateRenderer.java:131)
	at com.vaadin.flow.router.internal.AbstractNavigationStateRenderer.sendBeforeEnterEventAndPopulateChain(AbstractNavigationStateRenderer.java:480)
	at com.vaadin.flow.router.internal.AbstractNavigationStateRenderer.createChainIfEmptyAndExecuteBeforeEnterNavigation(AbstractNavigationStateRenderer.java:461)
	at com.vaadin.flow.router.internal.AbstractNavigationStateRenderer.handle(AbstractNavigationStateRenderer.java:211)
	at com.vaadin.flow.component.internal.JavaScriptNavigationStateRenderer.handle(JavaScriptNavigationStateRenderer.java:78)
	at com.vaadin.flow.component.UI.handleNavigation(UI.java:1853)
	at com.vaadin.flow.component.UI.renderViewForRoute(UI.java:1816)
	at com.vaadin.flow.component.UI.connectClient(UI.java:1729)
	at java.base/jdk.internal.reflect.DirectMethodHandleAccessor.invoke(DirectMethodHandleAccessor.java:103)
	at java.base/java.lang.reflect.Method.invoke(Method.java:580)
	at com.vaadin.flow.server.communication.rpc.PublishedServerEventHandlerRpcHandler.invokeMethod(PublishedServerEventHandlerRpcHandler.java:227)
	at com.vaadin.flow.server.communication.rpc.PublishedServerEventHandlerRpcHandler.invokeMethod(PublishedServerEventHandlerRpcHandler.java:204)
	at com.vaadin.flow.server.communication.rpc.PublishedServerEventHandlerRpcHandler.invokeMethod(PublishedServerEventHandlerRpcHandler.java:150)
	at com.vaadin.flow.server.communication.rpc.PublishedServerEventHandlerRpcHandler.handleNode(PublishedServerEventHandlerRpcHandler.java:133)
	at com.vaadin.flow.server.communication.rpc.AbstractRpcInvocationHandler.handle(AbstractRpcInvocationHandler.java:74)
	at com.vaadin.flow.server.communication.ServerRpcHandler.handleInvocationData(ServerRpcHandler.java:466)
	at com.vaadin.flow.server.communication.ServerRpcHandler.lambda$handleInvocations$4(ServerRpcHandler.java:447)
	at java.base/java.util.ArrayList.forEach(ArrayList.java:1596)
	at com.vaadin.flow.server.communication.ServerRpcHandler.handleInvocations(ServerRpcHandler.java:447)
	at com.vaadin.flow.server.communication.ServerRpcHandler.handleRpc(ServerRpcHandler.java:324)
	at com.vaadin.flow.server.communication.UidlRequestHandler.synchronizedHandleRequest(UidlRequestHandler.java:114)
	at com.vaadin.flow.server.SynchronizedRequestHandler.handleRequest(SynchronizedRequestHandler.java:40)
	at com.vaadin.flow.server.VaadinService.handleRequest(VaadinService.java:1573)
	at com.vaadin.flow.server.VaadinServlet.service(VaadinServlet.java:398)
	at com.vaadin.flow.spring.SpringServlet.service(SpringServlet.java:106)
	at jakarta.servlet.http.HttpServlet.service(HttpServlet.java:658)
	at org.apache.catalina.core.ApplicationFilterChain.internalDoFilter(ApplicationFilterChain.java:205)
	at org.apache.catalina.core.ApplicationFilterChain.doFilter(ApplicationFilterChain.java:149)
	at org.apache.catalina.core.ApplicationDispatcher.invoke(ApplicationDispatcher.java:642)
	at org.apache.catalina.core.ApplicationDispatcher.processRequest(ApplicationDispatcher.java:408)
	at org.apache.catalina.core.ApplicationDispatcher.doForward(ApplicationDispatcher.java:313)
	at org.apache.catalina.core.ApplicationDispatcher.forward(ApplicationDispatcher.java:277)
	at org.springframework.web.servlet.mvc.ServletForwardingController.handleRequestInternal(ServletForwardingController.java:141)
	at org.springframework.web.servlet.mvc.AbstractController.handleRequest(AbstractController.java:178)
	at org.springframework.web.servlet.mvc.SimpleControllerHandlerAdapter.handle(SimpleControllerHandlerAdapter.java:51)
	at org.springframework.web.servlet.DispatcherServlet.doDispatch(DispatcherServlet.java:1089)
	at org.springframework.web.servlet.DispatcherServlet.doService(DispatcherServlet.java:979)
	at org.springframework.web.servlet.FrameworkServlet.processRequest(FrameworkServlet.java:1014)
	at org.springframework.web.servlet.FrameworkServlet.doPost(FrameworkServlet.java:914)
	at jakarta.servlet.http.HttpServlet.service(HttpServlet.java:590)
	at org.springframework.web.servlet.FrameworkServlet.service(FrameworkServlet.java:885)
	at jakarta.servlet.http.HttpServlet.service(HttpServlet.java:658)
	at org.apache.catalina.core.ApplicationFilterChain.internalDoFilter(ApplicationFilterChain.java:205)
	at org.apache.catalina.core.ApplicationFilterChain.doFilter(ApplicationFilterChain.java:149)
	at org.apache.tomcat.websocket.server.WsFilter.doFilter(WsFilter.java:51)
	at org.apache.catalina.core.ApplicationFilterChain.internalDoFilter(ApplicationFilterChain.java:174)
	at org.apache.catalina.core.ApplicationFilterChain.doFilter(ApplicationFilterChain.java:149)
	at org.springframework.web.filter.RequestContextFilter.doFilterInternal(RequestContextFilter.java:100)
	at org.springframework.web.filter.OncePerRequestFilter.doFilter(OncePerRequestFilter.java:116)
	at org.apache.catalina.core.ApplicationFilterChain.internalDoFilter(ApplicationFilterChain.java:174)
	at org.apache.catalina.core.ApplicationFilterChain.doFilter(ApplicationFilterChain.java:149)
	at org.springframework.web.filter.FormContentFilter.doFilterInternal(FormContentFilter.java:93)
	at org.springframework.web.filter.OncePerRequestFilter.doFilter(OncePerRequestFilter.java:116)
	at org.apache.catalina.core.ApplicationFilterChain.internalDoFilter(ApplicationFilterChain.java:174)
	at org.apache.catalina.core.ApplicationFilterChain.doFilter(ApplicationFilterChain.java:149)
	at org.springframework.web.filter.CharacterEncodingFilter.doFilterInternal(CharacterEncodingFilter.java:201)
	at org.springframework.web.filter.OncePerRequestFilter.doFilter(OncePerRequestFilter.java:116)
	at org.apache.catalina.core.ApplicationFilterChain.internalDoFilter(ApplicationFilterChain.java:174)
	at org.apache.catalina.core.ApplicationFilterChain.doFilter(ApplicationFilterChain.java:149)
	at org.apache.catalina.core.StandardWrapperValve.invoke(StandardWrapperValve.java:167)
	at org.apache.catalina.core.StandardContextValve.invoke(StandardContextValve.java:90)
	at org.apache.catalina.authenticator.AuthenticatorBase.invoke(AuthenticatorBase.java:482)
	at org.apache.catalina.core.StandardHostValve.invoke(StandardHostValve.java:115)
	at org.apache.catalina.valves.ErrorReportValve.invoke(ErrorReportValve.java:93)
	at org.apache.catalina.core.StandardEngineValve.invoke(StandardEngineValve.java:74)
	at org.apache.catalina.connector.CoyoteAdapter.service(CoyoteAdapter.java:340)
	at org.apache.coyote.http11.Http11Processor.service(Http11Processor.java:391)
	at org.apache.coyote.AbstractProcessorLight.process(AbstractProcessorLight.java:63)
	at org.apache.coyote.AbstractProtocol$ConnectionHandler.process(AbstractProtocol.java:896)
	at org.apache.tomcat.util.net.NioEndpoint$SocketProcessor.doRun(NioEndpoint.java:1744)
	at org.apache.tomcat.util.net.SocketProcessorBase.run(SocketProcessorBase.java:52)
	at org.apache.tomcat.util.threads.ThreadPoolExecutor.runWorker(ThreadPoolExecutor.java:1191)
	at org.apache.tomcat.util.threads.ThreadPoolExecutor$Worker.run(ThreadPoolExecutor.java:659)
	at org.apache.tomcat.util.threads.TaskThread$WrappingRunnable.run(TaskThread.java:61)
	at java.base/java.lang.Thread.run(Thread.java:1583)
Caused by: org.springframework.beans.BeanInstantiationException: Failed to instantiate [com.facturacion.ui.views.FacturacionView]: Constructor threw exception
	at org.springframework.beans.BeanUtils.instantiateClass(BeanUtils.java:223)
	at org.springframework.beans.factory.support.SimpleInstantiationStrategy.instantiate(SimpleInstantiationStrategy.java:111)
	at org.springframework.beans.factory.support.ConstructorResolver.instantiate(ConstructorResolver.java:319)
	... 85 common frames omitted
Caused by: com.zaxxer.hikari.pool.HikariPool$PoolInitializationException: Failed to initialize pool: FATAL: la autentificaci?n password fall? para el usuario ?postgres?
	at com.zaxxer.hikari.pool.HikariPool.throwPoolInitializationException(HikariPool.java:584)
	at com.zaxxer.hikari.pool.HikariPool.checkFailFast(HikariPool.java:571)
	at com.zaxxer.hikari.pool.HikariPool.<init>(HikariPool.java:98)
	at com.zaxxer.hikari.HikariDataSource.<init>(HikariDataSource.java:80)
	at com.facturacion.config.DatabaseConnection.<init>(DatabaseConnection.java:42)
	at com.facturacion.config.DatabaseConnection.getInstance(DatabaseConnection.java:48)
	at com.facturacion.dao.ClienteDAO.listarTodos(ClienteDAO.java:125)
	at com.facturacion.service.FacturacionService.listarClientes(FacturacionService.java:120)
	at com.facturacion.ui.views.FacturacionView.panelCliente(FacturacionView.java:85)
	at com.facturacion.ui.views.FacturacionView.crearContenido(FacturacionView.java:67)
	at com.facturacion.ui.views.FacturacionView.<init>(FacturacionView.java:48)
	at java.base/jdk.internal.reflect.DirectConstructorHandleAccessor.newInstance(DirectConstructorHandleAccessor.java:62)
	at java.base/java.lang.reflect.Constructor.newInstanceWithCaller(Constructor.java:502)
	at java.base/java.lang.reflect.Constructor.newInstance(Constructor.java:486)
	at org.springframework.beans.BeanUtils.instantiateClass(BeanUtils.java:197)
	... 87 common frames omitted
Caused by: org.postgresql.util.PSQLException: FATAL: la autentificaci?n password fall? para el usuario ?postgres?
	at org.postgresql.core.v3.ConnectionFactoryImpl.doAuthentication(ConnectionFactoryImpl.java:693)
	at org.postgresql.core.v3.ConnectionFactoryImpl.tryConnect(ConnectionFactoryImpl.java:203)
	at org.postgresql.core.v3.ConnectionFactoryImpl.openConnectionImpl(ConnectionFactoryImpl.java:258)
	at org.postgresql.core.ConnectionFactory.openConnection(ConnectionFactory.java:54)
	at org.postgresql.jdbc.PgConnection.<init>(PgConnection.java:263)
	at org.postgresql.Driver.makeConnection(Driver.java:444)
	at org.postgresql.Driver.connect(Driver.java:297)
	at com.zaxxer.hikari.util.DriverDataSource.getConnection(DriverDataSource.java:137)
	at com.zaxxer.hikari.pool.PoolBase.newConnection(PoolBase.java:360)
	at com.zaxxer.hikari.pool.PoolBase.newPoolEntry(PoolBase.java:202)
	at com.zaxxer.hikari.pool.HikariPool.createPoolEntry(HikariPool.java:461)
	at com.zaxxer.hikari.pool.HikariPool.checkFailFast(HikariPool.java:550)
	... 100 common frames omitted
2026-04-20 20:34:36 [http-nio-8080-exec-2] ERROR c.v.flow.router.InternalServerError - There was an exception while trying to navigate to ''
org.springframework.beans.factory.BeanCreationException: Error creating bean with name 'com.facturacion.ui.views.FacturacionView': Failed to instantiate [com.facturacion.ui.views.FacturacionView]: Constructor threw exception
	at org.springframework.beans.factory.support.ConstructorResolver.instantiate(ConstructorResolver.java:322)
	at org.springframework.beans.factory.support.ConstructorResolver.autowireConstructor(ConstructorResolver.java:190)
	at org.springframework.beans.factory.support.AbstractAutowireCapableBeanFactory.autowireConstructor(AbstractAutowireCapableBeanFactory.java:1356)
	at org.springframework.beans.factory.support.AbstractAutowireCapableBeanFactory.createBeanInstance(AbstractAutowireCapableBeanFactory.java:1199)
	at org.springframework.beans.factory.support.AbstractAutowireCapableBeanFactory.doCreateBean(AbstractAutowireCapableBeanFactory.java:563)
	at org.springframework.beans.factory.support.AbstractAutowireCapableBeanFactory.createBean(AbstractAutowireCapableBeanFactory.java:523)
	at org.springframework.beans.factory.support.AbstractAutowireCapableBeanFactory.createBean(AbstractAutowireCapableBeanFactory.java:320)
	at com.vaadin.flow.spring.SpringInstantiator.getOrCreate(SpringInstantiator.java:126)
	at com.vaadin.flow.di.Instantiator.createRouteTarget(Instantiator.java:136)
	at com.vaadin.flow.router.internal.AbstractNavigationStateRenderer.lambda$getRouteTarget$1(AbstractNavigationStateRenderer.java:132)
	at java.base/java.util.Optional.orElseGet(Optional.java:364)
	at com.vaadin.flow.router.internal.AbstractNavigationStateRenderer.getRouteTarget(AbstractNavigationStateRenderer.java:131)
	at com.vaadin.flow.router.internal.AbstractNavigationStateRenderer.sendBeforeEnterEventAndPopulateChain(AbstractNavigationStateRenderer.java:480)
	at com.vaadin.flow.router.internal.AbstractNavigationStateRenderer.createChainIfEmptyAndExecuteBeforeEnterNavigation(AbstractNavigationStateRenderer.java:461)
	at com.vaadin.flow.router.internal.AbstractNavigationStateRenderer.handle(AbstractNavigationStateRenderer.java:211)
	at com.vaadin.flow.component.internal.JavaScriptNavigationStateRenderer.handle(JavaScriptNavigationStateRenderer.java:78)
	at com.vaadin.flow.component.UI.handleNavigation(UI.java:1853)
	at com.vaadin.flow.component.UI.renderViewForRoute(UI.java:1816)
	at com.vaadin.flow.component.UI.connectClient(UI.java:1729)
	at java.base/jdk.internal.reflect.DirectMethodHandleAccessor.invoke(DirectMethodHandleAccessor.java:103)
	at java.base/java.lang.reflect.Method.invoke(Method.java:580)
	at com.vaadin.flow.server.communication.rpc.PublishedServerEventHandlerRpcHandler.invokeMethod(PublishedServerEventHandlerRpcHandler.java:227)
	at com.vaadin.flow.server.communication.rpc.PublishedServerEventHandlerRpcHandler.invokeMethod(PublishedServerEventHandlerRpcHandler.java:204)
	at com.vaadin.flow.server.communication.rpc.PublishedServerEventHandlerRpcHandler.invokeMethod(PublishedServerEventHandlerRpcHandler.java:150)
	at com.vaadin.flow.server.communication.rpc.PublishedServerEventHandlerRpcHandler.handleNode(PublishedServerEventHandlerRpcHandler.java:133)
	at com.vaadin.flow.server.communication.rpc.AbstractRpcInvocationHandler.handle(AbstractRpcInvocationHandler.java:74)
	at com.vaadin.flow.server.communication.ServerRpcHandler.handleInvocationData(ServerRpcHandler.java:466)
	at com.vaadin.flow.server.communication.ServerRpcHandler.lambda$handleInvocations$4(ServerRpcHandler.java:447)
	at java.base/java.util.ArrayList.forEach(ArrayList.java:1596)
	at com.vaadin.flow.server.communication.ServerRpcHandler.handleInvocations(ServerRpcHandler.java:447)
	at com.vaadin.flow.server.communication.ServerRpcHandler.handleRpc(ServerRpcHandler.java:324)
	at com.vaadin.flow.server.communication.UidlRequestHandler.synchronizedHandleRequest(UidlRequestHandler.java:114)
	at com.vaadin.flow.server.SynchronizedRequestHandler.handleRequest(SynchronizedRequestHandler.java:40)
	at com.vaadin.flow.server.VaadinService.handleRequest(VaadinService.java:1573)
	at com.vaadin.flow.server.VaadinServlet.service(VaadinServlet.java:398)
	at com.vaadin.flow.spring.SpringServlet.service(SpringServlet.java:106)
	at jakarta.servlet.http.HttpServlet.service(HttpServlet.java:658)
	at org.apache.catalina.core.ApplicationFilterChain.internalDoFilter(ApplicationFilterChain.java:205)
	at org.apache.catalina.core.ApplicationFilterChain.doFilter(ApplicationFilterChain.java:149)
	at org.apache.catalina.core.ApplicationDispatcher.invoke(ApplicationDispatcher.java:642)
	at org.apache.catalina.core.ApplicationDispatcher.processRequest(ApplicationDispatcher.java:408)
	at org.apache.catalina.core.ApplicationDispatcher.doForward(ApplicationDispatcher.java:313)
	at org.apache.catalina.core.ApplicationDispatcher.forward(ApplicationDispatcher.java:277)
	at org.springframework.web.servlet.mvc.ServletForwardingController.handleRequestInternal(ServletForwardingController.java:141)
	at org.springframework.web.servlet.mvc.AbstractController.handleRequest(AbstractController.java:178)
	at org.springframework.web.servlet.mvc.SimpleControllerHandlerAdapter.handle(SimpleControllerHandlerAdapter.java:51)
	at org.springframework.web.servlet.DispatcherServlet.doDispatch(DispatcherServlet.java:1089)
	at org.springframework.web.servlet.DispatcherServlet.doService(DispatcherServlet.java:979)
	at org.springframework.web.servlet.FrameworkServlet.processRequest(FrameworkServlet.java:1014)
	at org.springframework.web.servlet.FrameworkServlet.doPost(FrameworkServlet.java:914)
	at jakarta.servlet.http.HttpServlet.service(HttpServlet.java:590)
	at org.springframework.web.servlet.FrameworkServlet.service(FrameworkServlet.java:885)
	at jakarta.servlet.http.HttpServlet.service(HttpServlet.java:658)
	at org.apache.catalina.core.ApplicationFilterChain.internalDoFilter(ApplicationFilterChain.java:205)
	at org.apache.catalina.core.ApplicationFilterChain.doFilter(ApplicationFilterChain.java:149)
	at org.apache.tomcat.websocket.server.WsFilter.doFilter(WsFilter.java:51)
	at org.apache.catalina.core.ApplicationFilterChain.internalDoFilter(ApplicationFilterChain.java:174)
	at org.apache.catalina.core.ApplicationFilterChain.doFilter(ApplicationFilterChain.java:149)
	at org.springframework.web.filter.RequestContextFilter.doFilterInternal(RequestContextFilter.java:100)
	at org.springframework.web.filter.OncePerRequestFilter.doFilter(OncePerRequestFilter.java:116)
	at org.apache.catalina.core.ApplicationFilterChain.internalDoFilter(ApplicationFilterChain.java:174)
	at org.apache.catalina.core.ApplicationFilterChain.doFilter(ApplicationFilterChain.java:149)
	at org.springframework.web.filter.FormContentFilter.doFilterInternal(FormContentFilter.java:93)
	at org.springframework.web.filter.OncePerRequestFilter.doFilter(OncePerRequestFilter.java:116)
	at org.apache.catalina.core.ApplicationFilterChain.internalDoFilter(ApplicationFilterChain.java:174)
	at org.apache.catalina.core.ApplicationFilterChain.doFilter(ApplicationFilterChain.java:149)
	at org.springframework.web.filter.CharacterEncodingFilter.doFilterInternal(CharacterEncodingFilter.java:201)
	at org.springframework.web.filter.OncePerRequestFilter.doFilter(OncePerRequestFilter.java:116)
	at org.apache.catalina.core.ApplicationFilterChain.internalDoFilter(ApplicationFilterChain.java:174)
	at org.apache.catalina.core.ApplicationFilterChain.doFilter(ApplicationFilterChain.java:149)
	at org.apache.catalina.core.StandardWrapperValve.invoke(StandardWrapperValve.java:167)
	at org.apache.catalina.core.StandardContextValve.invoke(StandardContextValve.java:90)
	at org.apache.catalina.authenticator.AuthenticatorBase.invoke(AuthenticatorBase.java:482)
	at org.apache.catalina.core.StandardHostValve.invoke(StandardHostValve.java:115)
	at org.apache.catalina.valves.ErrorReportValve.invoke(ErrorReportValve.java:93)
	at org.apache.catalina.core.StandardEngineValve.invoke(StandardEngineValve.java:74)
	at org.apache.catalina.connector.CoyoteAdapter.service(CoyoteAdapter.java:340)
	at org.apache.coyote.http11.Http11Processor.service(Http11Processor.java:391)
	at org.apache.coyote.AbstractProcessorLight.process(AbstractProcessorLight.java:63)
	at org.apache.coyote.AbstractProtocol$ConnectionHandler.process(AbstractProtocol.java:896)
	at org.apache.tomcat.util.net.NioEndpoint$SocketProcessor.doRun(NioEndpoint.java:1744)
	at org.apache.tomcat.util.net.SocketProcessorBase.run(SocketProcessorBase.java:52)
	at org.apache.tomcat.util.threads.ThreadPoolExecutor.runWorker(ThreadPoolExecutor.java:1191)
	at org.apache.tomcat.util.threads.ThreadPoolExecutor$Worker.run(ThreadPoolExecutor.java:659)
	at org.apache.tomcat.util.threads.TaskThread$WrappingRunnable.run(TaskThread.java:61)
	at java.base/java.lang.Thread.run(Thread.java:1583)
Caused by: org.springframework.beans.BeanInstantiationException: Failed to instantiate [com.facturacion.ui.views.FacturacionView]: Constructor threw exception
	at org.springframework.beans.BeanUtils.instantiateClass(BeanUtils.java:223)
	at org.springframework.beans.factory.support.SimpleInstantiationStrategy.instantiate(SimpleInstantiationStrategy.java:111)
	at org.springframework.beans.factory.support.ConstructorResolver.instantiate(ConstructorResolver.java:319)
	... 85 common frames omitted
Caused by: com.zaxxer.hikari.pool.HikariPool$PoolInitializationException: Failed to initialize pool: FATAL: no existe la base de datos ?facturacion_db?
	at com.zaxxer.hikari.pool.HikariPool.throwPoolInitializationException(HikariPool.java:584)
	at com.zaxxer.hikari.pool.HikariPool.checkFailFast(HikariPool.java:571)
	at com.zaxxer.hikari.pool.HikariPool.<init>(HikariPool.java:98)
	at com.zaxxer.hikari.HikariDataSource.<init>(HikariDataSource.java:80)
	at com.facturacion.config.DatabaseConnection.<init>(DatabaseConnection.java:42)
	at com.facturacion.config.DatabaseConnection.getInstance(DatabaseConnection.java:48)
	at com.facturacion.dao.ClienteDAO.listarTodos(ClienteDAO.java:125)
	at com.facturacion.service.FacturacionService.listarClientes(FacturacionService.java:120)
	at com.facturacion.ui.views.FacturacionView.panelCliente(FacturacionView.java:85)
	at com.facturacion.ui.views.FacturacionView.crearContenido(FacturacionView.java:67)
	at com.facturacion.ui.views.FacturacionView.<init>(FacturacionView.java:48)
	at java.base/jdk.internal.reflect.DirectConstructorHandleAccessor.newInstance(DirectConstructorHandleAccessor.java:62)
	at java.base/java.lang.reflect.Constructor.newInstanceWithCaller(Constructor.java:502)
	at java.base/java.lang.reflect.Constructor.newInstance(Constructor.java:486)
	at org.springframework.beans.BeanUtils.instantiateClass(BeanUtils.java:197)
	... 87 common frames omitted
Caused by: org.postgresql.util.PSQLException: FATAL: no existe la base de datos ?facturacion_db?
	at org.postgresql.core.v3.QueryExecutorImpl.receiveErrorResponse(QueryExecutorImpl.java:2712)
	at org.postgresql.core.v3.QueryExecutorImpl.readStartupMessages(QueryExecutorImpl.java:2824)
	at org.postgresql.core.v3.QueryExecutorImpl.<init>(QueryExecutorImpl.java:174)
	at org.postgresql.core.v3.ConnectionFactoryImpl.openConnectionImpl(ConnectionFactoryImpl.java:313)
	at org.postgresql.core.ConnectionFactory.openConnection(ConnectionFactory.java:54)
	at org.postgresql.jdbc.PgConnection.<init>(PgConnection.java:263)
	at org.postgresql.Driver.makeConnection(Driver.java:444)
	at org.postgresql.Driver.connect(Driver.java:297)
	at com.zaxxer.hikari.util.DriverDataSource.getConnection(DriverDataSource.java:137)
	at com.zaxxer.hikari.pool.PoolBase.newConnection(PoolBase.java:360)
	at com.zaxxer.hikari.pool.PoolBase.newPoolEntry(PoolBase.java:202)
	at com.zaxxer.hikari.pool.HikariPool.createPoolEntry(HikariPool.java:461)
	at com.zaxxer.hikari.pool.HikariPool.checkFailFast(HikariPool.java:550)
	... 100 common frames omitted
2026-04-20 20:41:38 [http-nio-8080-exec-2] ERROR c.v.flow.router.InternalServerError - There was an exception while trying to navigate to ''
org.springframework.beans.factory.BeanCreationException: Error creating bean with name 'com.facturacion.ui.views.FacturacionView': Failed to instantiate [com.facturacion.ui.views.FacturacionView]: Constructor threw exception
	at org.springframework.beans.factory.support.ConstructorResolver.instantiate(ConstructorResolver.java:322)
	at org.springframework.beans.factory.support.ConstructorResolver.autowireConstructor(ConstructorResolver.java:190)
	at org.springframework.beans.factory.support.AbstractAutowireCapableBeanFactory.autowireConstructor(AbstractAutowireCapableBeanFactory.java:1356)
	at org.springframework.beans.factory.support.AbstractAutowireCapableBeanFactory.createBeanInstance(AbstractAutowireCapableBeanFactory.java:1199)
	at org.springframework.beans.factory.support.AbstractAutowireCapableBeanFactory.doCreateBean(AbstractAutowireCapableBeanFactory.java:563)
	at org.springframework.beans.factory.support.AbstractAutowireCapableBeanFactory.createBean(AbstractAutowireCapableBeanFactory.java:523)
	at org.springframework.beans.factory.support.AbstractAutowireCapableBeanFactory.createBean(AbstractAutowireCapableBeanFactory.java:320)
	at com.vaadin.flow.spring.SpringInstantiator.getOrCreate(SpringInstantiator.java:126)
	at com.vaadin.flow.di.Instantiator.createRouteTarget(Instantiator.java:136)
	at com.vaadin.flow.router.internal.AbstractNavigationStateRenderer.lambda$getRouteTarget$1(AbstractNavigationStateRenderer.java:132)
	at java.base/java.util.Optional.orElseGet(Optional.java:364)
	at com.vaadin.flow.router.internal.AbstractNavigationStateRenderer.getRouteTarget(AbstractNavigationStateRenderer.java:131)
	at com.vaadin.flow.router.internal.AbstractNavigationStateRenderer.sendBeforeEnterEventAndPopulateChain(AbstractNavigationStateRenderer.java:480)
	at com.vaadin.flow.router.internal.AbstractNavigationStateRenderer.createChainIfEmptyAndExecuteBeforeEnterNavigation(AbstractNavigationStateRenderer.java:461)
	at com.vaadin.flow.router.internal.AbstractNavigationStateRenderer.handle(AbstractNavigationStateRenderer.java:211)
	at com.vaadin.flow.component.internal.JavaScriptNavigationStateRenderer.handle(JavaScriptNavigationStateRenderer.java:78)
	at com.vaadin.flow.component.UI.handleNavigation(UI.java:1853)
	at com.vaadin.flow.component.UI.renderViewForRoute(UI.java:1816)
	at com.vaadin.flow.component.UI.connectClient(UI.java:1729)
	at java.base/jdk.internal.reflect.DirectMethodHandleAccessor.invoke(DirectMethodHandleAccessor.java:103)
	at java.base/java.lang.reflect.Method.invoke(Method.java:580)
	at com.vaadin.flow.server.communication.rpc.PublishedServerEventHandlerRpcHandler.invokeMethod(PublishedServerEventHandlerRpcHandler.java:227)
	at com.vaadin.flow.server.communication.rpc.PublishedServerEventHandlerRpcHandler.invokeMethod(PublishedServerEventHandlerRpcHandler.java:204)
	at com.vaadin.flow.server.communication.rpc.PublishedServerEventHandlerRpcHandler.invokeMethod(PublishedServerEventHandlerRpcHandler.java:150)
	at com.vaadin.flow.server.communication.rpc.PublishedServerEventHandlerRpcHandler.handleNode(PublishedServerEventHandlerRpcHandler.java:133)
	at com.vaadin.flow.server.communication.rpc.AbstractRpcInvocationHandler.handle(AbstractRpcInvocationHandler.java:74)
	at com.vaadin.flow.server.communication.ServerRpcHandler.handleInvocationData(ServerRpcHandler.java:466)
	at com.vaadin.flow.server.communication.ServerRpcHandler.lambda$handleInvocations$4(ServerRpcHandler.java:447)
	at java.base/java.util.ArrayList.forEach(ArrayList.java:1596)
	at com.vaadin.flow.server.communication.ServerRpcHandler.handleInvocations(ServerRpcHandler.java:447)
	at com.vaadin.flow.server.communication.ServerRpcHandler.handleRpc(ServerRpcHandler.java:324)
	at com.vaadin.flow.server.communication.UidlRequestHandler.synchronizedHandleRequest(UidlRequestHandler.java:114)
	at com.vaadin.flow.server.SynchronizedRequestHandler.handleRequest(SynchronizedRequestHandler.java:40)
	at com.vaadin.flow.server.VaadinService.handleRequest(VaadinService.java:1573)
	at com.vaadin.flow.server.VaadinServlet.service(VaadinServlet.java:398)
	at com.vaadin.flow.spring.SpringServlet.service(SpringServlet.java:106)
	at jakarta.servlet.http.HttpServlet.service(HttpServlet.java:658)
	at org.apache.catalina.core.ApplicationFilterChain.internalDoFilter(ApplicationFilterChain.java:205)
	at org.apache.catalina.core.ApplicationFilterChain.doFilter(ApplicationFilterChain.java:149)
	at org.apache.catalina.core.ApplicationDispatcher.invoke(ApplicationDispatcher.java:642)
	at org.apache.catalina.core.ApplicationDispatcher.processRequest(ApplicationDispatcher.java:408)
	at org.apache.catalina.core.ApplicationDispatcher.doForward(ApplicationDispatcher.java:313)
	at org.apache.catalina.core.ApplicationDispatcher.forward(ApplicationDispatcher.java:277)
	at org.springframework.web.servlet.mvc.ServletForwardingController.handleRequestInternal(ServletForwardingController.java:141)
	at org.springframework.web.servlet.mvc.AbstractController.handleRequest(AbstractController.java:178)
	at org.springframework.web.servlet.mvc.SimpleControllerHandlerAdapter.handle(SimpleControllerHandlerAdapter.java:51)
	at org.springframework.web.servlet.DispatcherServlet.doDispatch(DispatcherServlet.java:1089)
	at org.springframework.web.servlet.DispatcherServlet.doService(DispatcherServlet.java:979)
	at org.springframework.web.servlet.FrameworkServlet.processRequest(FrameworkServlet.java:1014)
	at org.springframework.web.servlet.FrameworkServlet.doPost(FrameworkServlet.java:914)
	at jakarta.servlet.http.HttpServlet.service(HttpServlet.java:590)
	at org.springframework.web.servlet.FrameworkServlet.service(FrameworkServlet.java:885)
	at jakarta.servlet.http.HttpServlet.service(HttpServlet.java:658)
	at org.apache.catalina.core.ApplicationFilterChain.internalDoFilter(ApplicationFilterChain.java:205)
	at org.apache.catalina.core.ApplicationFilterChain.doFilter(ApplicationFilterChain.java:149)
	at org.apache.tomcat.websocket.server.WsFilter.doFilter(WsFilter.java:51)
	at org.apache.catalina.core.ApplicationFilterChain.internalDoFilter(ApplicationFilterChain.java:174)
	at org.apache.catalina.core.ApplicationFilterChain.doFilter(ApplicationFilterChain.java:149)
	at org.springframework.web.filter.RequestContextFilter.doFilterInternal(RequestContextFilter.java:100)
	at org.springframework.web.filter.OncePerRequestFilter.doFilter(OncePerRequestFilter.java:116)
	at org.apache.catalina.core.ApplicationFilterChain.internalDoFilter(ApplicationFilterChain.java:174)
	at org.apache.catalina.core.ApplicationFilterChain.doFilter(ApplicationFilterChain.java:149)
	at org.springframework.web.filter.FormContentFilter.doFilterInternal(FormContentFilter.java:93)
	at org.springframework.web.filter.OncePerRequestFilter.doFilter(OncePerRequestFilter.java:116)
	at org.apache.catalina.core.ApplicationFilterChain.internalDoFilter(ApplicationFilterChain.java:174)
	at org.apache.catalina.core.ApplicationFilterChain.doFilter(ApplicationFilterChain.java:149)
	at org.springframework.web.filter.CharacterEncodingFilter.doFilterInternal(CharacterEncodingFilter.java:201)
	at org.springframework.web.filter.OncePerRequestFilter.doFilter(OncePerRequestFilter.java:116)
	at org.apache.catalina.core.ApplicationFilterChain.internalDoFilter(ApplicationFilterChain.java:174)
	at org.apache.catalina.core.ApplicationFilterChain.doFilter(ApplicationFilterChain.java:149)
	at org.apache.catalina.core.StandardWrapperValve.invoke(StandardWrapperValve.java:167)
	at org.apache.catalina.core.StandardContextValve.invoke(StandardContextValve.java:90)
	at org.apache.catalina.authenticator.AuthenticatorBase.invoke(AuthenticatorBase.java:482)
	at org.apache.catalina.core.StandardHostValve.invoke(StandardHostValve.java:115)
	at org.apache.catalina.valves.ErrorReportValve.invoke(ErrorReportValve.java:93)
	at org.apache.catalina.core.StandardEngineValve.invoke(StandardEngineValve.java:74)
	at org.apache.catalina.connector.CoyoteAdapter.service(CoyoteAdapter.java:340)
	at org.apache.coyote.http11.Http11Processor.service(Http11Processor.java:391)
	at org.apache.coyote.AbstractProcessorLight.process(AbstractProcessorLight.java:63)
	at org.apache.coyote.AbstractProtocol$ConnectionHandler.process(AbstractProtocol.java:896)
	at org.apache.tomcat.util.net.NioEndpoint$SocketProcessor.doRun(NioEndpoint.java:1744)
	at org.apache.tomcat.util.net.SocketProcessorBase.run(SocketProcessorBase.java:52)
	at org.apache.tomcat.util.threads.ThreadPoolExecutor.runWorker(ThreadPoolExecutor.java:1191)
	at org.apache.tomcat.util.threads.ThreadPoolExecutor$Worker.run(ThreadPoolExecutor.java:659)
	at org.apache.tomcat.util.threads.TaskThread$WrappingRunnable.run(TaskThread.java:61)
	at java.base/java.lang.Thread.run(Thread.java:1583)
Caused by: org.springframework.beans.BeanInstantiationException: Failed to instantiate [com.facturacion.ui.views.FacturacionView]: Constructor threw exception
	at org.springframework.beans.BeanUtils.instantiateClass(BeanUtils.java:223)
	at org.springframework.beans.factory.support.SimpleInstantiationStrategy.instantiate(SimpleInstantiationStrategy.java:111)
	at org.springframework.beans.factory.support.ConstructorResolver.instantiate(ConstructorResolver.java:319)
	... 85 common frames omitted
Caused by: com.zaxxer.hikari.pool.HikariPool$PoolInitializationException: Failed to initialize pool: FATAL: no existe la base de datos ?facturacion_db?
	at com.zaxxer.hikari.pool.HikariPool.throwPoolInitializationException(HikariPool.java:584)
	at com.zaxxer.hikari.pool.HikariPool.checkFailFast(HikariPool.java:571)
	at com.zaxxer.hikari.pool.HikariPool.<init>(HikariPool.java:98)
	at com.zaxxer.hikari.HikariDataSource.<init>(HikariDataSource.java:80)
	at com.facturacion.config.DatabaseConnection.<init>(DatabaseConnection.java:42)
	at com.facturacion.config.DatabaseConnection.getInstance(DatabaseConnection.java:48)
	at com.facturacion.dao.ClienteDAO.listarTodos(ClienteDAO.java:125)
	at com.facturacion.service.FacturacionService.listarClientes(FacturacionService.java:120)
	at com.facturacion.ui.views.FacturacionView.panelCliente(FacturacionView.java:85)
	at com.facturacion.ui.views.FacturacionView.crearContenido(FacturacionView.java:67)
	at com.facturacion.ui.views.FacturacionView.<init>(FacturacionView.java:48)
	at java.base/jdk.internal.reflect.DirectConstructorHandleAccessor.newInstance(DirectConstructorHandleAccessor.java:62)
	at java.base/java.lang.reflect.Constructor.newInstanceWithCaller(Constructor.java:502)
	at java.base/java.lang.reflect.Constructor.newInstance(Constructor.java:486)
	at org.springframework.beans.BeanUtils.instantiateClass(BeanUtils.java:197)
	... 87 common frames omitted
Caused by: org.postgresql.util.PSQLException: FATAL: no existe la base de datos ?facturacion_db?
	at org.postgresql.core.v3.QueryExecutorImpl.receiveErrorResponse(QueryExecutorImpl.java:2712)
	at org.postgresql.core.v3.QueryExecutorImpl.readStartupMessages(QueryExecutorImpl.java:2824)
	at org.postgresql.core.v3.QueryExecutorImpl.<init>(QueryExecutorImpl.java:174)
	at org.postgresql.core.v3.ConnectionFactoryImpl.openConnectionImpl(ConnectionFactoryImpl.java:313)
	at org.postgresql.core.ConnectionFactory.openConnection(ConnectionFactory.java:54)
	at org.postgresql.jdbc.PgConnection.<init>(PgConnection.java:263)
	at org.postgresql.Driver.makeConnection(Driver.java:444)
	at org.postgresql.Driver.connect(Driver.java:297)
	at com.zaxxer.hikari.util.DriverDataSource.getConnection(DriverDataSource.java:137)
	at com.zaxxer.hikari.pool.PoolBase.newConnection(PoolBase.java:360)
	at com.zaxxer.hikari.pool.PoolBase.newPoolEntry(PoolBase.java:202)
	at com.zaxxer.hikari.pool.HikariPool.createPoolEntry(HikariPool.java:461)
	at com.zaxxer.hikari.pool.HikariPool.checkFailFast(HikariPool.java:550)
	... 100 common frames omitted
2026-04-20 20:52:57 [http-nio-8080-exec-2] ERROR c.v.flow.router.InternalServerError - There was an exception while trying to navigate to ''
org.springframework.beans.factory.BeanCreationException: Error creating bean with name 'com.facturacion.ui.views.FacturacionView': Failed to instantiate [com.facturacion.ui.views.FacturacionView]: Constructor threw exception
	at org.springframework.beans.factory.support.ConstructorResolver.instantiate(ConstructorResolver.java:322)
	at org.springframework.beans.factory.support.ConstructorResolver.autowireConstructor(ConstructorResolver.java:190)
	at org.springframework.beans.factory.support.AbstractAutowireCapableBeanFactory.autowireConstructor(AbstractAutowireCapableBeanFactory.java:1356)
	at org.springframework.beans.factory.support.AbstractAutowireCapableBeanFactory.createBeanInstance(AbstractAutowireCapableBeanFactory.java:1199)
	at org.springframework.beans.factory.support.AbstractAutowireCapableBeanFactory.doCreateBean(AbstractAutowireCapableBeanFactory.java:563)
	at org.springframework.beans.factory.support.AbstractAutowireCapableBeanFactory.createBean(AbstractAutowireCapableBeanFactory.java:523)
	at org.springframework.beans.factory.support.AbstractAutowireCapableBeanFactory.createBean(AbstractAutowireCapableBeanFactory.java:320)
	at com.vaadin.flow.spring.SpringInstantiator.getOrCreate(SpringInstantiator.java:126)
	at com.vaadin.flow.di.Instantiator.createRouteTarget(Instantiator.java:136)
	at com.vaadin.flow.router.internal.AbstractNavigationStateRenderer.lambda$getRouteTarget$1(AbstractNavigationStateRenderer.java:132)
	at java.base/java.util.Optional.orElseGet(Optional.java:364)
	at com.vaadin.flow.router.internal.AbstractNavigationStateRenderer.getRouteTarget(AbstractNavigationStateRenderer.java:131)
	at com.vaadin.flow.router.internal.AbstractNavigationStateRenderer.sendBeforeEnterEventAndPopulateChain(AbstractNavigationStateRenderer.java:480)
	at com.vaadin.flow.router.internal.AbstractNavigationStateRenderer.createChainIfEmptyAndExecuteBeforeEnterNavigation(AbstractNavigationStateRenderer.java:461)
	at com.vaadin.flow.router.internal.AbstractNavigationStateRenderer.handle(AbstractNavigationStateRenderer.java:211)
	at com.vaadin.flow.component.internal.JavaScriptNavigationStateRenderer.handle(JavaScriptNavigationStateRenderer.java:78)
	at com.vaadin.flow.component.UI.handleNavigation(UI.java:1853)
	at com.vaadin.flow.component.UI.renderViewForRoute(UI.java:1816)
	at com.vaadin.flow.component.UI.connectClient(UI.java:1729)
	at java.base/jdk.internal.reflect.DirectMethodHandleAccessor.invoke(DirectMethodHandleAccessor.java:103)
	at java.base/java.lang.reflect.Method.invoke(Method.java:580)
	at com.vaadin.flow.server.communication.rpc.PublishedServerEventHandlerRpcHandler.invokeMethod(PublishedServerEventHandlerRpcHandler.java:227)
	at com.vaadin.flow.server.communication.rpc.PublishedServerEventHandlerRpcHandler.invokeMethod(PublishedServerEventHandlerRpcHandler.java:204)
	at com.vaadin.flow.server.communication.rpc.PublishedServerEventHandlerRpcHandler.invokeMethod(PublishedServerEventHandlerRpcHandler.java:150)
	at com.vaadin.flow.server.communication.rpc.PublishedServerEventHandlerRpcHandler.handleNode(PublishedServerEventHandlerRpcHandler.java:133)
	at com.vaadin.flow.server.communication.rpc.AbstractRpcInvocationHandler.handle(AbstractRpcInvocationHandler.java:74)
	at com.vaadin.flow.server.communication.ServerRpcHandler.handleInvocationData(ServerRpcHandler.java:466)
	at com.vaadin.flow.server.communication.ServerRpcHandler.lambda$handleInvocations$4(ServerRpcHandler.java:447)
	at java.base/java.util.ArrayList.forEach(ArrayList.java:1596)
	at com.vaadin.flow.server.communication.ServerRpcHandler.handleInvocations(ServerRpcHandler.java:447)
	at com.vaadin.flow.server.communication.ServerRpcHandler.handleRpc(ServerRpcHandler.java:324)
	at com.vaadin.flow.server.communication.UidlRequestHandler.synchronizedHandleRequest(UidlRequestHandler.java:114)
	at com.vaadin.flow.server.SynchronizedRequestHandler.handleRequest(SynchronizedRequestHandler.java:40)
	at com.vaadin.flow.server.VaadinService.handleRequest(VaadinService.java:1573)
	at com.vaadin.flow.server.VaadinServlet.service(VaadinServlet.java:398)
	at com.vaadin.flow.spring.SpringServlet.service(SpringServlet.java:106)
	at jakarta.servlet.http.HttpServlet.service(HttpServlet.java:658)
	at org.apache.catalina.core.ApplicationFilterChain.internalDoFilter(ApplicationFilterChain.java:205)
	at org.apache.catalina.core.ApplicationFilterChain.doFilter(ApplicationFilterChain.java:149)
	at org.apache.catalina.core.ApplicationDispatcher.invoke(ApplicationDispatcher.java:642)
	at org.apache.catalina.core.ApplicationDispatcher.processRequest(ApplicationDispatcher.java:408)
	at org.apache.catalina.core.ApplicationDispatcher.doForward(ApplicationDispatcher.java:313)
	at org.apache.catalina.core.ApplicationDispatcher.forward(ApplicationDispatcher.java:277)
	at org.springframework.web.servlet.mvc.ServletForwardingController.handleRequestInternal(ServletForwardingController.java:141)
	at org.springframework.web.servlet.mvc.AbstractController.handleRequest(AbstractController.java:178)
	at org.springframework.web.servlet.mvc.SimpleControllerHandlerAdapter.handle(SimpleControllerHandlerAdapter.java:51)
	at org.springframework.web.servlet.DispatcherServlet.doDispatch(DispatcherServlet.java:1089)
	at org.springframework.web.servlet.DispatcherServlet.doService(DispatcherServlet.java:979)
	at org.springframework.web.servlet.FrameworkServlet.processRequest(FrameworkServlet.java:1014)
	at org.springframework.web.servlet.FrameworkServlet.doPost(FrameworkServlet.java:914)
	at jakarta.servlet.http.HttpServlet.service(HttpServlet.java:590)
	at org.springframework.web.servlet.FrameworkServlet.service(FrameworkServlet.java:885)
	at jakarta.servlet.http.HttpServlet.service(HttpServlet.java:658)
	at org.apache.catalina.core.ApplicationFilterChain.internalDoFilter(ApplicationFilterChain.java:205)
	at org.apache.catalina.core.ApplicationFilterChain.doFilter(ApplicationFilterChain.java:149)
	at org.apache.tomcat.websocket.server.WsFilter.doFilter(WsFilter.java:51)
	at org.apache.catalina.core.ApplicationFilterChain.internalDoFilter(ApplicationFilterChain.java:174)
	at org.apache.catalina.core.ApplicationFilterChain.doFilter(ApplicationFilterChain.java:149)
	at org.springframework.web.filter.RequestContextFilter.doFilterInternal(RequestContextFilter.java:100)
	at org.springframework.web.filter.OncePerRequestFilter.doFilter(OncePerRequestFilter.java:116)
	at org.apache.catalina.core.ApplicationFilterChain.internalDoFilter(ApplicationFilterChain.java:174)
	at org.apache.catalina.core.ApplicationFilterChain.doFilter(ApplicationFilterChain.java:149)
	at org.springframework.web.filter.FormContentFilter.doFilterInternal(FormContentFilter.java:93)
	at org.springframework.web.filter.OncePerRequestFilter.doFilter(OncePerRequestFilter.java:116)
	at org.apache.catalina.core.ApplicationFilterChain.internalDoFilter(ApplicationFilterChain.java:174)
	at org.apache.catalina.core.ApplicationFilterChain.doFilter(ApplicationFilterChain.java:149)
	at org.springframework.web.filter.CharacterEncodingFilter.doFilterInternal(CharacterEncodingFilter.java:201)
	at org.springframework.web.filter.OncePerRequestFilter.doFilter(OncePerRequestFilter.java:116)
	at org.apache.catalina.core.ApplicationFilterChain.internalDoFilter(ApplicationFilterChain.java:174)
	at org.apache.catalina.core.ApplicationFilterChain.doFilter(ApplicationFilterChain.java:149)
	at org.apache.catalina.core.StandardWrapperValve.invoke(StandardWrapperValve.java:167)
	at org.apache.catalina.core.StandardContextValve.invoke(StandardContextValve.java:90)
	at org.apache.catalina.authenticator.AuthenticatorBase.invoke(AuthenticatorBase.java:482)
	at org.apache.catalina.core.StandardHostValve.invoke(StandardHostValve.java:115)
	at org.apache.catalina.valves.ErrorReportValve.invoke(ErrorReportValve.java:93)
	at org.apache.catalina.core.StandardEngineValve.invoke(StandardEngineValve.java:74)
	at org.apache.catalina.connector.CoyoteAdapter.service(CoyoteAdapter.java:340)
	at org.apache.coyote.http11.Http11Processor.service(Http11Processor.java:391)
	at org.apache.coyote.AbstractProcessorLight.process(AbstractProcessorLight.java:63)
	at org.apache.coyote.AbstractProtocol$ConnectionHandler.process(AbstractProtocol.java:896)
	at org.apache.tomcat.util.net.NioEndpoint$SocketProcessor.doRun(NioEndpoint.java:1744)
	at org.apache.tomcat.util.net.SocketProcessorBase.run(SocketProcessorBase.java:52)
	at org.apache.tomcat.util.threads.ThreadPoolExecutor.runWorker(ThreadPoolExecutor.java:1191)
	at org.apache.tomcat.util.threads.ThreadPoolExecutor$Worker.run(ThreadPoolExecutor.java:659)
	at org.apache.tomcat.util.threads.TaskThread$WrappingRunnable.run(TaskThread.java:61)
	at java.base/java.lang.Thread.run(Thread.java:1583)
Caused by: org.springframework.beans.BeanInstantiationException: Failed to instantiate [com.facturacion.ui.views.FacturacionView]: Constructor threw exception
	at org.springframework.beans.BeanUtils.instantiateClass(BeanUtils.java:223)
	at org.springframework.beans.factory.support.SimpleInstantiationStrategy.instantiate(SimpleInstantiationStrategy.java:111)
	at org.springframework.beans.factory.support.ConstructorResolver.instantiate(ConstructorResolver.java:319)
	... 85 common frames omitted
Caused by: com.zaxxer.hikari.pool.HikariPool$PoolInitializationException: Failed to initialize pool: FATAL: no existe la base de datos ?facturacion_db?
	at com.zaxxer.hikari.pool.HikariPool.throwPoolInitializationException(HikariPool.java:584)
	at com.zaxxer.hikari.pool.HikariPool.checkFailFast(HikariPool.java:571)
	at com.zaxxer.hikari.pool.HikariPool.<init>(HikariPool.java:98)
	at com.zaxxer.hikari.HikariDataSource.<init>(HikariDataSource.java:80)
	at com.facturacion.config.DatabaseConnection.<init>(DatabaseConnection.java:42)
	at com.facturacion.config.DatabaseConnection.getInstance(DatabaseConnection.java:48)
	at com.facturacion.dao.ClienteDAO.listarTodos(ClienteDAO.java:125)
	at com.facturacion.service.FacturacionService.listarClientes(FacturacionService.java:120)
	at com.facturacion.ui.views.FacturacionView.panelCliente(FacturacionView.java:85)
	at com.facturacion.ui.views.FacturacionView.crearContenido(FacturacionView.java:67)
	at com.facturacion.ui.views.FacturacionView.<init>(FacturacionView.java:48)
	at java.base/jdk.internal.reflect.DirectConstructorHandleAccessor.newInstance(DirectConstructorHandleAccessor.java:62)
	at java.base/java.lang.reflect.Constructor.newInstanceWithCaller(Constructor.java:502)
	at java.base/java.lang.reflect.Constructor.newInstance(Constructor.java:486)
	at org.springframework.beans.BeanUtils.instantiateClass(BeanUtils.java:197)
	... 87 common frames omitted
Caused by: org.postgresql.util.PSQLException: FATAL: no existe la base de datos ?facturacion_db?
	at org.postgresql.core.v3.QueryExecutorImpl.receiveErrorResponse(QueryExecutorImpl.java:2712)
	at org.postgresql.core.v3.QueryExecutorImpl.readStartupMessages(QueryExecutorImpl.java:2824)
	at org.postgresql.core.v3.QueryExecutorImpl.<init>(QueryExecutorImpl.java:174)
	at org.postgresql.core.v3.ConnectionFactoryImpl.openConnectionImpl(ConnectionFactoryImpl.java:313)
	at org.postgresql.core.ConnectionFactory.openConnection(ConnectionFactory.java:54)
	at org.postgresql.jdbc.PgConnection.<init>(PgConnection.java:263)
	at org.postgresql.Driver.makeConnection(Driver.java:444)
	at org.postgresql.Driver.connect(Driver.java:297)
	at com.zaxxer.hikari.util.DriverDataSource.getConnection(DriverDataSource.java:137)
	at com.zaxxer.hikari.pool.PoolBase.newConnection(PoolBase.java:360)
	at com.zaxxer.hikari.pool.PoolBase.newPoolEntry(PoolBase.java:202)
	at com.zaxxer.hikari.pool.HikariPool.createPoolEntry(HikariPool.java:461)
	at com.zaxxer.hikari.pool.HikariPool.checkFailFast(HikariPool.java:550)
	... 100 common frames omitted
2026-04-20 21:59:48 [http-nio-8080-exec-4] ERROR com.facturacion.dao.FacturaDAO - Error al guardar factura, haciendo rollback: Cannot invoke "com.facturacion.model.Empleado.getId()" because the return value of "com.facturacion.model.Factura.getEmpleado()" is null
java.lang.NullPointerException: Cannot invoke "com.facturacion.model.Empleado.getId()" because the return value of "com.facturacion.model.Factura.getEmpleado()" is null
	at com.facturacion.dao.FacturaDAO.insertarCabecera(FacturaDAO.java:68)
	at com.facturacion.dao.FacturaDAO.guardar(FacturaDAO.java:33)
	at com.facturacion.service.FacturacionService.crearFactura(FacturacionService.java:69)
	at com.facturacion.ui.views.FacturacionView.generarFactura(FacturacionView.java:333)
	at com.facturacion.ui.views.FacturacionView.lambda$panelResumen$8131ad3b$1(FacturacionView.java:229)
	at com.vaadin.flow.component.ComponentEventBus.fireEventForListener(ComponentEventBus.java:239)
	at com.vaadin.flow.component.ComponentEventBus.handleDomEvent(ComponentEventBus.java:488)
	at com.vaadin.flow.component.ComponentEventBus.lambda$addDomTrigger$dd1b7957$1(ComponentEventBus.java:298)
	at com.vaadin.flow.internal.nodefeature.ElementListenerMap.lambda$fireEvent$2(ElementListenerMap.java:447)
	at java.base/java.util.ArrayList.forEach(ArrayList.java:1596)
	at com.vaadin.flow.internal.nodefeature.ElementListenerMap.fireEvent(ElementListenerMap.java:447)
	at com.vaadin.flow.server.communication.rpc.EventRpcHandler.handleNode(EventRpcHandler.java:62)
	at com.vaadin.flow.server.communication.rpc.AbstractRpcInvocationHandler.handle(AbstractRpcInvocationHandler.java:74)
	at com.vaadin.flow.server.communication.ServerRpcHandler.handleInvocationData(ServerRpcHandler.java:466)
	at com.vaadin.flow.server.communication.ServerRpcHandler.lambda$handleInvocations$4(ServerRpcHandler.java:447)
	at java.base/java.util.ArrayList.forEach(ArrayList.java:1596)
	at com.vaadin.flow.server.communication.ServerRpcHandler.handleInvocations(ServerRpcHandler.java:447)
	at com.vaadin.flow.server.communication.ServerRpcHandler.handleRpc(ServerRpcHandler.java:324)
	at com.vaadin.flow.server.communication.UidlRequestHandler.synchronizedHandleRequest(UidlRequestHandler.java:114)
	at com.vaadin.flow.server.SynchronizedRequestHandler.handleRequest(SynchronizedRequestHandler.java:40)
	at com.vaadin.flow.server.VaadinService.handleRequest(VaadinService.java:1573)
	at com.vaadin.flow.server.VaadinServlet.service(VaadinServlet.java:398)
	at com.vaadin.flow.spring.SpringServlet.service(SpringServlet.java:106)
	at jakarta.servlet.http.HttpServlet.service(HttpServlet.java:658)
	at org.apache.catalina.core.ApplicationFilterChain.internalDoFilter(ApplicationFilterChain.java:205)
	at org.apache.catalina.core.ApplicationFilterChain.doFilter(ApplicationFilterChain.java:149)
	at org.apache.catalina.core.ApplicationDispatcher.invoke(ApplicationDispatcher.java:642)
	at org.apache.catalina.core.ApplicationDispatcher.processRequest(ApplicationDispatcher.java:408)
	at org.apache.catalina.core.ApplicationDispatcher.doForward(ApplicationDispatcher.java:313)
	at org.apache.catalina.core.ApplicationDispatcher.forward(ApplicationDispatcher.java:277)
	at org.springframework.web.servlet.mvc.ServletForwardingController.handleRequestInternal(ServletForwardingController.java:141)
	at org.springframework.web.servlet.mvc.AbstractController.handleRequest(AbstractController.java:178)
	at org.springframework.web.servlet.mvc.SimpleControllerHandlerAdapter.handle(SimpleControllerHandlerAdapter.java:51)
	at org.springframework.web.servlet.DispatcherServlet.doDispatch(DispatcherServlet.java:1089)
	at org.springframework.web.servlet.DispatcherServlet.doService(DispatcherServlet.java:979)
	at org.springframework.web.servlet.FrameworkServlet.processRequest(FrameworkServlet.java:1014)
	at org.springframework.web.servlet.FrameworkServlet.doPost(FrameworkServlet.java:914)
	at jakarta.servlet.http.HttpServlet.service(HttpServlet.java:590)
	at org.springframework.web.servlet.FrameworkServlet.service(FrameworkServlet.java:885)
	at jakarta.servlet.http.HttpServlet.service(HttpServlet.java:658)
	at org.apache.catalina.core.ApplicationFilterChain.internalDoFilter(ApplicationFilterChain.java:205)
	at org.apache.catalina.core.ApplicationFilterChain.doFilter(ApplicationFilterChain.java:149)
	at org.apache.tomcat.websocket.server.WsFilter.doFilter(WsFilter.java:51)
	at org.apache.catalina.core.ApplicationFilterChain.internalDoFilter(ApplicationFilterChain.java:174)
	at org.apache.catalina.core.ApplicationFilterChain.doFilter(ApplicationFilterChain.java:149)
	at org.springframework.web.filter.RequestContextFilter.doFilterInternal(RequestContextFilter.java:100)
	at org.springframework.web.filter.OncePerRequestFilter.doFilter(OncePerRequestFilter.java:116)
	at org.apache.catalina.core.ApplicationFilterChain.internalDoFilter(ApplicationFilterChain.java:174)
	at org.apache.catalina.core.ApplicationFilterChain.doFilter(ApplicationFilterChain.java:149)
	at org.springframework.web.filter.FormContentFilter.doFilterInternal(FormContentFilter.java:93)
	at org.springframework.web.filter.OncePerRequestFilter.doFilter(OncePerRequestFilter.java:116)
	at org.apache.catalina.core.ApplicationFilterChain.internalDoFilter(ApplicationFilterChain.java:174)
	at org.apache.catalina.core.ApplicationFilterChain.doFilter(ApplicationFilterChain.java:149)
	at org.springframework.web.filter.CharacterEncodingFilter.doFilterInternal(CharacterEncodingFilter.java:201)
	at org.springframework.web.filter.OncePerRequestFilter.doFilter(OncePerRequestFilter.java:116)
	at org.apache.catalina.core.ApplicationFilterChain.internalDoFilter(ApplicationFilterChain.java:174)
	at org.apache.catalina.core.ApplicationFilterChain.doFilter(ApplicationFilterChain.java:149)
	at org.apache.catalina.core.StandardWrapperValve.invoke(StandardWrapperValve.java:167)
	at org.apache.catalina.core.StandardContextValve.invoke(StandardContextValve.java:90)
	at org.apache.catalina.authenticator.AuthenticatorBase.invoke(AuthenticatorBase.java:482)
	at org.apache.catalina.core.StandardHostValve.invoke(StandardHostValve.java:115)
	at org.apache.catalina.valves.ErrorReportValve.invoke(ErrorReportValve.java:93)
	at org.apache.catalina.core.StandardEngineValve.invoke(StandardEngineValve.java:74)
	at org.apache.catalina.connector.CoyoteAdapter.service(CoyoteAdapter.java:340)
	at org.apache.coyote.http11.Http11Processor.service(Http11Processor.java:391)
	at org.apache.coyote.AbstractProcessorLight.process(AbstractProcessorLight.java:63)
	at org.apache.coyote.AbstractProtocol$ConnectionHandler.process(AbstractProtocol.java:896)
	at org.apache.tomcat.util.net.NioEndpoint$SocketProcessor.doRun(NioEndpoint.java:1744)
	at org.apache.tomcat.util.net.SocketProcessorBase.run(SocketProcessorBase.java:52)
	at org.apache.tomcat.util.threads.ThreadPoolExecutor.runWorker(ThreadPoolExecutor.java:1191)
	at org.apache.tomcat.util.threads.ThreadPoolExecutor$Worker.run(ThreadPoolExecutor.java:659)
	at org.apache.tomcat.util.threads.TaskThread$WrappingRunnable.run(TaskThread.java:61)
	at java.base/java.lang.Thread.run(Thread.java:1583)
2026-04-20 21:59:53 [http-nio-8080-exec-1] ERROR com.facturacion.dao.FacturaDAO - Error al guardar factura, haciendo rollback: Cannot invoke "com.facturacion.model.Empleado.getId()" because the return value of "com.facturacion.model.Factura.getEmpleado()" is null
java.lang.NullPointerException: Cannot invoke "com.facturacion.model.Empleado.getId()" because the return value of "com.facturacion.model.Factura.getEmpleado()" is null
	at com.facturacion.dao.FacturaDAO.insertarCabecera(FacturaDAO.java:68)
	at com.facturacion.dao.FacturaDAO.guardar(FacturaDAO.java:33)
	at com.facturacion.service.FacturacionService.crearFactura(FacturacionService.java:69)
	at com.facturacion.ui.views.FacturacionView.generarFactura(FacturacionView.java:333)
	at com.facturacion.ui.views.FacturacionView.lambda$panelResumen$8131ad3b$1(FacturacionView.java:229)
	at com.vaadin.flow.component.ComponentEventBus.fireEventForListener(ComponentEventBus.java:239)
	at com.vaadin.flow.component.ComponentEventBus.handleDomEvent(ComponentEventBus.java:488)
	at com.vaadin.flow.component.ComponentEventBus.lambda$addDomTrigger$dd1b7957$1(ComponentEventBus.java:298)
	at com.vaadin.flow.internal.nodefeature.ElementListenerMap.lambda$fireEvent$2(ElementListenerMap.java:447)
	at java.base/java.util.ArrayList.forEach(ArrayList.java:1596)
	at com.vaadin.flow.internal.nodefeature.ElementListenerMap.fireEvent(ElementListenerMap.java:447)
	at com.vaadin.flow.server.communication.rpc.EventRpcHandler.handleNode(EventRpcHandler.java:62)
	at com.vaadin.flow.server.communication.rpc.AbstractRpcInvocationHandler.handle(AbstractRpcInvocationHandler.java:74)
	at com.vaadin.flow.server.communication.ServerRpcHandler.handleInvocationData(ServerRpcHandler.java:466)
	at com.vaadin.flow.server.communication.ServerRpcHandler.lambda$handleInvocations$4(ServerRpcHandler.java:447)
	at java.base/java.util.ArrayList.forEach(ArrayList.java:1596)
	at com.vaadin.flow.server.communication.ServerRpcHandler.handleInvocations(ServerRpcHandler.java:447)
	at com.vaadin.flow.server.communication.ServerRpcHandler.handleRpc(ServerRpcHandler.java:324)
	at com.vaadin.flow.server.communication.UidlRequestHandler.synchronizedHandleRequest(UidlRequestHandler.java:114)
	at com.vaadin.flow.server.SynchronizedRequestHandler.handleRequest(SynchronizedRequestHandler.java:40)
	at com.vaadin.flow.server.VaadinService.handleRequest(VaadinService.java:1573)
	at com.vaadin.flow.server.VaadinServlet.service(VaadinServlet.java:398)
	at com.vaadin.flow.spring.SpringServlet.service(SpringServlet.java:106)
	at jakarta.servlet.http.HttpServlet.service(HttpServlet.java:658)
	at org.apache.catalina.core.ApplicationFilterChain.internalDoFilter(ApplicationFilterChain.java:205)
	at org.apache.catalina.core.ApplicationFilterChain.doFilter(ApplicationFilterChain.java:149)
	at org.apache.catalina.core.ApplicationDispatcher.invoke(ApplicationDispatcher.java:642)
	at org.apache.catalina.core.ApplicationDispatcher.processRequest(ApplicationDispatcher.java:408)
	at org.apache.catalina.core.ApplicationDispatcher.doForward(ApplicationDispatcher.java:313)
	at org.apache.catalina.core.ApplicationDispatcher.forward(ApplicationDispatcher.java:277)
	at org.springframework.web.servlet.mvc.ServletForwardingController.handleRequestInternal(ServletForwardingController.java:141)
	at org.springframework.web.servlet.mvc.AbstractController.handleRequest(AbstractController.java:178)
	at org.springframework.web.servlet.mvc.SimpleControllerHandlerAdapter.handle(SimpleControllerHandlerAdapter.java:51)
	at org.springframework.web.servlet.DispatcherServlet.doDispatch(DispatcherServlet.java:1089)
	at org.springframework.web.servlet.DispatcherServlet.doService(DispatcherServlet.java:979)
	at org.springframework.web.servlet.FrameworkServlet.processRequest(FrameworkServlet.java:1014)
	at org.springframework.web.servlet.FrameworkServlet.doPost(FrameworkServlet.java:914)
	at jakarta.servlet.http.HttpServlet.service(HttpServlet.java:590)
	at org.springframework.web.servlet.FrameworkServlet.service(FrameworkServlet.java:885)
	at jakarta.servlet.http.HttpServlet.service(HttpServlet.java:658)
	at org.apache.catalina.core.ApplicationFilterChain.internalDoFilter(ApplicationFilterChain.java:205)
	at org.apache.catalina.core.ApplicationFilterChain.doFilter(ApplicationFilterChain.java:149)
	at org.apache.tomcat.websocket.server.WsFilter.doFilter(WsFilter.java:51)
	at org.apache.catalina.core.ApplicationFilterChain.internalDoFilter(ApplicationFilterChain.java:174)
	at org.apache.catalina.core.ApplicationFilterChain.doFilter(ApplicationFilterChain.java:149)
	at org.springframework.web.filter.RequestContextFilter.doFilterInternal(RequestContextFilter.java:100)
	at org.springframework.web.filter.OncePerRequestFilter.doFilter(OncePerRequestFilter.java:116)
	at org.apache.catalina.core.ApplicationFilterChain.internalDoFilter(ApplicationFilterChain.java:174)
	at org.apache.catalina.core.ApplicationFilterChain.doFilter(ApplicationFilterChain.java:149)
	at org.springframework.web.filter.FormContentFilter.doFilterInternal(FormContentFilter.java:93)
	at org.springframework.web.filter.OncePerRequestFilter.doFilter(OncePerRequestFilter.java:116)
	at org.apache.catalina.core.ApplicationFilterChain.internalDoFilter(ApplicationFilterChain.java:174)
	at org.apache.catalina.core.ApplicationFilterChain.doFilter(ApplicationFilterChain.java:149)
	at org.springframework.web.filter.CharacterEncodingFilter.doFilterInternal(CharacterEncodingFilter.java:201)
	at org.springframework.web.filter.OncePerRequestFilter.doFilter(OncePerRequestFilter.java:116)
	at org.apache.catalina.core.ApplicationFilterChain.internalDoFilter(ApplicationFilterChain.java:174)
	at org.apache.catalina.core.ApplicationFilterChain.doFilter(ApplicationFilterChain.java:149)
	at org.apache.catalina.core.StandardWrapperValve.invoke(StandardWrapperValve.java:167)
	at org.apache.catalina.core.StandardContextValve.invoke(StandardContextValve.java:90)
	at org.apache.catalina.authenticator.AuthenticatorBase.invoke(AuthenticatorBase.java:482)
	at org.apache.catalina.core.StandardHostValve.invoke(StandardHostValve.java:115)
	at org.apache.catalina.valves.ErrorReportValve.invoke(ErrorReportValve.java:93)
	at org.apache.catalina.core.StandardEngineValve.invoke(StandardEngineValve.java:74)
	at org.apache.catalina.connector.CoyoteAdapter.service(CoyoteAdapter.java:340)
	at org.apache.coyote.http11.Http11Processor.service(Http11Processor.java:391)
	at org.apache.coyote.AbstractProcessorLight.process(AbstractProcessorLight.java:63)
	at org.apache.coyote.AbstractProtocol$ConnectionHandler.process(AbstractProtocol.java:896)
	at org.apache.tomcat.util.net.NioEndpoint$SocketProcessor.doRun(NioEndpoint.java:1744)
	at org.apache.tomcat.util.net.SocketProcessorBase.run(SocketProcessorBase.java:52)
	at org.apache.tomcat.util.threads.ThreadPoolExecutor.runWorker(ThreadPoolExecutor.java:1191)
	at org.apache.tomcat.util.threads.ThreadPoolExecutor$Worker.run(ThreadPoolExecutor.java:659)
	at org.apache.tomcat.util.threads.TaskThread$WrappingRunnable.run(TaskThread.java:61)
	at java.base/java.lang.Thread.run(Thread.java:1583)
2026-04-20 22:02:30 [http-nio-8080-exec-8] ERROR com.facturacion.dao.FacturaDAO - Error al guardar factura, haciendo rollback: Cannot invoke "com.facturacion.model.Empleado.getId()" because the return value of "com.facturacion.model.Factura.getEmpleado()" is null
java.lang.NullPointerException: Cannot invoke "com.facturacion.model.Empleado.getId()" because the return value of "com.facturacion.model.Factura.getEmpleado()" is null
	at com.facturacion.dao.FacturaDAO.insertarCabecera(FacturaDAO.java:68)
	at com.facturacion.dao.FacturaDAO.guardar(FacturaDAO.java:33)
	at com.facturacion.service.FacturacionService.crearFactura(FacturacionService.java:69)
	at com.facturacion.ui.views.FacturacionView.generarFactura(FacturacionView.java:333)
	at com.facturacion.ui.views.FacturacionView.lambda$panelResumen$8131ad3b$1(FacturacionView.java:229)
	at com.vaadin.flow.component.ComponentEventBus.fireEventForListener(ComponentEventBus.java:239)
	at com.vaadin.flow.component.ComponentEventBus.handleDomEvent(ComponentEventBus.java:488)
	at com.vaadin.flow.component.ComponentEventBus.lambda$addDomTrigger$dd1b7957$1(ComponentEventBus.java:298)
	at com.vaadin.flow.internal.nodefeature.ElementListenerMap.lambda$fireEvent$2(ElementListenerMap.java:447)
	at java.base/java.util.ArrayList.forEach(ArrayList.java:1596)
	at com.vaadin.flow.internal.nodefeature.ElementListenerMap.fireEvent(ElementListenerMap.java:447)
	at com.vaadin.flow.server.communication.rpc.EventRpcHandler.handleNode(EventRpcHandler.java:62)
	at com.vaadin.flow.server.communication.rpc.AbstractRpcInvocationHandler.handle(AbstractRpcInvocationHandler.java:74)
	at com.vaadin.flow.server.communication.ServerRpcHandler.handleInvocationData(ServerRpcHandler.java:466)
	at com.vaadin.flow.server.communication.ServerRpcHandler.lambda$handleInvocations$4(ServerRpcHandler.java:447)
	at java.base/java.util.ArrayList.forEach(ArrayList.java:1596)
	at com.vaadin.flow.server.communication.ServerRpcHandler.handleInvocations(ServerRpcHandler.java:447)
	at com.vaadin.flow.server.communication.ServerRpcHandler.handleRpc(ServerRpcHandler.java:324)
	at com.vaadin.flow.server.communication.UidlRequestHandler.synchronizedHandleRequest(UidlRequestHandler.java:114)
	at com.vaadin.flow.server.SynchronizedRequestHandler.handleRequest(SynchronizedRequestHandler.java:40)
	at com.vaadin.flow.server.VaadinService.handleRequest(VaadinService.java:1573)
	at com.vaadin.flow.server.VaadinServlet.service(VaadinServlet.java:398)
	at com.vaadin.flow.spring.SpringServlet.service(SpringServlet.java:106)
	at jakarta.servlet.http.HttpServlet.service(HttpServlet.java:658)
	at org.apache.catalina.core.ApplicationFilterChain.internalDoFilter(ApplicationFilterChain.java:205)
	at org.apache.catalina.core.ApplicationFilterChain.doFilter(ApplicationFilterChain.java:149)
	at org.apache.catalina.core.ApplicationDispatcher.invoke(ApplicationDispatcher.java:642)
	at org.apache.catalina.core.ApplicationDispatcher.processRequest(ApplicationDispatcher.java:408)
	at org.apache.catalina.core.ApplicationDispatcher.doForward(ApplicationDispatcher.java:313)
	at org.apache.catalina.core.ApplicationDispatcher.forward(ApplicationDispatcher.java:277)
	at org.springframework.web.servlet.mvc.ServletForwardingController.handleRequestInternal(ServletForwardingController.java:141)
	at org.springframework.web.servlet.mvc.AbstractController.handleRequest(AbstractController.java:178)
	at org.springframework.web.servlet.mvc.SimpleControllerHandlerAdapter.handle(SimpleControllerHandlerAdapter.java:51)
	at org.springframework.web.servlet.DispatcherServlet.doDispatch(DispatcherServlet.java:1089)
	at org.springframework.web.servlet.DispatcherServlet.doService(DispatcherServlet.java:979)
	at org.springframework.web.servlet.FrameworkServlet.processRequest(FrameworkServlet.java:1014)
	at org.springframework.web.servlet.FrameworkServlet.doPost(FrameworkServlet.java:914)
	at jakarta.servlet.http.HttpServlet.service(HttpServlet.java:590)
	at org.springframework.web.servlet.FrameworkServlet.service(FrameworkServlet.java:885)
	at jakarta.servlet.http.HttpServlet.service(HttpServlet.java:658)
	at org.apache.catalina.core.ApplicationFilterChain.internalDoFilter(ApplicationFilterChain.java:205)
	at org.apache.catalina.core.ApplicationFilterChain.doFilter(ApplicationFilterChain.java:149)
	at org.apache.tomcat.websocket.server.WsFilter.doFilter(WsFilter.java:51)
	at org.apache.catalina.core.ApplicationFilterChain.internalDoFilter(ApplicationFilterChain.java:174)
	at org.apache.catalina.core.ApplicationFilterChain.doFilter(ApplicationFilterChain.java:149)
	at org.springframework.web.filter.RequestContextFilter.doFilterInternal(RequestContextFilter.java:100)
	at org.springframework.web.filter.OncePerRequestFilter.doFilter(OncePerRequestFilter.java:116)
	at org.apache.catalina.core.ApplicationFilterChain.internalDoFilter(ApplicationFilterChain.java:174)
	at org.apache.catalina.core.ApplicationFilterChain.doFilter(ApplicationFilterChain.java:149)
	at org.springframework.web.filter.FormContentFilter.doFilterInternal(FormContentFilter.java:93)
	at org.springframework.web.filter.OncePerRequestFilter.doFilter(OncePerRequestFilter.java:116)
	at org.apache.catalina.core.ApplicationFilterChain.internalDoFilter(ApplicationFilterChain.java:174)
	at org.apache.catalina.core.ApplicationFilterChain.doFilter(ApplicationFilterChain.java:149)
	at org.springframework.web.filter.CharacterEncodingFilter.doFilterInternal(CharacterEncodingFilter.java:201)
	at org.springframework.web.filter.OncePerRequestFilter.doFilter(OncePerRequestFilter.java:116)
	at org.apache.catalina.core.ApplicationFilterChain.internalDoFilter(ApplicationFilterChain.java:174)
	at org.apache.catalina.core.ApplicationFilterChain.doFilter(ApplicationFilterChain.java:149)
	at org.apache.catalina.core.StandardWrapperValve.invoke(StandardWrapperValve.java:167)
	at org.apache.catalina.core.StandardContextValve.invoke(StandardContextValve.java:90)
	at org.apache.catalina.authenticator.AuthenticatorBase.invoke(AuthenticatorBase.java:482)
	at org.apache.catalina.core.StandardHostValve.invoke(StandardHostValve.java:115)
	at org.apache.catalina.valves.ErrorReportValve.invoke(ErrorReportValve.java:93)
	at org.apache.catalina.core.StandardEngineValve.invoke(StandardEngineValve.java:74)
	at org.apache.catalina.connector.CoyoteAdapter.service(CoyoteAdapter.java:340)
	at org.apache.coyote.http11.Http11Processor.service(Http11Processor.java:391)
	at org.apache.coyote.AbstractProcessorLight.process(AbstractProcessorLight.java:63)
	at org.apache.coyote.AbstractProtocol$ConnectionHandler.process(AbstractProtocol.java:896)
	at org.apache.tomcat.util.net.NioEndpoint$SocketProcessor.doRun(NioEndpoint.java:1744)
	at org.apache.tomcat.util.net.SocketProcessorBase.run(SocketProcessorBase.java:52)
	at org.apache.tomcat.util.threads.ThreadPoolExecutor.runWorker(ThreadPoolExecutor.java:1191)
	at org.apache.tomcat.util.threads.ThreadPoolExecutor$Worker.run(ThreadPoolExecutor.java:659)
	at org.apache.tomcat.util.threads.TaskThread$WrappingRunnable.run(TaskThread.java:61)
	at java.base/java.lang.Thread.run(Thread.java:1583)
2026-04-21 10:55:17 [main] ERROR o.s.b.d.LoggingFailureAnalysisReporter - 

***************************
APPLICATION FAILED TO START
***************************

Description:

Web server failed to start. Port 8080 was already in use.

Action:

Identify and stop the process that's listening on port 8080 or configure this application to listen on another port.

2026-04-21 11:02:20 [main] ERROR o.s.b.d.LoggingFailureAnalysisReporter - 

***************************
APPLICATION FAILED TO START
***************************

Description:

Web server failed to start. Port 8080 was already in use.

Action:

Identify and stop the process that's listening on port 8080 or configure this application to listen on another port.

2026-04-21 12:09:45 [main] ERROR o.s.b.d.LoggingFailureAnalysisReporter - 

***************************
APPLICATION FAILED TO START
***************************

Description:

Web server failed to start. Port 8080 was already in use.

Action:

Identify and stop the process that's listening on port 8080 or configure this application to listen on another port.

2026-04-21 12:09:50 [main] ERROR o.s.b.d.LoggingFailureAnalysisReporter - 

***************************
APPLICATION FAILED TO START
***************************

Description:

Web server failed to start. Port 8080 was already in use.

Action:

Identify and stop the process that's listening on port 8080 or configure this application to listen on another port.

2026-04-21 12:10:11 [main] ERROR o.s.b.d.LoggingFailureAnalysisReporter - 

***************************
APPLICATION FAILED TO START
***************************

Description:

Web server failed to start. Port 8080 was already in use.

Action:

Identify and stop the process that's listening on port 8080 or configure this application to listen on another port.

2026-04-24 07:32:44 [main] ERROR o.s.b.d.LoggingFailureAnalysisReporter - 

***************************
APPLICATION FAILED TO START
***************************

Description:

Web server failed to start. Port 8080 was already in use.

Action:

Identify and stop the process that's listening on port 8080 or configure this application to listen on another port.

2026-04-24 07:32:50 [main] ERROR o.s.b.d.LoggingFailureAnalysisReporter - 

***************************
APPLICATION FAILED TO START
***************************

Description:

Web server failed to start. Port 8080 was already in use.

Action:

Identify and stop the process that's listening on port 8080 or configure this application to listen on another port.

2026-04-24 08:44:48 [main] ERROR o.s.b.d.LoggingFailureAnalysisReporter - 

***************************
APPLICATION FAILED TO START
***************************

Description:

Web server failed to start. Port 8080 was already in use.

Action:

Identify and stop the process that's listening on port 8080 or configure this application to listen on another port.

2026-04-24 09:22:01 [http-nio-8080-exec-3] ERROR com.facturacion.dao.FacturaDAO - Error al guardar factura, haciendo rollback: Cannot invoke "com.facturacion.model.Empleado.getId()" because the return value of "com.facturacion.model.Factura.getEmpleado()" is null
java.lang.NullPointerException: Cannot invoke "com.facturacion.model.Empleado.getId()" because the return value of "com.facturacion.model.Factura.getEmpleado()" is null
	at com.facturacion.dao.FacturaDAO.insertarCabecera(FacturaDAO.java:68)
	at com.facturacion.dao.FacturaDAO.guardar(FacturaDAO.java:33)
	at com.facturacion.service.FacturacionService.crearFactura(FacturacionService.java:69)
	at com.facturacion.ui.views.FacturacionView.generarFactura(FacturacionView.java:333)
	at com.facturacion.ui.views.FacturacionView.lambda$panelResumen$8131ad3b$1(FacturacionView.java:229)
	at com.vaadin.flow.component.ComponentEventBus.fireEventForListener(ComponentEventBus.java:239)
	at com.vaadin.flow.component.ComponentEventBus.handleDomEvent(ComponentEventBus.java:488)
	at com.vaadin.flow.component.ComponentEventBus.lambda$addDomTrigger$dd1b7957$1(ComponentEventBus.java:298)
	at com.vaadin.flow.internal.nodefeature.ElementListenerMap.lambda$fireEvent$2(ElementListenerMap.java:447)
	at java.base/java.util.ArrayList.forEach(ArrayList.java:1596)
	at com.vaadin.flow.internal.nodefeature.ElementListenerMap.fireEvent(ElementListenerMap.java:447)
	at com.vaadin.flow.server.communication.rpc.EventRpcHandler.handleNode(EventRpcHandler.java:62)
	at com.vaadin.flow.server.communication.rpc.AbstractRpcInvocationHandler.handle(AbstractRpcInvocationHandler.java:74)
	at com.vaadin.flow.server.communication.ServerRpcHandler.handleInvocationData(ServerRpcHandler.java:466)
	at com.vaadin.flow.server.communication.ServerRpcHandler.lambda$handleInvocations$4(ServerRpcHandler.java:447)
	at java.base/java.util.ArrayList.forEach(ArrayList.java:1596)
	at com.vaadin.flow.server.communication.ServerRpcHandler.handleInvocations(ServerRpcHandler.java:447)
	at com.vaadin.flow.server.communication.ServerRpcHandler.handleRpc(ServerRpcHandler.java:324)
	at com.vaadin.flow.server.communication.UidlRequestHandler.synchronizedHandleRequest(UidlRequestHandler.java:114)
	at com.vaadin.flow.server.SynchronizedRequestHandler.handleRequest(SynchronizedRequestHandler.java:40)
	at com.vaadin.flow.server.VaadinService.handleRequest(VaadinService.java:1573)
	at com.vaadin.flow.server.VaadinServlet.service(VaadinServlet.java:398)
	at com.vaadin.flow.spring.SpringServlet.service(SpringServlet.java:106)
	at jakarta.servlet.http.HttpServlet.service(HttpServlet.java:658)
	at org.apache.catalina.core.ApplicationFilterChain.internalDoFilter(ApplicationFilterChain.java:205)
	at org.apache.catalina.core.ApplicationFilterChain.doFilter(ApplicationFilterChain.java:149)
	at org.apache.catalina.core.ApplicationDispatcher.invoke(ApplicationDispatcher.java:642)
	at org.apache.catalina.core.ApplicationDispatcher.processRequest(ApplicationDispatcher.java:408)
	at org.apache.catalina.core.ApplicationDispatcher.doForward(ApplicationDispatcher.java:313)
	at org.apache.catalina.core.ApplicationDispatcher.forward(ApplicationDispatcher.java:277)
	at org.springframework.web.servlet.mvc.ServletForwardingController.handleRequestInternal(ServletForwardingController.java:141)
	at org.springframework.web.servlet.mvc.AbstractController.handleRequest(AbstractController.java:178)
	at org.springframework.web.servlet.mvc.SimpleControllerHandlerAdapter.handle(SimpleControllerHandlerAdapter.java:51)
	at org.springframework.web.servlet.DispatcherServlet.doDispatch(DispatcherServlet.java:1089)
	at org.springframework.web.servlet.DispatcherServlet.doService(DispatcherServlet.java:979)
	at org.springframework.web.servlet.FrameworkServlet.processRequest(FrameworkServlet.java:1014)
	at org.springframework.web.servlet.FrameworkServlet.doPost(FrameworkServlet.java:914)
	at jakarta.servlet.http.HttpServlet.service(HttpServlet.java:590)
	at org.springframework.web.servlet.FrameworkServlet.service(FrameworkServlet.java:885)
	at jakarta.servlet.http.HttpServlet.service(HttpServlet.java:658)
	at org.apache.catalina.core.ApplicationFilterChain.internalDoFilter(ApplicationFilterChain.java:205)
	at org.apache.catalina.core.ApplicationFilterChain.doFilter(ApplicationFilterChain.java:149)
	at org.apache.tomcat.websocket.server.WsFilter.doFilter(WsFilter.java:51)
	at org.apache.catalina.core.ApplicationFilterChain.internalDoFilter(ApplicationFilterChain.java:174)
	at org.apache.catalina.core.ApplicationFilterChain.doFilter(ApplicationFilterChain.java:149)
	at org.springframework.web.filter.RequestContextFilter.doFilterInternal(RequestContextFilter.java:100)
	at org.springframework.web.filter.OncePerRequestFilter.doFilter(OncePerRequestFilter.java:116)
	at org.apache.catalina.core.ApplicationFilterChain.internalDoFilter(ApplicationFilterChain.java:174)
	at org.apache.catalina.core.ApplicationFilterChain.doFilter(ApplicationFilterChain.java:149)
	at org.springframework.web.filter.FormContentFilter.doFilterInternal(FormContentFilter.java:93)
	at org.springframework.web.filter.OncePerRequestFilter.doFilter(OncePerRequestFilter.java:116)
	at org.apache.catalina.core.ApplicationFilterChain.internalDoFilter(ApplicationFilterChain.java:174)
	at org.apache.catalina.core.ApplicationFilterChain.doFilter(ApplicationFilterChain.java:149)
	at org.springframework.web.filter.CharacterEncodingFilter.doFilterInternal(CharacterEncodingFilter.java:201)
	at org.springframework.web.filter.OncePerRequestFilter.doFilter(OncePerRequestFilter.java:116)
	at org.apache.catalina.core.ApplicationFilterChain.internalDoFilter(ApplicationFilterChain.java:174)
	at org.apache.catalina.core.ApplicationFilterChain.doFilter(ApplicationFilterChain.java:149)
	at org.apache.catalina.core.StandardWrapperValve.invoke(StandardWrapperValve.java:167)
	at org.apache.catalina.core.StandardContextValve.invoke(StandardContextValve.java:90)
	at org.apache.catalina.authenticator.AuthenticatorBase.invoke(AuthenticatorBase.java:482)
	at org.apache.catalina.core.StandardHostValve.invoke(StandardHostValve.java:115)
	at org.apache.catalina.valves.ErrorReportValve.invoke(ErrorReportValve.java:93)
	at org.apache.catalina.core.StandardEngineValve.invoke(StandardEngineValve.java:74)
	at org.apache.catalina.connector.CoyoteAdapter.service(CoyoteAdapter.java:340)
	at org.apache.coyote.http11.Http11Processor.service(Http11Processor.java:391)
	at org.apache.coyote.AbstractProcessorLight.process(AbstractProcessorLight.java:63)
	at org.apache.coyote.AbstractProtocol$ConnectionHandler.process(AbstractProtocol.java:896)
	at org.apache.tomcat.util.net.NioEndpoint$SocketProcessor.doRun(NioEndpoint.java:1744)
	at org.apache.tomcat.util.net.SocketProcessorBase.run(SocketProcessorBase.java:52)
	at org.apache.tomcat.util.threads.ThreadPoolExecutor.runWorker(ThreadPoolExecutor.java:1191)
	at org.apache.tomcat.util.threads.ThreadPoolExecutor$Worker.run(ThreadPoolExecutor.java:659)
	at org.apache.tomcat.util.threads.TaskThread$WrappingRunnable.run(TaskThread.java:61)
	at java.base/java.lang.Thread.run(Thread.java:1583)
