2026-05-25 11:12:38 [http-nio-8080-exec-1] ERROR c.v.flow.server.DefaultErrorHandler - 
java.lang.IllegalArgumentException: Invalid salt revision
	at org.mindrot.jbcrypt.BCrypt.hashpw(BCrypt.java:665)
	at org.mindrot.jbcrypt.BCrypt.checkpw(BCrypt.java:764)
	at com.facturacion.service.AuthService.login(AuthService.java:42)
	at com.facturacion.ui.views.LoginView.lambda$crearTarjetaLogin$0(LoginView.java:109)
	at com.facturacion.ui.views.LoginView.lambda$crearTarjetaLogin$b2c3d7eb$1(LoginView.java:117)
	at com.vaadin.flow.component.ComponentEventBus.fireEventForListener(ComponentEventBus.java:239)
	at com.vaadin.flow.component.ComponentEventBus.handleDomEvent(ComponentEventBus.java:488)
	at com.vaadin.flow.component.ComponentEventBus.lambda$addDomTrigger$dd1b7957$1(ComponentEventBus.java:298)
	at com.vaadin.flow.internal.nodefeature.ElementListenerMap.lambda$fireEvent$2(ElementListenerMap.java:447)
	at java.base/java.util.ArrayList.forEach(ArrayList.java:1596)
	at com.vaadin.flow.internal.nodefeature.ElementListenerMap.fireEvent(ElementListenerMap.java:447)
	at com.vaadin.flow.server.communication.rpc.EventRpcHandler.handleNode(EventRpcHandler.java:62)
	at com.vaadin.flow.server.communication.rpc.AbstractRpcInvocationHandler.handle(AbstractRpcInvocationHandler.java:74)
	at com.vaadin.flow.server.communication.ServerRpcHandler.handleInvocationData(ServerRpcHandler.java:466)
	at com.vaadin.flow.server.communication.ServerRpcHandler.lambda$handleInvocations$4(ServerRpcHandler.java:447)
	at java.base/java.util.ArrayList.forEach(ArrayList.java:1596)
	at com.vaadin.flow.server.communication.ServerRpcHandler.handleInvocations(ServerRpcHandler.java:447)
	at com.vaadin.flow.server.communication.ServerRpcHandler.handleRpc(ServerRpcHandler.java:324)
	at com.vaadin.flow.server.communication.UidlRequestHandler.synchronizedHandleRequest(UidlRequestHandler.java:114)
	at com.vaadin.flow.server.SynchronizedRequestHandler.handleRequest(SynchronizedRequestHandler.java:40)
	at com.vaadin.flow.server.VaadinService.handleRequest(VaadinService.java:1573)
	at com.vaadin.flow.server.VaadinServlet.service(VaadinServlet.java:398)
	at com.vaadin.flow.spring.SpringServlet.service(SpringServlet.java:106)
	at jakarta.servlet.http.HttpServlet.service(HttpServlet.java:658)
	at org.apache.catalina.core.ApplicationFilterChain.internalDoFilter(ApplicationFilterChain.java:205)
	at org.apache.catalina.core.ApplicationFilterChain.doFilter(ApplicationFilterChain.java:149)
	at org.apache.catalina.core.ApplicationDispatcher.invoke(ApplicationDispatcher.java:642)
	at org.apache.catalina.core.ApplicationDispatcher.processRequest(ApplicationDispatcher.java:408)
	at org.apache.catalina.core.ApplicationDispatcher.doForward(ApplicationDispatcher.java:313)
	at org.apache.catalina.core.ApplicationDispatcher.forward(ApplicationDispatcher.java:277)
	at org.springframework.web.servlet.mvc.ServletForwardingController.handleRequestInternal(ServletForwardingController.java:141)
	at org.springframework.web.servlet.mvc.AbstractController.handleRequest(AbstractController.java:178)
	at org.springframework.web.servlet.mvc.SimpleControllerHandlerAdapter.handle(SimpleControllerHandlerAdapter.java:51)
	at org.springframework.web.servlet.DispatcherServlet.doDispatch(DispatcherServlet.java:1089)
	at org.springframework.web.servlet.DispatcherServlet.doService(DispatcherServlet.java:979)
	at org.springframework.web.servlet.FrameworkServlet.processRequest(FrameworkServlet.java:1014)
	at org.springframework.web.servlet.FrameworkServlet.doPost(FrameworkServlet.java:914)
	at jakarta.servlet.http.HttpServlet.service(HttpServlet.java:590)
	at org.springframework.web.servlet.FrameworkServlet.service(FrameworkServlet.java:885)
	at jakarta.servlet.http.HttpServlet.service(HttpServlet.java:658)
	at org.apache.catalina.core.ApplicationFilterChain.internalDoFilter(ApplicationFilterChain.java:205)
	at org.apache.catalina.core.ApplicationFilterChain.doFilter(ApplicationFilterChain.java:149)
	at org.apache.tomcat.websocket.server.WsFilter.doFilter(WsFilter.java:51)
	at org.apache.catalina.core.ApplicationFilterChain.internalDoFilter(ApplicationFilterChain.java:174)
	at org.apache.catalina.core.ApplicationFilterChain.doFilter(ApplicationFilterChain.java:149)
	at org.springframework.web.filter.RequestContextFilter.doFilterInternal(RequestContextFilter.java:100)
	at org.springframework.web.filter.OncePerRequestFilter.doFilter(OncePerRequestFilter.java:116)
	at org.apache.catalina.core.ApplicationFilterChain.internalDoFilter(ApplicationFilterChain.java:174)
	at org.apache.catalina.core.ApplicationFilterChain.doFilter(ApplicationFilterChain.java:149)
	at org.springframework.web.filter.FormContentFilter.doFilterInternal(FormContentFilter.java:93)
	at org.springframework.web.filter.OncePerRequestFilter.doFilter(OncePerRequestFilter.java:116)
	at org.apache.catalina.core.ApplicationFilterChain.internalDoFilter(ApplicationFilterChain.java:174)
	at org.apache.catalina.core.ApplicationFilterChain.doFilter(ApplicationFilterChain.java:149)
	at org.springframework.web.filter.CharacterEncodingFilter.doFilterInternal(CharacterEncodingFilter.java:201)
	at org.springframework.web.filter.OncePerRequestFilter.doFilter(OncePerRequestFilter.java:116)
	at org.apache.catalina.core.ApplicationFilterChain.internalDoFilter(ApplicationFilterChain.java:174)
	at org.apache.catalina.core.ApplicationFilterChain.doFilter(ApplicationFilterChain.java:149)
	at org.apache.catalina.core.StandardWrapperValve.invoke(StandardWrapperValve.java:167)
	at org.apache.catalina.core.StandardContextValve.invoke(StandardContextValve.java:90)
	at org.apache.catalina.authenticator.AuthenticatorBase.invoke(AuthenticatorBase.java:482)
	at org.apache.catalina.core.StandardHostValve.invoke(StandardHostValve.java:115)
	at org.apache.catalina.valves.ErrorReportValve.invoke(ErrorReportValve.java:93)
	at org.apache.catalina.core.StandardEngineValve.invoke(StandardEngineValve.java:74)
	at org.apache.catalina.connector.CoyoteAdapter.service(CoyoteAdapter.java:340)
	at org.apache.coyote.http11.Http11Processor.service(Http11Processor.java:391)
	at org.apache.coyote.AbstractProcessorLight.process(AbstractProcessorLight.java:63)
	at org.apache.coyote.AbstractProtocol$ConnectionHandler.process(AbstractProtocol.java:896)
	at org.apache.tomcat.util.net.NioEndpoint$SocketProcessor.doRun(NioEndpoint.java:1744)
	at org.apache.tomcat.util.net.SocketProcessorBase.run(SocketProcessorBase.java:52)
	at org.apache.tomcat.util.threads.ThreadPoolExecutor.runWorker(ThreadPoolExecutor.java:1191)
	at org.apache.tomcat.util.threads.ThreadPoolExecutor$Worker.run(ThreadPoolExecutor.java:659)
	at org.apache.tomcat.util.threads.TaskThread$WrappingRunnable.run(TaskThread.java:61)
	at java.base/java.lang.Thread.run(Thread.java:1583)
2026-05-25 11:12:40 [http-nio-8080-exec-5] ERROR c.v.flow.server.DefaultErrorHandler - 
java.lang.IllegalArgumentException: Invalid salt revision
	at org.mindrot.jbcrypt.BCrypt.hashpw(BCrypt.java:665)
	at org.mindrot.jbcrypt.BCrypt.checkpw(BCrypt.java:764)
	at com.facturacion.service.AuthService.login(AuthService.java:42)
	at com.facturacion.ui.views.LoginView.lambda$crearTarjetaLogin$0(LoginView.java:109)
	at com.facturacion.ui.views.LoginView.lambda$crearTarjetaLogin$b2c3d7eb$1(LoginView.java:117)
	at com.vaadin.flow.component.ComponentEventBus.fireEventForListener(ComponentEventBus.java:239)
	at com.vaadin.flow.component.ComponentEventBus.handleDomEvent(ComponentEventBus.java:488)
	at com.vaadin.flow.component.ComponentEventBus.lambda$addDomTrigger$dd1b7957$1(ComponentEventBus.java:298)
	at com.vaadin.flow.internal.nodefeature.ElementListenerMap.lambda$fireEvent$2(ElementListenerMap.java:447)
	at java.base/java.util.ArrayList.forEach(ArrayList.java:1596)
	at com.vaadin.flow.internal.nodefeature.ElementListenerMap.fireEvent(ElementListenerMap.java:447)
	at com.vaadin.flow.server.communication.rpc.EventRpcHandler.handleNode(EventRpcHandler.java:62)
	at com.vaadin.flow.server.communication.rpc.AbstractRpcInvocationHandler.handle(AbstractRpcInvocationHandler.java:74)
	at com.vaadin.flow.server.communication.ServerRpcHandler.handleInvocationData(ServerRpcHandler.java:466)
	at com.vaadin.flow.server.communication.ServerRpcHandler.lambda$handleInvocations$4(ServerRpcHandler.java:447)
	at java.base/java.util.ArrayList.forEach(ArrayList.java:1596)
	at com.vaadin.flow.server.communication.ServerRpcHandler.handleInvocations(ServerRpcHandler.java:447)
	at com.vaadin.flow.server.communication.ServerRpcHandler.handleRpc(ServerRpcHandler.java:324)
	at com.vaadin.flow.server.communication.UidlRequestHandler.synchronizedHandleRequest(UidlRequestHandler.java:114)
	at com.vaadin.flow.server.SynchronizedRequestHandler.handleRequest(SynchronizedRequestHandler.java:40)
	at com.vaadin.flow.server.VaadinService.handleRequest(VaadinService.java:1573)
	at com.vaadin.flow.server.VaadinServlet.service(VaadinServlet.java:398)
	at com.vaadin.flow.spring.SpringServlet.service(SpringServlet.java:106)
	at jakarta.servlet.http.HttpServlet.service(HttpServlet.java:658)
	at org.apache.catalina.core.ApplicationFilterChain.internalDoFilter(ApplicationFilterChain.java:205)
	at org.apache.catalina.core.ApplicationFilterChain.doFilter(ApplicationFilterChain.java:149)
	at org.apache.catalina.core.ApplicationDispatcher.invoke(ApplicationDispatcher.java:642)
	at org.apache.catalina.core.ApplicationDispatcher.processRequest(ApplicationDispatcher.java:408)
	at org.apache.catalina.core.ApplicationDispatcher.doForward(ApplicationDispatcher.java:313)
	at org.apache.catalina.core.ApplicationDispatcher.forward(ApplicationDispatcher.java:277)
	at org.springframework.web.servlet.mvc.ServletForwardingController.handleRequestInternal(ServletForwardingController.java:141)
	at org.springframework.web.servlet.mvc.AbstractController.handleRequest(AbstractController.java:178)
	at org.springframework.web.servlet.mvc.SimpleControllerHandlerAdapter.handle(SimpleControllerHandlerAdapter.java:51)
	at org.springframework.web.servlet.DispatcherServlet.doDispatch(DispatcherServlet.java:1089)
	at org.springframework.web.servlet.DispatcherServlet.doService(DispatcherServlet.java:979)
	at org.springframework.web.servlet.FrameworkServlet.processRequest(FrameworkServlet.java:1014)
	at org.springframework.web.servlet.FrameworkServlet.doPost(FrameworkServlet.java:914)
	at jakarta.servlet.http.HttpServlet.service(HttpServlet.java:590)
	at org.springframework.web.servlet.FrameworkServlet.service(FrameworkServlet.java:885)
	at jakarta.servlet.http.HttpServlet.service(HttpServlet.java:658)
	at org.apache.catalina.core.ApplicationFilterChain.internalDoFilter(ApplicationFilterChain.java:205)
	at org.apache.catalina.core.ApplicationFilterChain.doFilter(ApplicationFilterChain.java:149)
	at org.apache.tomcat.websocket.server.WsFilter.doFilter(WsFilter.java:51)
	at org.apache.catalina.core.ApplicationFilterChain.internalDoFilter(ApplicationFilterChain.java:174)
	at org.apache.catalina.core.ApplicationFilterChain.doFilter(ApplicationFilterChain.java:149)
	at org.springframework.web.filter.RequestContextFilter.doFilterInternal(RequestContextFilter.java:100)
	at org.springframework.web.filter.OncePerRequestFilter.doFilter(OncePerRequestFilter.java:116)
	at org.apache.catalina.core.ApplicationFilterChain.internalDoFilter(ApplicationFilterChain.java:174)
	at org.apache.catalina.core.ApplicationFilterChain.doFilter(ApplicationFilterChain.java:149)
	at org.springframework.web.filter.FormContentFilter.doFilterInternal(FormContentFilter.java:93)
	at org.springframework.web.filter.OncePerRequestFilter.doFilter(OncePerRequestFilter.java:116)
	at org.apache.catalina.core.ApplicationFilterChain.internalDoFilter(ApplicationFilterChain.java:174)
	at org.apache.catalina.core.ApplicationFilterChain.doFilter(ApplicationFilterChain.java:149)
	at org.springframework.web.filter.CharacterEncodingFilter.doFilterInternal(CharacterEncodingFilter.java:201)
	at org.springframework.web.filter.OncePerRequestFilter.doFilter(OncePerRequestFilter.java:116)
	at org.apache.catalina.core.ApplicationFilterChain.internalDoFilter(ApplicationFilterChain.java:174)
	at org.apache.catalina.core.ApplicationFilterChain.doFilter(ApplicationFilterChain.java:149)
	at org.apache.catalina.core.StandardWrapperValve.invoke(StandardWrapperValve.java:167)
	at org.apache.catalina.core.StandardContextValve.invoke(StandardContextValve.java:90)
	at org.apache.catalina.authenticator.AuthenticatorBase.invoke(AuthenticatorBase.java:482)
	at org.apache.catalina.core.StandardHostValve.invoke(StandardHostValve.java:115)
	at org.apache.catalina.valves.ErrorReportValve.invoke(ErrorReportValve.java:93)
	at org.apache.catalina.core.StandardEngineValve.invoke(StandardEngineValve.java:74)
	at org.apache.catalina.connector.CoyoteAdapter.service(CoyoteAdapter.java:340)
	at org.apache.coyote.http11.Http11Processor.service(Http11Processor.java:391)
	at org.apache.coyote.AbstractProcessorLight.process(AbstractProcessorLight.java:63)
	at org.apache.coyote.AbstractProtocol$ConnectionHandler.process(AbstractProtocol.java:896)
	at org.apache.tomcat.util.net.NioEndpoint$SocketProcessor.doRun(NioEndpoint.java:1744)
	at org.apache.tomcat.util.net.SocketProcessorBase.run(SocketProcessorBase.java:52)
	at org.apache.tomcat.util.threads.ThreadPoolExecutor.runWorker(ThreadPoolExecutor.java:1191)
	at org.apache.tomcat.util.threads.ThreadPoolExecutor$Worker.run(ThreadPoolExecutor.java:659)
	at org.apache.tomcat.util.threads.TaskThread$WrappingRunnable.run(TaskThread.java:61)
	at java.base/java.lang.Thread.run(Thread.java:1583)
2026-05-25 11:12:41 [http-nio-8080-exec-3] ERROR c.v.flow.server.DefaultErrorHandler - 
java.lang.IllegalArgumentException: Invalid salt revision
	at org.mindrot.jbcrypt.BCrypt.hashpw(BCrypt.java:665)
	at org.mindrot.jbcrypt.BCrypt.checkpw(BCrypt.java:764)
	at com.facturacion.service.AuthService.login(AuthService.java:42)
	at com.facturacion.ui.views.LoginView.lambda$crearTarjetaLogin$0(LoginView.java:109)
	at com.facturacion.ui.views.LoginView.lambda$crearTarjetaLogin$b2c3d7eb$1(LoginView.java:117)
	at com.vaadin.flow.component.ComponentEventBus.fireEventForListener(ComponentEventBus.java:239)
	at com.vaadin.flow.component.ComponentEventBus.handleDomEvent(ComponentEventBus.java:488)
	at com.vaadin.flow.component.ComponentEventBus.lambda$addDomTrigger$dd1b7957$1(ComponentEventBus.java:298)
	at com.vaadin.flow.internal.nodefeature.ElementListenerMap.lambda$fireEvent$2(ElementListenerMap.java:447)
	at java.base/java.util.ArrayList.forEach(ArrayList.java:1596)
	at com.vaadin.flow.internal.nodefeature.ElementListenerMap.fireEvent(ElementListenerMap.java:447)
	at com.vaadin.flow.server.communication.rpc.EventRpcHandler.handleNode(EventRpcHandler.java:62)
	at com.vaadin.flow.server.communication.rpc.AbstractRpcInvocationHandler.handle(AbstractRpcInvocationHandler.java:74)
	at com.vaadin.flow.server.communication.ServerRpcHandler.handleInvocationData(ServerRpcHandler.java:466)
	at com.vaadin.flow.server.communication.ServerRpcHandler.lambda$handleInvocations$4(ServerRpcHandler.java:447)
	at java.base/java.util.ArrayList.forEach(ArrayList.java:1596)
	at com.vaadin.flow.server.communication.ServerRpcHandler.handleInvocations(ServerRpcHandler.java:447)
	at com.vaadin.flow.server.communication.ServerRpcHandler.handleRpc(ServerRpcHandler.java:324)
	at com.vaadin.flow.server.communication.UidlRequestHandler.synchronizedHandleRequest(UidlRequestHandler.java:114)
	at com.vaadin.flow.server.SynchronizedRequestHandler.handleRequest(SynchronizedRequestHandler.java:40)
	at com.vaadin.flow.server.VaadinService.handleRequest(VaadinService.java:1573)
	at com.vaadin.flow.server.VaadinServlet.service(VaadinServlet.java:398)
	at com.vaadin.flow.spring.SpringServlet.service(SpringServlet.java:106)
	at jakarta.servlet.http.HttpServlet.service(HttpServlet.java:658)
	at org.apache.catalina.core.ApplicationFilterChain.internalDoFilter(ApplicationFilterChain.java:205)
	at org.apache.catalina.core.ApplicationFilterChain.doFilter(ApplicationFilterChain.java:149)
	at org.apache.catalina.core.ApplicationDispatcher.invoke(ApplicationDispatcher.java:642)
	at org.apache.catalina.core.ApplicationDispatcher.processRequest(ApplicationDispatcher.java:408)
	at org.apache.catalina.core.ApplicationDispatcher.doForward(ApplicationDispatcher.java:313)
	at org.apache.catalina.core.ApplicationDispatcher.forward(ApplicationDispatcher.java:277)
	at org.springframework.web.servlet.mvc.ServletForwardingController.handleRequestInternal(ServletForwardingController.java:141)
	at org.springframework.web.servlet.mvc.AbstractController.handleRequest(AbstractController.java:178)
	at org.springframework.web.servlet.mvc.SimpleControllerHandlerAdapter.handle(SimpleControllerHandlerAdapter.java:51)
	at org.springframework.web.servlet.DispatcherServlet.doDispatch(DispatcherServlet.java:1089)
	at org.springframework.web.servlet.DispatcherServlet.doService(DispatcherServlet.java:979)
	at org.springframework.web.servlet.FrameworkServlet.processRequest(FrameworkServlet.java:1014)
	at org.springframework.web.servlet.FrameworkServlet.doPost(FrameworkServlet.java:914)
	at jakarta.servlet.http.HttpServlet.service(HttpServlet.java:590)
	at org.springframework.web.servlet.FrameworkServlet.service(FrameworkServlet.java:885)
	at jakarta.servlet.http.HttpServlet.service(HttpServlet.java:658)
	at org.apache.catalina.core.ApplicationFilterChain.internalDoFilter(ApplicationFilterChain.java:205)
	at org.apache.catalina.core.ApplicationFilterChain.doFilter(ApplicationFilterChain.java:149)
	at org.apache.tomcat.websocket.server.WsFilter.doFilter(WsFilter.java:51)
	at org.apache.catalina.core.ApplicationFilterChain.internalDoFilter(ApplicationFilterChain.java:174)
	at org.apache.catalina.core.ApplicationFilterChain.doFilter(ApplicationFilterChain.java:149)
	at org.springframework.web.filter.RequestContextFilter.doFilterInternal(RequestContextFilter.java:100)
	at org.springframework.web.filter.OncePerRequestFilter.doFilter(OncePerRequestFilter.java:116)
	at org.apache.catalina.core.ApplicationFilterChain.internalDoFilter(ApplicationFilterChain.java:174)
	at org.apache.catalina.core.ApplicationFilterChain.doFilter(ApplicationFilterChain.java:149)
	at org.springframework.web.filter.FormContentFilter.doFilterInternal(FormContentFilter.java:93)
	at org.springframework.web.filter.OncePerRequestFilter.doFilter(OncePerRequestFilter.java:116)
	at org.apache.catalina.core.ApplicationFilterChain.internalDoFilter(ApplicationFilterChain.java:174)
	at org.apache.catalina.core.ApplicationFilterChain.doFilter(ApplicationFilterChain.java:149)
	at org.springframework.web.filter.CharacterEncodingFilter.doFilterInternal(CharacterEncodingFilter.java:201)
	at org.springframework.web.filter.OncePerRequestFilter.doFilter(OncePerRequestFilter.java:116)
	at org.apache.catalina.core.ApplicationFilterChain.internalDoFilter(ApplicationFilterChain.java:174)
	at org.apache.catalina.core.ApplicationFilterChain.doFilter(ApplicationFilterChain.java:149)
	at org.apache.catalina.core.StandardWrapperValve.invoke(StandardWrapperValve.java:167)
	at org.apache.catalina.core.StandardContextValve.invoke(StandardContextValve.java:90)
	at org.apache.catalina.authenticator.AuthenticatorBase.invoke(AuthenticatorBase.java:482)
	at org.apache.catalina.core.StandardHostValve.invoke(StandardHostValve.java:115)
	at org.apache.catalina.valves.ErrorReportValve.invoke(ErrorReportValve.java:93)
	at org.apache.catalina.core.StandardEngineValve.invoke(StandardEngineValve.java:74)
	at org.apache.catalina.connector.CoyoteAdapter.service(CoyoteAdapter.java:340)
	at org.apache.coyote.http11.Http11Processor.service(Http11Processor.java:391)
	at org.apache.coyote.AbstractProcessorLight.process(AbstractProcessorLight.java:63)
	at org.apache.coyote.AbstractProtocol$ConnectionHandler.process(AbstractProtocol.java:896)
	at org.apache.tomcat.util.net.NioEndpoint$SocketProcessor.doRun(NioEndpoint.java:1744)
	at org.apache.tomcat.util.net.SocketProcessorBase.run(SocketProcessorBase.java:52)
	at org.apache.tomcat.util.threads.ThreadPoolExecutor.runWorker(ThreadPoolExecutor.java:1191)
	at org.apache.tomcat.util.threads.ThreadPoolExecutor$Worker.run(ThreadPoolExecutor.java:659)
	at org.apache.tomcat.util.threads.TaskThread$WrappingRunnable.run(TaskThread.java:61)
	at java.base/java.lang.Thread.run(Thread.java:1583)
2026-05-25 11:12:47 [http-nio-8080-exec-6] ERROR c.v.flow.server.DefaultErrorHandler - 
java.lang.IllegalArgumentException: Invalid salt revision
	at org.mindrot.jbcrypt.BCrypt.hashpw(BCrypt.java:665)
	at org.mindrot.jbcrypt.BCrypt.checkpw(BCrypt.java:764)
	at com.facturacion.service.AuthService.login(AuthService.java:42)
	at com.facturacion.ui.views.LoginView.lambda$crearTarjetaLogin$0(LoginView.java:109)
	at com.facturacion.ui.views.LoginView.lambda$crearTarjetaLogin$b2c3d7eb$1(LoginView.java:117)
	at com.vaadin.flow.component.ComponentEventBus.fireEventForListener(ComponentEventBus.java:239)
	at com.vaadin.flow.component.ComponentEventBus.handleDomEvent(ComponentEventBus.java:488)
	at com.vaadin.flow.component.ComponentEventBus.lambda$addDomTrigger$dd1b7957$1(ComponentEventBus.java:298)
	at com.vaadin.flow.internal.nodefeature.ElementListenerMap.lambda$fireEvent$2(ElementListenerMap.java:447)
	at java.base/java.util.ArrayList.forEach(ArrayList.java:1596)
	at com.vaadin.flow.internal.nodefeature.ElementListenerMap.fireEvent(ElementListenerMap.java:447)
	at com.vaadin.flow.server.communication.rpc.EventRpcHandler.handleNode(EventRpcHandler.java:62)
	at com.vaadin.flow.server.communication.rpc.AbstractRpcInvocationHandler.handle(AbstractRpcInvocationHandler.java:74)
	at com.vaadin.flow.server.communication.ServerRpcHandler.handleInvocationData(ServerRpcHandler.java:466)
	at com.vaadin.flow.server.communication.ServerRpcHandler.lambda$handleInvocations$4(ServerRpcHandler.java:447)
	at java.base/java.util.ArrayList.forEach(ArrayList.java:1596)
	at com.vaadin.flow.server.communication.ServerRpcHandler.handleInvocations(ServerRpcHandler.java:447)
	at com.vaadin.flow.server.communication.ServerRpcHandler.handleRpc(ServerRpcHandler.java:324)
	at com.vaadin.flow.server.communication.UidlRequestHandler.synchronizedHandleRequest(UidlRequestHandler.java:114)
	at com.vaadin.flow.server.SynchronizedRequestHandler.handleRequest(SynchronizedRequestHandler.java:40)
	at com.vaadin.flow.server.VaadinService.handleRequest(VaadinService.java:1573)
	at com.vaadin.flow.server.VaadinServlet.service(VaadinServlet.java:398)
	at com.vaadin.flow.spring.SpringServlet.service(SpringServlet.java:106)
	at jakarta.servlet.http.HttpServlet.service(HttpServlet.java:658)
	at org.apache.catalina.core.ApplicationFilterChain.internalDoFilter(ApplicationFilterChain.java:205)
	at org.apache.catalina.core.ApplicationFilterChain.doFilter(ApplicationFilterChain.java:149)
	at org.apache.catalina.core.ApplicationDispatcher.invoke(ApplicationDispatcher.java:642)
	at org.apache.catalina.core.ApplicationDispatcher.processRequest(ApplicationDispatcher.java:408)
	at org.apache.catalina.core.ApplicationDispatcher.doForward(ApplicationDispatcher.java:313)
	at org.apache.catalina.core.ApplicationDispatcher.forward(ApplicationDispatcher.java:277)
	at org.springframework.web.servlet.mvc.ServletForwardingController.handleRequestInternal(ServletForwardingController.java:141)
	at org.springframework.web.servlet.mvc.AbstractController.handleRequest(AbstractController.java:178)
	at org.springframework.web.servlet.mvc.SimpleControllerHandlerAdapter.handle(SimpleControllerHandlerAdapter.java:51)
	at org.springframework.web.servlet.DispatcherServlet.doDispatch(DispatcherServlet.java:1089)
	at org.springframework.web.servlet.DispatcherServlet.doService(DispatcherServlet.java:979)
	at org.springframework.web.servlet.FrameworkServlet.processRequest(FrameworkServlet.java:1014)
	at org.springframework.web.servlet.FrameworkServlet.doPost(FrameworkServlet.java:914)
	at jakarta.servlet.http.HttpServlet.service(HttpServlet.java:590)
	at org.springframework.web.servlet.FrameworkServlet.service(FrameworkServlet.java:885)
	at jakarta.servlet.http.HttpServlet.service(HttpServlet.java:658)
	at org.apache.catalina.core.ApplicationFilterChain.internalDoFilter(ApplicationFilterChain.java:205)
	at org.apache.catalina.core.ApplicationFilterChain.doFilter(ApplicationFilterChain.java:149)
	at org.apache.tomcat.websocket.server.WsFilter.doFilter(WsFilter.java:51)
	at org.apache.catalina.core.ApplicationFilterChain.internalDoFilter(ApplicationFilterChain.java:174)
	at org.apache.catalina.core.ApplicationFilterChain.doFilter(ApplicationFilterChain.java:149)
	at org.springframework.web.filter.RequestContextFilter.doFilterInternal(RequestContextFilter.java:100)
	at org.springframework.web.filter.OncePerRequestFilter.doFilter(OncePerRequestFilter.java:116)
	at org.apache.catalina.core.ApplicationFilterChain.internalDoFilter(ApplicationFilterChain.java:174)
	at org.apache.catalina.core.ApplicationFilterChain.doFilter(ApplicationFilterChain.java:149)
	at org.springframework.web.filter.FormContentFilter.doFilterInternal(FormContentFilter.java:93)
	at org.springframework.web.filter.OncePerRequestFilter.doFilter(OncePerRequestFilter.java:116)
	at org.apache.catalina.core.ApplicationFilterChain.internalDoFilter(ApplicationFilterChain.java:174)
	at org.apache.catalina.core.ApplicationFilterChain.doFilter(ApplicationFilterChain.java:149)
	at org.springframework.web.filter.CharacterEncodingFilter.doFilterInternal(CharacterEncodingFilter.java:201)
	at org.springframework.web.filter.OncePerRequestFilter.doFilter(OncePerRequestFilter.java:116)
	at org.apache.catalina.core.ApplicationFilterChain.internalDoFilter(ApplicationFilterChain.java:174)
	at org.apache.catalina.core.ApplicationFilterChain.doFilter(ApplicationFilterChain.java:149)
	at org.apache.catalina.core.StandardWrapperValve.invoke(StandardWrapperValve.java:167)
	at org.apache.catalina.core.StandardContextValve.invoke(StandardContextValve.java:90)
	at org.apache.catalina.authenticator.AuthenticatorBase.invoke(AuthenticatorBase.java:482)
	at org.apache.catalina.core.StandardHostValve.invoke(StandardHostValve.java:115)
	at org.apache.catalina.valves.ErrorReportValve.invoke(ErrorReportValve.java:93)
	at org.apache.catalina.core.StandardEngineValve.invoke(StandardEngineValve.java:74)
	at org.apache.catalina.connector.CoyoteAdapter.service(CoyoteAdapter.java:340)
	at org.apache.coyote.http11.Http11Processor.service(Http11Processor.java:391)
	at org.apache.coyote.AbstractProcessorLight.process(AbstractProcessorLight.java:63)
	at org.apache.coyote.AbstractProtocol$ConnectionHandler.process(AbstractProtocol.java:896)
	at org.apache.tomcat.util.net.NioEndpoint$SocketProcessor.doRun(NioEndpoint.java:1744)
	at org.apache.tomcat.util.net.SocketProcessorBase.run(SocketProcessorBase.java:52)
	at org.apache.tomcat.util.threads.ThreadPoolExecutor.runWorker(ThreadPoolExecutor.java:1191)
	at org.apache.tomcat.util.threads.ThreadPoolExecutor$Worker.run(ThreadPoolExecutor.java:659)
	at org.apache.tomcat.util.threads.TaskThread$WrappingRunnable.run(TaskThread.java:61)
	at java.base/java.lang.Thread.run(Thread.java:1583)
2026-05-25 11:12:49 [http-nio-8080-exec-4] ERROR c.v.flow.server.DefaultErrorHandler - 
java.lang.IllegalArgumentException: Invalid salt revision
	at org.mindrot.jbcrypt.BCrypt.hashpw(BCrypt.java:665)
	at org.mindrot.jbcrypt.BCrypt.checkpw(BCrypt.java:764)
	at com.facturacion.service.AuthService.login(AuthService.java:42)
	at com.facturacion.ui.views.LoginView.lambda$crearTarjetaLogin$0(LoginView.java:109)
	at com.facturacion.ui.views.LoginView.lambda$crearTarjetaLogin$b2c3d7eb$1(LoginView.java:117)
	at com.vaadin.flow.component.ComponentEventBus.fireEventForListener(ComponentEventBus.java:239)
	at com.vaadin.flow.component.ComponentEventBus.handleDomEvent(ComponentEventBus.java:488)
	at com.vaadin.flow.component.ComponentEventBus.lambda$addDomTrigger$dd1b7957$1(ComponentEventBus.java:298)
	at com.vaadin.flow.internal.nodefeature.ElementListenerMap.lambda$fireEvent$2(ElementListenerMap.java:447)
	at java.base/java.util.ArrayList.forEach(ArrayList.java:1596)
	at com.vaadin.flow.internal.nodefeature.ElementListenerMap.fireEvent(ElementListenerMap.java:447)
	at com.vaadin.flow.server.communication.rpc.EventRpcHandler.handleNode(EventRpcHandler.java:62)
	at com.vaadin.flow.server.communication.rpc.AbstractRpcInvocationHandler.handle(AbstractRpcInvocationHandler.java:74)
	at com.vaadin.flow.server.communication.ServerRpcHandler.handleInvocationData(ServerRpcHandler.java:466)
	at com.vaadin.flow.server.communication.ServerRpcHandler.lambda$handleInvocations$4(ServerRpcHandler.java:447)
	at java.base/java.util.ArrayList.forEach(ArrayList.java:1596)
	at com.vaadin.flow.server.communication.ServerRpcHandler.handleInvocations(ServerRpcHandler.java:447)
	at com.vaadin.flow.server.communication.ServerRpcHandler.handleRpc(ServerRpcHandler.java:324)
	at com.vaadin.flow.server.communication.UidlRequestHandler.synchronizedHandleRequest(UidlRequestHandler.java:114)
	at com.vaadin.flow.server.SynchronizedRequestHandler.handleRequest(SynchronizedRequestHandler.java:40)
	at com.vaadin.flow.server.VaadinService.handleRequest(VaadinService.java:1573)
	at com.vaadin.flow.server.VaadinServlet.service(VaadinServlet.java:398)
	at com.vaadin.flow.spring.SpringServlet.service(SpringServlet.java:106)
	at jakarta.servlet.http.HttpServlet.service(HttpServlet.java:658)
	at org.apache.catalina.core.ApplicationFilterChain.internalDoFilter(ApplicationFilterChain.java:205)
	at org.apache.catalina.core.ApplicationFilterChain.doFilter(ApplicationFilterChain.java:149)
	at org.apache.catalina.core.ApplicationDispatcher.invoke(ApplicationDispatcher.java:642)
	at org.apache.catalina.core.ApplicationDispatcher.processRequest(ApplicationDispatcher.java:408)
	at org.apache.catalina.core.ApplicationDispatcher.doForward(ApplicationDispatcher.java:313)
	at org.apache.catalina.core.ApplicationDispatcher.forward(ApplicationDispatcher.java:277)
	at org.springframework.web.servlet.mvc.ServletForwardingController.handleRequestInternal(ServletForwardingController.java:141)
	at org.springframework.web.servlet.mvc.AbstractController.handleRequest(AbstractController.java:178)
	at org.springframework.web.servlet.mvc.SimpleControllerHandlerAdapter.handle(SimpleControllerHandlerAdapter.java:51)
	at org.springframework.web.servlet.DispatcherServlet.doDispatch(DispatcherServlet.java:1089)
	at org.springframework.web.servlet.DispatcherServlet.doService(DispatcherServlet.java:979)
	at org.springframework.web.servlet.FrameworkServlet.processRequest(FrameworkServlet.java:1014)
	at org.springframework.web.servlet.FrameworkServlet.doPost(FrameworkServlet.java:914)
	at jakarta.servlet.http.HttpServlet.service(HttpServlet.java:590)
	at org.springframework.web.servlet.FrameworkServlet.service(FrameworkServlet.java:885)
	at jakarta.servlet.http.HttpServlet.service(HttpServlet.java:658)
	at org.apache.catalina.core.ApplicationFilterChain.internalDoFilter(ApplicationFilterChain.java:205)
	at org.apache.catalina.core.ApplicationFilterChain.doFilter(ApplicationFilterChain.java:149)
	at org.apache.tomcat.websocket.server.WsFilter.doFilter(WsFilter.java:51)
	at org.apache.catalina.core.ApplicationFilterChain.internalDoFilter(ApplicationFilterChain.java:174)
	at org.apache.catalina.core.ApplicationFilterChain.doFilter(ApplicationFilterChain.java:149)
	at org.springframework.web.filter.RequestContextFilter.doFilterInternal(RequestContextFilter.java:100)
	at org.springframework.web.filter.OncePerRequestFilter.doFilter(OncePerRequestFilter.java:116)
	at org.apache.catalina.core.ApplicationFilterChain.internalDoFilter(ApplicationFilterChain.java:174)
	at org.apache.catalina.core.ApplicationFilterChain.doFilter(ApplicationFilterChain.java:149)
	at org.springframework.web.filter.FormContentFilter.doFilterInternal(FormContentFilter.java:93)
	at org.springframework.web.filter.OncePerRequestFilter.doFilter(OncePerRequestFilter.java:116)
	at org.apache.catalina.core.ApplicationFilterChain.internalDoFilter(ApplicationFilterChain.java:174)
	at org.apache.catalina.core.ApplicationFilterChain.doFilter(ApplicationFilterChain.java:149)
	at org.springframework.web.filter.CharacterEncodingFilter.doFilterInternal(CharacterEncodingFilter.java:201)
	at org.springframework.web.filter.OncePerRequestFilter.doFilter(OncePerRequestFilter.java:116)
	at org.apache.catalina.core.ApplicationFilterChain.internalDoFilter(ApplicationFilterChain.java:174)
	at org.apache.catalina.core.ApplicationFilterChain.doFilter(ApplicationFilterChain.java:149)
	at org.apache.catalina.core.StandardWrapperValve.invoke(StandardWrapperValve.java:167)
	at org.apache.catalina.core.StandardContextValve.invoke(StandardContextValve.java:90)
	at org.apache.catalina.authenticator.AuthenticatorBase.invoke(AuthenticatorBase.java:482)
	at org.apache.catalina.core.StandardHostValve.invoke(StandardHostValve.java:115)
	at org.apache.catalina.valves.ErrorReportValve.invoke(ErrorReportValve.java:93)
	at org.apache.catalina.core.StandardEngineValve.invoke(StandardEngineValve.java:74)
	at org.apache.catalina.connector.CoyoteAdapter.service(CoyoteAdapter.java:340)
	at org.apache.coyote.http11.Http11Processor.service(Http11Processor.java:391)
	at org.apache.coyote.AbstractProcessorLight.process(AbstractProcessorLight.java:63)
	at org.apache.coyote.AbstractProtocol$ConnectionHandler.process(AbstractProtocol.java:896)
	at org.apache.tomcat.util.net.NioEndpoint$SocketProcessor.doRun(NioEndpoint.java:1744)
	at org.apache.tomcat.util.net.SocketProcessorBase.run(SocketProcessorBase.java:52)
	at org.apache.tomcat.util.threads.ThreadPoolExecutor.runWorker(ThreadPoolExecutor.java:1191)
	at org.apache.tomcat.util.threads.ThreadPoolExecutor$Worker.run(ThreadPoolExecutor.java:659)
	at org.apache.tomcat.util.threads.TaskThread$WrappingRunnable.run(TaskThread.java:61)
	at java.base/java.lang.Thread.run(Thread.java:1583)
2026-05-25 11:12:49 [http-nio-8080-exec-7] ERROR c.v.flow.server.DefaultErrorHandler - 
java.lang.IllegalArgumentException: Invalid salt revision
	at org.mindrot.jbcrypt.BCrypt.hashpw(BCrypt.java:665)
	at org.mindrot.jbcrypt.BCrypt.checkpw(BCrypt.java:764)
	at com.facturacion.service.AuthService.login(AuthService.java:42)
	at com.facturacion.ui.views.LoginView.lambda$crearTarjetaLogin$0(LoginView.java:109)
	at com.facturacion.ui.views.LoginView.lambda$crearTarjetaLogin$b2c3d7eb$1(LoginView.java:117)
	at com.vaadin.flow.component.ComponentEventBus.fireEventForListener(ComponentEventBus.java:239)
	at com.vaadin.flow.component.ComponentEventBus.handleDomEvent(ComponentEventBus.java:488)
	at com.vaadin.flow.component.ComponentEventBus.lambda$addDomTrigger$dd1b7957$1(ComponentEventBus.java:298)
	at com.vaadin.flow.internal.nodefeature.ElementListenerMap.lambda$fireEvent$2(ElementListenerMap.java:447)
	at java.base/java.util.ArrayList.forEach(ArrayList.java:1596)
	at com.vaadin.flow.internal.nodefeature.ElementListenerMap.fireEvent(ElementListenerMap.java:447)
	at com.vaadin.flow.server.communication.rpc.EventRpcHandler.handleNode(EventRpcHandler.java:62)
	at com.vaadin.flow.server.communication.rpc.AbstractRpcInvocationHandler.handle(AbstractRpcInvocationHandler.java:74)
	at com.vaadin.flow.server.communication.ServerRpcHandler.handleInvocationData(ServerRpcHandler.java:466)
	at com.vaadin.flow.server.communication.ServerRpcHandler.lambda$handleInvocations$4(ServerRpcHandler.java:447)
	at java.base/java.util.ArrayList.forEach(ArrayList.java:1596)
	at com.vaadin.flow.server.communication.ServerRpcHandler.handleInvocations(ServerRpcHandler.java:447)
	at com.vaadin.flow.server.communication.ServerRpcHandler.handleRpc(ServerRpcHandler.java:324)
	at com.vaadin.flow.server.communication.UidlRequestHandler.synchronizedHandleRequest(UidlRequestHandler.java:114)
	at com.vaadin.flow.server.SynchronizedRequestHandler.handleRequest(SynchronizedRequestHandler.java:40)
	at com.vaadin.flow.server.VaadinService.handleRequest(VaadinService.java:1573)
	at com.vaadin.flow.server.VaadinServlet.service(VaadinServlet.java:398)
	at com.vaadin.flow.spring.SpringServlet.service(SpringServlet.java:106)
	at jakarta.servlet.http.HttpServlet.service(HttpServlet.java:658)
	at org.apache.catalina.core.ApplicationFilterChain.internalDoFilter(ApplicationFilterChain.java:205)
	at org.apache.catalina.core.ApplicationFilterChain.doFilter(ApplicationFilterChain.java:149)
	at org.apache.catalina.core.ApplicationDispatcher.invoke(ApplicationDispatcher.java:642)
	at org.apache.catalina.core.ApplicationDispatcher.processRequest(ApplicationDispatcher.java:408)
	at org.apache.catalina.core.ApplicationDispatcher.doForward(ApplicationDispatcher.java:313)
	at org.apache.catalina.core.ApplicationDispatcher.forward(ApplicationDispatcher.java:277)
	at org.springframework.web.servlet.mvc.ServletForwardingController.handleRequestInternal(ServletForwardingController.java:141)
	at org.springframework.web.servlet.mvc.AbstractController.handleRequest(AbstractController.java:178)
	at org.springframework.web.servlet.mvc.SimpleControllerHandlerAdapter.handle(SimpleControllerHandlerAdapter.java:51)
	at org.springframework.web.servlet.DispatcherServlet.doDispatch(DispatcherServlet.java:1089)
	at org.springframework.web.servlet.DispatcherServlet.doService(DispatcherServlet.java:979)
	at org.springframework.web.servlet.FrameworkServlet.processRequest(FrameworkServlet.java:1014)
	at org.springframework.web.servlet.FrameworkServlet.doPost(FrameworkServlet.java:914)
	at jakarta.servlet.http.HttpServlet.service(HttpServlet.java:590)
	at org.springframework.web.servlet.FrameworkServlet.service(FrameworkServlet.java:885)
	at jakarta.servlet.http.HttpServlet.service(HttpServlet.java:658)
	at org.apache.catalina.core.ApplicationFilterChain.internalDoFilter(ApplicationFilterChain.java:205)
	at org.apache.catalina.core.ApplicationFilterChain.doFilter(ApplicationFilterChain.java:149)
	at org.apache.tomcat.websocket.server.WsFilter.doFilter(WsFilter.java:51)
	at org.apache.catalina.core.ApplicationFilterChain.internalDoFilter(ApplicationFilterChain.java:174)
	at org.apache.catalina.core.ApplicationFilterChain.doFilter(ApplicationFilterChain.java:149)
	at org.springframework.web.filter.RequestContextFilter.doFilterInternal(RequestContextFilter.java:100)
	at org.springframework.web.filter.OncePerRequestFilter.doFilter(OncePerRequestFilter.java:116)
	at org.apache.catalina.core.ApplicationFilterChain.internalDoFilter(ApplicationFilterChain.java:174)
	at org.apache.catalina.core.ApplicationFilterChain.doFilter(ApplicationFilterChain.java:149)
	at org.springframework.web.filter.FormContentFilter.doFilterInternal(FormContentFilter.java:93)
	at org.springframework.web.filter.OncePerRequestFilter.doFilter(OncePerRequestFilter.java:116)
	at org.apache.catalina.core.ApplicationFilterChain.internalDoFilter(ApplicationFilterChain.java:174)
	at org.apache.catalina.core.ApplicationFilterChain.doFilter(ApplicationFilterChain.java:149)
	at org.springframework.web.filter.CharacterEncodingFilter.doFilterInternal(CharacterEncodingFilter.java:201)
	at org.springframework.web.filter.OncePerRequestFilter.doFilter(OncePerRequestFilter.java:116)
	at org.apache.catalina.core.ApplicationFilterChain.internalDoFilter(ApplicationFilterChain.java:174)
	at org.apache.catalina.core.ApplicationFilterChain.doFilter(ApplicationFilterChain.java:149)
	at org.apache.catalina.core.StandardWrapperValve.invoke(StandardWrapperValve.java:167)
	at org.apache.catalina.core.StandardContextValve.invoke(StandardContextValve.java:90)
	at org.apache.catalina.authenticator.AuthenticatorBase.invoke(AuthenticatorBase.java:482)
	at org.apache.catalina.core.StandardHostValve.invoke(StandardHostValve.java:115)
	at org.apache.catalina.valves.ErrorReportValve.invoke(ErrorReportValve.java:93)
	at org.apache.catalina.core.StandardEngineValve.invoke(StandardEngineValve.java:74)
	at org.apache.catalina.connector.CoyoteAdapter.service(CoyoteAdapter.java:340)
	at org.apache.coyote.http11.Http11Processor.service(Http11Processor.java:391)
	at org.apache.coyote.AbstractProcessorLight.process(AbstractProcessorLight.java:63)
	at org.apache.coyote.AbstractProtocol$ConnectionHandler.process(AbstractProtocol.java:896)
	at org.apache.tomcat.util.net.NioEndpoint$SocketProcessor.doRun(NioEndpoint.java:1744)
	at org.apache.tomcat.util.net.SocketProcessorBase.run(SocketProcessorBase.java:52)
	at org.apache.tomcat.util.threads.ThreadPoolExecutor.runWorker(ThreadPoolExecutor.java:1191)
	at org.apache.tomcat.util.threads.ThreadPoolExecutor$Worker.run(ThreadPoolExecutor.java:659)
	at org.apache.tomcat.util.threads.TaskThread$WrappingRunnable.run(TaskThread.java:61)
	at java.base/java.lang.Thread.run(Thread.java:1583)
2026-05-25 11:12:51 [http-nio-8080-exec-2] ERROR c.v.flow.server.DefaultErrorHandler - 
java.lang.IllegalArgumentException: Invalid salt revision
	at org.mindrot.jbcrypt.BCrypt.hashpw(BCrypt.java:665)
	at org.mindrot.jbcrypt.BCrypt.checkpw(BCrypt.java:764)
	at com.facturacion.service.AuthService.login(AuthService.java:42)
	at com.facturacion.ui.views.LoginView.lambda$crearTarjetaLogin$0(LoginView.java:109)
	at com.facturacion.ui.views.LoginView.lambda$crearTarjetaLogin$b2c3d7eb$1(LoginView.java:117)
	at com.vaadin.flow.component.ComponentEventBus.fireEventForListener(ComponentEventBus.java:239)
	at com.vaadin.flow.component.ComponentEventBus.handleDomEvent(ComponentEventBus.java:488)
	at com.vaadin.flow.component.ComponentEventBus.lambda$addDomTrigger$dd1b7957$1(ComponentEventBus.java:298)
	at com.vaadin.flow.internal.nodefeature.ElementListenerMap.lambda$fireEvent$2(ElementListenerMap.java:447)
	at java.base/java.util.ArrayList.forEach(ArrayList.java:1596)
	at com.vaadin.flow.internal.nodefeature.ElementListenerMap.fireEvent(ElementListenerMap.java:447)
	at com.vaadin.flow.server.communication.rpc.EventRpcHandler.handleNode(EventRpcHandler.java:62)
	at com.vaadin.flow.server.communication.rpc.AbstractRpcInvocationHandler.handle(AbstractRpcInvocationHandler.java:74)
	at com.vaadin.flow.server.communication.ServerRpcHandler.handleInvocationData(ServerRpcHandler.java:466)
	at com.vaadin.flow.server.communication.ServerRpcHandler.lambda$handleInvocations$4(ServerRpcHandler.java:447)
	at java.base/java.util.ArrayList.forEach(ArrayList.java:1596)
	at com.vaadin.flow.server.communication.ServerRpcHandler.handleInvocations(ServerRpcHandler.java:447)
	at com.vaadin.flow.server.communication.ServerRpcHandler.handleRpc(ServerRpcHandler.java:324)
	at com.vaadin.flow.server.communication.UidlRequestHandler.synchronizedHandleRequest(UidlRequestHandler.java:114)
	at com.vaadin.flow.server.SynchronizedRequestHandler.handleRequest(SynchronizedRequestHandler.java:40)
	at com.vaadin.flow.server.VaadinService.handleRequest(VaadinService.java:1573)
	at com.vaadin.flow.server.VaadinServlet.service(VaadinServlet.java:398)
	at com.vaadin.flow.spring.SpringServlet.service(SpringServlet.java:106)
	at jakarta.servlet.http.HttpServlet.service(HttpServlet.java:658)
	at org.apache.catalina.core.ApplicationFilterChain.internalDoFilter(ApplicationFilterChain.java:205)
	at org.apache.catalina.core.ApplicationFilterChain.doFilter(ApplicationFilterChain.java:149)
	at org.apache.catalina.core.ApplicationDispatcher.invoke(ApplicationDispatcher.java:642)
	at org.apache.catalina.core.ApplicationDispatcher.processRequest(ApplicationDispatcher.java:408)
	at org.apache.catalina.core.ApplicationDispatcher.doForward(ApplicationDispatcher.java:313)
	at org.apache.catalina.core.ApplicationDispatcher.forward(ApplicationDispatcher.java:277)
	at org.springframework.web.servlet.mvc.ServletForwardingController.handleRequestInternal(ServletForwardingController.java:141)
	at org.springframework.web.servlet.mvc.AbstractController.handleRequest(AbstractController.java:178)
	at org.springframework.web.servlet.mvc.SimpleControllerHandlerAdapter.handle(SimpleControllerHandlerAdapter.java:51)
	at org.springframework.web.servlet.DispatcherServlet.doDispatch(DispatcherServlet.java:1089)
	at org.springframework.web.servlet.DispatcherServlet.doService(DispatcherServlet.java:979)
	at org.springframework.web.servlet.FrameworkServlet.processRequest(FrameworkServlet.java:1014)
	at org.springframework.web.servlet.FrameworkServlet.doPost(FrameworkServlet.java:914)
	at jakarta.servlet.http.HttpServlet.service(HttpServlet.java:590)
	at org.springframework.web.servlet.FrameworkServlet.service(FrameworkServlet.java:885)
	at jakarta.servlet.http.HttpServlet.service(HttpServlet.java:658)
	at org.apache.catalina.core.ApplicationFilterChain.internalDoFilter(ApplicationFilterChain.java:205)
	at org.apache.catalina.core.ApplicationFilterChain.doFilter(ApplicationFilterChain.java:149)
	at org.apache.tomcat.websocket.server.WsFilter.doFilter(WsFilter.java:51)
	at org.apache.catalina.core.ApplicationFilterChain.internalDoFilter(ApplicationFilterChain.java:174)
	at org.apache.catalina.core.ApplicationFilterChain.doFilter(ApplicationFilterChain.java:149)
	at org.springframework.web.filter.RequestContextFilter.doFilterInternal(RequestContextFilter.java:100)
	at org.springframework.web.filter.OncePerRequestFilter.doFilter(OncePerRequestFilter.java:116)
	at org.apache.catalina.core.ApplicationFilterChain.internalDoFilter(ApplicationFilterChain.java:174)
	at org.apache.catalina.core.ApplicationFilterChain.doFilter(ApplicationFilterChain.java:149)
	at org.springframework.web.filter.FormContentFilter.doFilterInternal(FormContentFilter.java:93)
	at org.springframework.web.filter.OncePerRequestFilter.doFilter(OncePerRequestFilter.java:116)
	at org.apache.catalina.core.ApplicationFilterChain.internalDoFilter(ApplicationFilterChain.java:174)
	at org.apache.catalina.core.ApplicationFilterChain.doFilter(ApplicationFilterChain.java:149)
	at org.springframework.web.filter.CharacterEncodingFilter.doFilterInternal(CharacterEncodingFilter.java:201)
	at org.springframework.web.filter.OncePerRequestFilter.doFilter(OncePerRequestFilter.java:116)
	at org.apache.catalina.core.ApplicationFilterChain.internalDoFilter(ApplicationFilterChain.java:174)
	at org.apache.catalina.core.ApplicationFilterChain.doFilter(ApplicationFilterChain.java:149)
	at org.apache.catalina.core.StandardWrapperValve.invoke(StandardWrapperValve.java:167)
	at org.apache.catalina.core.StandardContextValve.invoke(StandardContextValve.java:90)
	at org.apache.catalina.authenticator.AuthenticatorBase.invoke(AuthenticatorBase.java:482)
	at org.apache.catalina.core.StandardHostValve.invoke(StandardHostValve.java:115)
	at org.apache.catalina.valves.ErrorReportValve.invoke(ErrorReportValve.java:93)
	at org.apache.catalina.core.StandardEngineValve.invoke(StandardEngineValve.java:74)
	at org.apache.catalina.connector.CoyoteAdapter.service(CoyoteAdapter.java:340)
	at org.apache.coyote.http11.Http11Processor.service(Http11Processor.java:391)
	at org.apache.coyote.AbstractProcessorLight.process(AbstractProcessorLight.java:63)
	at org.apache.coyote.AbstractProtocol$ConnectionHandler.process(AbstractProtocol.java:896)
	at org.apache.tomcat.util.net.NioEndpoint$SocketProcessor.doRun(NioEndpoint.java:1744)
	at org.apache.tomcat.util.net.SocketProcessorBase.run(SocketProcessorBase.java:52)
	at org.apache.tomcat.util.threads.ThreadPoolExecutor.runWorker(ThreadPoolExecutor.java:1191)
	at org.apache.tomcat.util.threads.ThreadPoolExecutor$Worker.run(ThreadPoolExecutor.java:659)
	at org.apache.tomcat.util.threads.TaskThread$WrappingRunnable.run(TaskThread.java:61)
	at java.base/java.lang.Thread.run(Thread.java:1583)
2026-05-25 11:12:51 [http-nio-8080-exec-8] ERROR c.v.flow.server.DefaultErrorHandler - 
java.lang.IllegalArgumentException: Invalid salt revision
	at org.mindrot.jbcrypt.BCrypt.hashpw(BCrypt.java:665)
	at org.mindrot.jbcrypt.BCrypt.checkpw(BCrypt.java:764)
	at com.facturacion.service.AuthService.login(AuthService.java:42)
	at com.facturacion.ui.views.LoginView.lambda$crearTarjetaLogin$0(LoginView.java:109)
	at com.facturacion.ui.views.LoginView.lambda$crearTarjetaLogin$b2c3d7eb$1(LoginView.java:117)
	at com.vaadin.flow.component.ComponentEventBus.fireEventForListener(ComponentEventBus.java:239)
	at com.vaadin.flow.component.ComponentEventBus.handleDomEvent(ComponentEventBus.java:488)
	at com.vaadin.flow.component.ComponentEventBus.lambda$addDomTrigger$dd1b7957$1(ComponentEventBus.java:298)
	at com.vaadin.flow.internal.nodefeature.ElementListenerMap.lambda$fireEvent$2(ElementListenerMap.java:447)
	at java.base/java.util.ArrayList.forEach(ArrayList.java:1596)
	at com.vaadin.flow.internal.nodefeature.ElementListenerMap.fireEvent(ElementListenerMap.java:447)
	at com.vaadin.flow.server.communication.rpc.EventRpcHandler.handleNode(EventRpcHandler.java:62)
	at com.vaadin.flow.server.communication.rpc.AbstractRpcInvocationHandler.handle(AbstractRpcInvocationHandler.java:74)
	at com.vaadin.flow.server.communication.ServerRpcHandler.handleInvocationData(ServerRpcHandler.java:466)
	at com.vaadin.flow.server.communication.ServerRpcHandler.lambda$handleInvocations$4(ServerRpcHandler.java:447)
	at java.base/java.util.ArrayList.forEach(ArrayList.java:1596)
	at com.vaadin.flow.server.communication.ServerRpcHandler.handleInvocations(ServerRpcHandler.java:447)
	at com.vaadin.flow.server.communication.ServerRpcHandler.handleRpc(ServerRpcHandler.java:324)
	at com.vaadin.flow.server.communication.UidlRequestHandler.synchronizedHandleRequest(UidlRequestHandler.java:114)
	at com.vaadin.flow.server.SynchronizedRequestHandler.handleRequest(SynchronizedRequestHandler.java:40)
	at com.vaadin.flow.server.VaadinService.handleRequest(VaadinService.java:1573)
	at com.vaadin.flow.server.VaadinServlet.service(VaadinServlet.java:398)
	at com.vaadin.flow.spring.SpringServlet.service(SpringServlet.java:106)
	at jakarta.servlet.http.HttpServlet.service(HttpServlet.java:658)
	at org.apache.catalina.core.ApplicationFilterChain.internalDoFilter(ApplicationFilterChain.java:205)
	at org.apache.catalina.core.ApplicationFilterChain.doFilter(ApplicationFilterChain.java:149)
	at org.apache.catalina.core.ApplicationDispatcher.invoke(ApplicationDispatcher.java:642)
	at org.apache.catalina.core.ApplicationDispatcher.processRequest(ApplicationDispatcher.java:408)
	at org.apache.catalina.core.ApplicationDispatcher.doForward(ApplicationDispatcher.java:313)
	at org.apache.catalina.core.ApplicationDispatcher.forward(ApplicationDispatcher.java:277)
	at org.springframework.web.servlet.mvc.ServletForwardingController.handleRequestInternal(ServletForwardingController.java:141)
	at org.springframework.web.servlet.mvc.AbstractController.handleRequest(AbstractController.java:178)
	at org.springframework.web.servlet.mvc.SimpleControllerHandlerAdapter.handle(SimpleControllerHandlerAdapter.java:51)
	at org.springframework.web.servlet.DispatcherServlet.doDispatch(DispatcherServlet.java:1089)
	at org.springframework.web.servlet.DispatcherServlet.doService(DispatcherServlet.java:979)
	at org.springframework.web.servlet.FrameworkServlet.processRequest(FrameworkServlet.java:1014)
	at org.springframework.web.servlet.FrameworkServlet.doPost(FrameworkServlet.java:914)
	at jakarta.servlet.http.HttpServlet.service(HttpServlet.java:590)
	at org.springframework.web.servlet.FrameworkServlet.service(FrameworkServlet.java:885)
	at jakarta.servlet.http.HttpServlet.service(HttpServlet.java:658)
	at org.apache.catalina.core.ApplicationFilterChain.internalDoFilter(ApplicationFilterChain.java:205)
	at org.apache.catalina.core.ApplicationFilterChain.doFilter(ApplicationFilterChain.java:149)
	at org.apache.tomcat.websocket.server.WsFilter.doFilter(WsFilter.java:51)
	at org.apache.catalina.core.ApplicationFilterChain.internalDoFilter(ApplicationFilterChain.java:174)
	at org.apache.catalina.core.ApplicationFilterChain.doFilter(ApplicationFilterChain.java:149)
	at org.springframework.web.filter.RequestContextFilter.doFilterInternal(RequestContextFilter.java:100)
	at org.springframework.web.filter.OncePerRequestFilter.doFilter(OncePerRequestFilter.java:116)
	at org.apache.catalina.core.ApplicationFilterChain.internalDoFilter(ApplicationFilterChain.java:174)
	at org.apache.catalina.core.ApplicationFilterChain.doFilter(ApplicationFilterChain.java:149)
	at org.springframework.web.filter.FormContentFilter.doFilterInternal(FormContentFilter.java:93)
	at org.springframework.web.filter.OncePerRequestFilter.doFilter(OncePerRequestFilter.java:116)
	at org.apache.catalina.core.ApplicationFilterChain.internalDoFilter(ApplicationFilterChain.java:174)
	at org.apache.catalina.core.ApplicationFilterChain.doFilter(ApplicationFilterChain.java:149)
	at org.springframework.web.filter.CharacterEncodingFilter.doFilterInternal(CharacterEncodingFilter.java:201)
	at org.springframework.web.filter.OncePerRequestFilter.doFilter(OncePerRequestFilter.java:116)
	at org.apache.catalina.core.ApplicationFilterChain.internalDoFilter(ApplicationFilterChain.java:174)
	at org.apache.catalina.core.ApplicationFilterChain.doFilter(ApplicationFilterChain.java:149)
	at org.apache.catalina.core.StandardWrapperValve.invoke(StandardWrapperValve.java:167)
	at org.apache.catalina.core.StandardContextValve.invoke(StandardContextValve.java:90)
	at org.apache.catalina.authenticator.AuthenticatorBase.invoke(AuthenticatorBase.java:482)
	at org.apache.catalina.core.StandardHostValve.invoke(StandardHostValve.java:115)
	at org.apache.catalina.valves.ErrorReportValve.invoke(ErrorReportValve.java:93)
	at org.apache.catalina.core.StandardEngineValve.invoke(StandardEngineValve.java:74)
	at org.apache.catalina.connector.CoyoteAdapter.service(CoyoteAdapter.java:340)
	at org.apache.coyote.http11.Http11Processor.service(Http11Processor.java:391)
	at org.apache.coyote.AbstractProcessorLight.process(AbstractProcessorLight.java:63)
	at org.apache.coyote.AbstractProtocol$ConnectionHandler.process(AbstractProtocol.java:896)
	at org.apache.tomcat.util.net.NioEndpoint$SocketProcessor.doRun(NioEndpoint.java:1744)
	at org.apache.tomcat.util.net.SocketProcessorBase.run(SocketProcessorBase.java:52)
	at org.apache.tomcat.util.threads.ThreadPoolExecutor.runWorker(ThreadPoolExecutor.java:1191)
	at org.apache.tomcat.util.threads.ThreadPoolExecutor$Worker.run(ThreadPoolExecutor.java:659)
	at org.apache.tomcat.util.threads.TaskThread$WrappingRunnable.run(TaskThread.java:61)
	at java.base/java.lang.Thread.run(Thread.java:1583)
2026-05-25 11:12:51 [http-nio-8080-exec-8] ERROR c.v.flow.server.DefaultErrorHandler - 
java.lang.IllegalArgumentException: Invalid salt revision
	at org.mindrot.jbcrypt.BCrypt.hashpw(BCrypt.java:665)
	at org.mindrot.jbcrypt.BCrypt.checkpw(BCrypt.java:764)
	at com.facturacion.service.AuthService.login(AuthService.java:42)
	at com.facturacion.ui.views.LoginView.lambda$crearTarjetaLogin$0(LoginView.java:109)
	at com.facturacion.ui.views.LoginView.lambda$crearTarjetaLogin$b2c3d7eb$1(LoginView.java:117)
	at com.vaadin.flow.component.ComponentEventBus.fireEventForListener(ComponentEventBus.java:239)
	at com.vaadin.flow.component.ComponentEventBus.handleDomEvent(ComponentEventBus.java:488)
	at com.vaadin.flow.component.ComponentEventBus.lambda$addDomTrigger$dd1b7957$1(ComponentEventBus.java:298)
	at com.vaadin.flow.internal.nodefeature.ElementListenerMap.lambda$fireEvent$2(ElementListenerMap.java:447)
	at java.base/java.util.ArrayList.forEach(ArrayList.java:1596)
	at com.vaadin.flow.internal.nodefeature.ElementListenerMap.fireEvent(ElementListenerMap.java:447)
	at com.vaadin.flow.server.communication.rpc.EventRpcHandler.handleNode(EventRpcHandler.java:62)
	at com.vaadin.flow.server.communication.rpc.AbstractRpcInvocationHandler.handle(AbstractRpcInvocationHandler.java:74)
	at com.vaadin.flow.server.communication.ServerRpcHandler.handleInvocationData(ServerRpcHandler.java:466)
	at com.vaadin.flow.server.communication.ServerRpcHandler.lambda$handleInvocations$4(ServerRpcHandler.java:447)
	at java.base/java.util.ArrayList.forEach(ArrayList.java:1596)
	at com.vaadin.flow.server.communication.ServerRpcHandler.handleInvocations(ServerRpcHandler.java:447)
	at com.vaadin.flow.server.communication.ServerRpcHandler.handleRpc(ServerRpcHandler.java:324)
	at com.vaadin.flow.server.communication.UidlRequestHandler.synchronizedHandleRequest(UidlRequestHandler.java:114)
	at com.vaadin.flow.server.SynchronizedRequestHandler.handleRequest(SynchronizedRequestHandler.java:40)
	at com.vaadin.flow.server.VaadinService.handleRequest(VaadinService.java:1573)
	at com.vaadin.flow.server.VaadinServlet.service(VaadinServlet.java:398)
	at com.vaadin.flow.spring.SpringServlet.service(SpringServlet.java:106)
	at jakarta.servlet.http.HttpServlet.service(HttpServlet.java:658)
	at org.apache.catalina.core.ApplicationFilterChain.internalDoFilter(ApplicationFilterChain.java:205)
	at org.apache.catalina.core.ApplicationFilterChain.doFilter(ApplicationFilterChain.java:149)
	at org.apache.catalina.core.ApplicationDispatcher.invoke(ApplicationDispatcher.java:642)
	at org.apache.catalina.core.ApplicationDispatcher.processRequest(ApplicationDispatcher.java:408)
	at org.apache.catalina.core.ApplicationDispatcher.doForward(ApplicationDispatcher.java:313)
	at org.apache.catalina.core.ApplicationDispatcher.forward(ApplicationDispatcher.java:277)
	at org.springframework.web.servlet.mvc.ServletForwardingController.handleRequestInternal(ServletForwardingController.java:141)
	at org.springframework.web.servlet.mvc.AbstractController.handleRequest(AbstractController.java:178)
	at org.springframework.web.servlet.mvc.SimpleControllerHandlerAdapter.handle(SimpleControllerHandlerAdapter.java:51)
	at org.springframework.web.servlet.DispatcherServlet.doDispatch(DispatcherServlet.java:1089)
	at org.springframework.web.servlet.DispatcherServlet.doService(DispatcherServlet.java:979)
	at org.springframework.web.servlet.FrameworkServlet.processRequest(FrameworkServlet.java:1014)
	at org.springframework.web.servlet.FrameworkServlet.doPost(FrameworkServlet.java:914)
	at jakarta.servlet.http.HttpServlet.service(HttpServlet.java:590)
	at org.springframework.web.servlet.FrameworkServlet.service(FrameworkServlet.java:885)
	at jakarta.servlet.http.HttpServlet.service(HttpServlet.java:658)
	at org.apache.catalina.core.ApplicationFilterChain.internalDoFilter(ApplicationFilterChain.java:205)
	at org.apache.catalina.core.ApplicationFilterChain.doFilter(ApplicationFilterChain.java:149)
	at org.apache.tomcat.websocket.server.WsFilter.doFilter(WsFilter.java:51)
	at org.apache.catalina.core.ApplicationFilterChain.internalDoFilter(ApplicationFilterChain.java:174)
	at org.apache.catalina.core.ApplicationFilterChain.doFilter(ApplicationFilterChain.java:149)
	at org.springframework.web.filter.RequestContextFilter.doFilterInternal(RequestContextFilter.java:100)
	at org.springframework.web.filter.OncePerRequestFilter.doFilter(OncePerRequestFilter.java:116)
	at org.apache.catalina.core.ApplicationFilterChain.internalDoFilter(ApplicationFilterChain.java:174)
	at org.apache.catalina.core.ApplicationFilterChain.doFilter(ApplicationFilterChain.java:149)
	at org.springframework.web.filter.FormContentFilter.doFilterInternal(FormContentFilter.java:93)
	at org.springframework.web.filter.OncePerRequestFilter.doFilter(OncePerRequestFilter.java:116)
	at org.apache.catalina.core.ApplicationFilterChain.internalDoFilter(ApplicationFilterChain.java:174)
	at org.apache.catalina.core.ApplicationFilterChain.doFilter(ApplicationFilterChain.java:149)
	at org.springframework.web.filter.CharacterEncodingFilter.doFilterInternal(CharacterEncodingFilter.java:201)
	at org.springframework.web.filter.OncePerRequestFilter.doFilter(OncePerRequestFilter.java:116)
	at org.apache.catalina.core.ApplicationFilterChain.internalDoFilter(ApplicationFilterChain.java:174)
	at org.apache.catalina.core.ApplicationFilterChain.doFilter(ApplicationFilterChain.java:149)
	at org.apache.catalina.core.StandardWrapperValve.invoke(StandardWrapperValve.java:167)
	at org.apache.catalina.core.StandardContextValve.invoke(StandardContextValve.java:90)
	at org.apache.catalina.authenticator.AuthenticatorBase.invoke(AuthenticatorBase.java:482)
	at org.apache.catalina.core.StandardHostValve.invoke(StandardHostValve.java:115)
	at org.apache.catalina.valves.ErrorReportValve.invoke(ErrorReportValve.java:93)
	at org.apache.catalina.core.StandardEngineValve.invoke(StandardEngineValve.java:74)
	at org.apache.catalina.connector.CoyoteAdapter.service(CoyoteAdapter.java:340)
	at org.apache.coyote.http11.Http11Processor.service(Http11Processor.java:391)
	at org.apache.coyote.AbstractProcessorLight.process(AbstractProcessorLight.java:63)
	at org.apache.coyote.AbstractProtocol$ConnectionHandler.process(AbstractProtocol.java:896)
	at org.apache.tomcat.util.net.NioEndpoint$SocketProcessor.doRun(NioEndpoint.java:1744)
	at org.apache.tomcat.util.net.SocketProcessorBase.run(SocketProcessorBase.java:52)
	at org.apache.tomcat.util.threads.ThreadPoolExecutor.runWorker(ThreadPoolExecutor.java:1191)
	at org.apache.tomcat.util.threads.ThreadPoolExecutor$Worker.run(ThreadPoolExecutor.java:659)
	at org.apache.tomcat.util.threads.TaskThread$WrappingRunnable.run(TaskThread.java:61)
	at java.base/java.lang.Thread.run(Thread.java:1583)
2026-05-25 11:12:52 [http-nio-8080-exec-1] ERROR c.v.flow.server.DefaultErrorHandler - 
java.lang.IllegalArgumentException: Invalid salt revision
	at org.mindrot.jbcrypt.BCrypt.hashpw(BCrypt.java:665)
	at org.mindrot.jbcrypt.BCrypt.checkpw(BCrypt.java:764)
	at com.facturacion.service.AuthService.login(AuthService.java:42)
	at com.facturacion.ui.views.LoginView.lambda$crearTarjetaLogin$0(LoginView.java:109)
	at com.facturacion.ui.views.LoginView.lambda$crearTarjetaLogin$b2c3d7eb$1(LoginView.java:117)
	at com.vaadin.flow.component.ComponentEventBus.fireEventForListener(ComponentEventBus.java:239)
	at com.vaadin.flow.component.ComponentEventBus.handleDomEvent(ComponentEventBus.java:488)
	at com.vaadin.flow.component.ComponentEventBus.lambda$addDomTrigger$dd1b7957$1(ComponentEventBus.java:298)
	at com.vaadin.flow.internal.nodefeature.ElementListenerMap.lambda$fireEvent$2(ElementListenerMap.java:447)
	at java.base/java.util.ArrayList.forEach(ArrayList.java:1596)
	at com.vaadin.flow.internal.nodefeature.ElementListenerMap.fireEvent(ElementListenerMap.java:447)
	at com.vaadin.flow.server.communication.rpc.EventRpcHandler.handleNode(EventRpcHandler.java:62)
	at com.vaadin.flow.server.communication.rpc.AbstractRpcInvocationHandler.handle(AbstractRpcInvocationHandler.java:74)
	at com.vaadin.flow.server.communication.ServerRpcHandler.handleInvocationData(ServerRpcHandler.java:466)
	at com.vaadin.flow.server.communication.ServerRpcHandler.lambda$handleInvocations$4(ServerRpcHandler.java:447)
	at java.base/java.util.ArrayList.forEach(ArrayList.java:1596)
	at com.vaadin.flow.server.communication.ServerRpcHandler.handleInvocations(ServerRpcHandler.java:447)
	at com.vaadin.flow.server.communication.ServerRpcHandler.handleRpc(ServerRpcHandler.java:324)
	at com.vaadin.flow.server.communication.UidlRequestHandler.synchronizedHandleRequest(UidlRequestHandler.java:114)
	at com.vaadin.flow.server.SynchronizedRequestHandler.handleRequest(SynchronizedRequestHandler.java:40)
	at com.vaadin.flow.server.VaadinService.handleRequest(VaadinService.java:1573)
	at com.vaadin.flow.server.VaadinServlet.service(VaadinServlet.java:398)
	at com.vaadin.flow.spring.SpringServlet.service(SpringServlet.java:106)
	at jakarta.servlet.http.HttpServlet.service(HttpServlet.java:658)
	at org.apache.catalina.core.ApplicationFilterChain.internalDoFilter(ApplicationFilterChain.java:205)
	at org.apache.catalina.core.ApplicationFilterChain.doFilter(ApplicationFilterChain.java:149)
	at org.apache.catalina.core.ApplicationDispatcher.invoke(ApplicationDispatcher.java:642)
	at org.apache.catalina.core.ApplicationDispatcher.processRequest(ApplicationDispatcher.java:408)
	at org.apache.catalina.core.ApplicationDispatcher.doForward(ApplicationDispatcher.java:313)
	at org.apache.catalina.core.ApplicationDispatcher.forward(ApplicationDispatcher.java:277)
	at org.springframework.web.servlet.mvc.ServletForwardingController.handleRequestInternal(ServletForwardingController.java:141)
	at org.springframework.web.servlet.mvc.AbstractController.handleRequest(AbstractController.java:178)
	at org.springframework.web.servlet.mvc.SimpleControllerHandlerAdapter.handle(SimpleControllerHandlerAdapter.java:51)
	at org.springframework.web.servlet.DispatcherServlet.doDispatch(DispatcherServlet.java:1089)
	at org.springframework.web.servlet.DispatcherServlet.doService(DispatcherServlet.java:979)
	at org.springframework.web.servlet.FrameworkServlet.processRequest(FrameworkServlet.java:1014)
	at org.springframework.web.servlet.FrameworkServlet.doPost(FrameworkServlet.java:914)
	at jakarta.servlet.http.HttpServlet.service(HttpServlet.java:590)
	at org.springframework.web.servlet.FrameworkServlet.service(FrameworkServlet.java:885)
	at jakarta.servlet.http.HttpServlet.service(HttpServlet.java:658)
	at org.apache.catalina.core.ApplicationFilterChain.internalDoFilter(ApplicationFilterChain.java:205)
	at org.apache.catalina.core.ApplicationFilterChain.doFilter(ApplicationFilterChain.java:149)
	at org.apache.tomcat.websocket.server.WsFilter.doFilter(WsFilter.java:51)
	at org.apache.catalina.core.ApplicationFilterChain.internalDoFilter(ApplicationFilterChain.java:174)
	at org.apache.catalina.core.ApplicationFilterChain.doFilter(ApplicationFilterChain.java:149)
	at org.springframework.web.filter.RequestContextFilter.doFilterInternal(RequestContextFilter.java:100)
	at org.springframework.web.filter.OncePerRequestFilter.doFilter(OncePerRequestFilter.java:116)
	at org.apache.catalina.core.ApplicationFilterChain.internalDoFilter(ApplicationFilterChain.java:174)
	at org.apache.catalina.core.ApplicationFilterChain.doFilter(ApplicationFilterChain.java:149)
	at org.springframework.web.filter.FormContentFilter.doFilterInternal(FormContentFilter.java:93)
	at org.springframework.web.filter.OncePerRequestFilter.doFilter(OncePerRequestFilter.java:116)
	at org.apache.catalina.core.ApplicationFilterChain.internalDoFilter(ApplicationFilterChain.java:174)
	at org.apache.catalina.core.ApplicationFilterChain.doFilter(ApplicationFilterChain.java:149)
	at org.springframework.web.filter.CharacterEncodingFilter.doFilterInternal(CharacterEncodingFilter.java:201)
	at org.springframework.web.filter.OncePerRequestFilter.doFilter(OncePerRequestFilter.java:116)
	at org.apache.catalina.core.ApplicationFilterChain.internalDoFilter(ApplicationFilterChain.java:174)
	at org.apache.catalina.core.ApplicationFilterChain.doFilter(ApplicationFilterChain.java:149)
	at org.apache.catalina.core.StandardWrapperValve.invoke(StandardWrapperValve.java:167)
	at org.apache.catalina.core.StandardContextValve.invoke(StandardContextValve.java:90)
	at org.apache.catalina.authenticator.AuthenticatorBase.invoke(AuthenticatorBase.java:482)
	at org.apache.catalina.core.StandardHostValve.invoke(StandardHostValve.java:115)
	at org.apache.catalina.valves.ErrorReportValve.invoke(ErrorReportValve.java:93)
	at org.apache.catalina.core.StandardEngineValve.invoke(StandardEngineValve.java:74)
	at org.apache.catalina.connector.CoyoteAdapter.service(CoyoteAdapter.java:340)
	at org.apache.coyote.http11.Http11Processor.service(Http11Processor.java:391)
	at org.apache.coyote.AbstractProcessorLight.process(AbstractProcessorLight.java:63)
	at org.apache.coyote.AbstractProtocol$ConnectionHandler.process(AbstractProtocol.java:896)
	at org.apache.tomcat.util.net.NioEndpoint$SocketProcessor.doRun(NioEndpoint.java:1744)
	at org.apache.tomcat.util.net.SocketProcessorBase.run(SocketProcessorBase.java:52)
	at org.apache.tomcat.util.threads.ThreadPoolExecutor.runWorker(ThreadPoolExecutor.java:1191)
	at org.apache.tomcat.util.threads.ThreadPoolExecutor$Worker.run(ThreadPoolExecutor.java:659)
	at org.apache.tomcat.util.threads.TaskThread$WrappingRunnable.run(TaskThread.java:61)
	at java.base/java.lang.Thread.run(Thread.java:1583)
2026-05-25 11:12:52 [http-nio-8080-exec-9] ERROR c.v.flow.server.DefaultErrorHandler - 
java.lang.IllegalArgumentException: Invalid salt revision
	at org.mindrot.jbcrypt.BCrypt.hashpw(BCrypt.java:665)
	at org.mindrot.jbcrypt.BCrypt.checkpw(BCrypt.java:764)
	at com.facturacion.service.AuthService.login(AuthService.java:42)
	at com.facturacion.ui.views.LoginView.lambda$crearTarjetaLogin$0(LoginView.java:109)
	at com.facturacion.ui.views.LoginView.lambda$crearTarjetaLogin$b2c3d7eb$1(LoginView.java:117)
	at com.vaadin.flow.component.ComponentEventBus.fireEventForListener(ComponentEventBus.java:239)
	at com.vaadin.flow.component.ComponentEventBus.handleDomEvent(ComponentEventBus.java:488)
	at com.vaadin.flow.component.ComponentEventBus.lambda$addDomTrigger$dd1b7957$1(ComponentEventBus.java:298)
	at com.vaadin.flow.internal.nodefeature.ElementListenerMap.lambda$fireEvent$2(ElementListenerMap.java:447)
	at java.base/java.util.ArrayList.forEach(ArrayList.java:1596)
	at com.vaadin.flow.internal.nodefeature.ElementListenerMap.fireEvent(ElementListenerMap.java:447)
	at com.vaadin.flow.server.communication.rpc.EventRpcHandler.handleNode(EventRpcHandler.java:62)
	at com.vaadin.flow.server.communication.rpc.AbstractRpcInvocationHandler.handle(AbstractRpcInvocationHandler.java:74)
	at com.vaadin.flow.server.communication.ServerRpcHandler.handleInvocationData(ServerRpcHandler.java:466)
	at com.vaadin.flow.server.communication.ServerRpcHandler.lambda$handleInvocations$4(ServerRpcHandler.java:447)
	at java.base/java.util.ArrayList.forEach(ArrayList.java:1596)
	at com.vaadin.flow.server.communication.ServerRpcHandler.handleInvocations(ServerRpcHandler.java:447)
	at com.vaadin.flow.server.communication.ServerRpcHandler.handleRpc(ServerRpcHandler.java:324)
	at com.vaadin.flow.server.communication.UidlRequestHandler.synchronizedHandleRequest(UidlRequestHandler.java:114)
	at com.vaadin.flow.server.SynchronizedRequestHandler.handleRequest(SynchronizedRequestHandler.java:40)
	at com.vaadin.flow.server.VaadinService.handleRequest(VaadinService.java:1573)
	at com.vaadin.flow.server.VaadinServlet.service(VaadinServlet.java:398)
	at com.vaadin.flow.spring.SpringServlet.service(SpringServlet.java:106)
	at jakarta.servlet.http.HttpServlet.service(HttpServlet.java:658)
	at org.apache.catalina.core.ApplicationFilterChain.internalDoFilter(ApplicationFilterChain.java:205)
	at org.apache.catalina.core.ApplicationFilterChain.doFilter(ApplicationFilterChain.java:149)
	at org.apache.catalina.core.ApplicationDispatcher.invoke(ApplicationDispatcher.java:642)
	at org.apache.catalina.core.ApplicationDispatcher.processRequest(ApplicationDispatcher.java:408)
	at org.apache.catalina.core.ApplicationDispatcher.doForward(ApplicationDispatcher.java:313)
	at org.apache.catalina.core.ApplicationDispatcher.forward(ApplicationDispatcher.java:277)
	at org.springframework.web.servlet.mvc.ServletForwardingController.handleRequestInternal(ServletForwardingController.java:141)
	at org.springframework.web.servlet.mvc.AbstractController.handleRequest(AbstractController.java:178)
	at org.springframework.web.servlet.mvc.SimpleControllerHandlerAdapter.handle(SimpleControllerHandlerAdapter.java:51)
	at org.springframework.web.servlet.DispatcherServlet.doDispatch(DispatcherServlet.java:1089)
	at org.springframework.web.servlet.DispatcherServlet.doService(DispatcherServlet.java:979)
	at org.springframework.web.servlet.FrameworkServlet.processRequest(FrameworkServlet.java:1014)
	at org.springframework.web.servlet.FrameworkServlet.doPost(FrameworkServlet.java:914)
	at jakarta.servlet.http.HttpServlet.service(HttpServlet.java:590)
	at org.springframework.web.servlet.FrameworkServlet.service(FrameworkServlet.java:885)
	at jakarta.servlet.http.HttpServlet.service(HttpServlet.java:658)
	at org.apache.catalina.core.ApplicationFilterChain.internalDoFilter(ApplicationFilterChain.java:205)
	at org.apache.catalina.core.ApplicationFilterChain.doFilter(ApplicationFilterChain.java:149)
	at org.apache.tomcat.websocket.server.WsFilter.doFilter(WsFilter.java:51)
	at org.apache.catalina.core.ApplicationFilterChain.internalDoFilter(ApplicationFilterChain.java:174)
	at org.apache.catalina.core.ApplicationFilterChain.doFilter(ApplicationFilterChain.java:149)
	at org.springframework.web.filter.RequestContextFilter.doFilterInternal(RequestContextFilter.java:100)
	at org.springframework.web.filter.OncePerRequestFilter.doFilter(OncePerRequestFilter.java:116)
	at org.apache.catalina.core.ApplicationFilterChain.internalDoFilter(ApplicationFilterChain.java:174)
	at org.apache.catalina.core.ApplicationFilterChain.doFilter(ApplicationFilterChain.java:149)
	at org.springframework.web.filter.FormContentFilter.doFilterInternal(FormContentFilter.java:93)
	at org.springframework.web.filter.OncePerRequestFilter.doFilter(OncePerRequestFilter.java:116)
	at org.apache.catalina.core.ApplicationFilterChain.internalDoFilter(ApplicationFilterChain.java:174)
	at org.apache.catalina.core.ApplicationFilterChain.doFilter(ApplicationFilterChain.java:149)
	at org.springframework.web.filter.CharacterEncodingFilter.doFilterInternal(CharacterEncodingFilter.java:201)
	at org.springframework.web.filter.OncePerRequestFilter.doFilter(OncePerRequestFilter.java:116)
	at org.apache.catalina.core.ApplicationFilterChain.internalDoFilter(ApplicationFilterChain.java:174)
	at org.apache.catalina.core.ApplicationFilterChain.doFilter(ApplicationFilterChain.java:149)
	at org.apache.catalina.core.StandardWrapperValve.invoke(StandardWrapperValve.java:167)
	at org.apache.catalina.core.StandardContextValve.invoke(StandardContextValve.java:90)
	at org.apache.catalina.authenticator.AuthenticatorBase.invoke(AuthenticatorBase.java:482)
	at org.apache.catalina.core.StandardHostValve.invoke(StandardHostValve.java:115)
	at org.apache.catalina.valves.ErrorReportValve.invoke(ErrorReportValve.java:93)
	at org.apache.catalina.core.StandardEngineValve.invoke(StandardEngineValve.java:74)
	at org.apache.catalina.connector.CoyoteAdapter.service(CoyoteAdapter.java:340)
	at org.apache.coyote.http11.Http11Processor.service(Http11Processor.java:391)
	at org.apache.coyote.AbstractProcessorLight.process(AbstractProcessorLight.java:63)
	at org.apache.coyote.AbstractProtocol$ConnectionHandler.process(AbstractProtocol.java:896)
	at org.apache.tomcat.util.net.NioEndpoint$SocketProcessor.doRun(NioEndpoint.java:1744)
	at org.apache.tomcat.util.net.SocketProcessorBase.run(SocketProcessorBase.java:52)
	at org.apache.tomcat.util.threads.ThreadPoolExecutor.runWorker(ThreadPoolExecutor.java:1191)
	at org.apache.tomcat.util.threads.ThreadPoolExecutor$Worker.run(ThreadPoolExecutor.java:659)
	at org.apache.tomcat.util.threads.TaskThread$WrappingRunnable.run(TaskThread.java:61)
	at java.base/java.lang.Thread.run(Thread.java:1583)
2026-05-25 11:12:57 [http-nio-8080-exec-10] ERROR c.v.flow.server.DefaultErrorHandler - 
java.lang.IllegalArgumentException: Invalid salt revision
	at org.mindrot.jbcrypt.BCrypt.hashpw(BCrypt.java:665)
	at org.mindrot.jbcrypt.BCrypt.checkpw(BCrypt.java:764)
	at com.facturacion.service.AuthService.login(AuthService.java:42)
	at com.facturacion.ui.views.LoginView.lambda$crearTarjetaLogin$0(LoginView.java:109)
	at com.facturacion.ui.views.LoginView.lambda$crearTarjetaLogin$b2c3d7eb$1(LoginView.java:117)
	at com.vaadin.flow.component.ComponentEventBus.fireEventForListener(ComponentEventBus.java:239)
	at com.vaadin.flow.component.ComponentEventBus.handleDomEvent(ComponentEventBus.java:488)
	at com.vaadin.flow.component.ComponentEventBus.lambda$addDomTrigger$dd1b7957$1(ComponentEventBus.java:298)
	at com.vaadin.flow.internal.nodefeature.ElementListenerMap.lambda$fireEvent$2(ElementListenerMap.java:447)
	at java.base/java.util.ArrayList.forEach(ArrayList.java:1596)
	at com.vaadin.flow.internal.nodefeature.ElementListenerMap.fireEvent(ElementListenerMap.java:447)
	at com.vaadin.flow.server.communication.rpc.EventRpcHandler.handleNode(EventRpcHandler.java:62)
	at com.vaadin.flow.server.communication.rpc.AbstractRpcInvocationHandler.handle(AbstractRpcInvocationHandler.java:74)
	at com.vaadin.flow.server.communication.ServerRpcHandler.handleInvocationData(ServerRpcHandler.java:466)
	at com.vaadin.flow.server.communication.ServerRpcHandler.lambda$handleInvocations$4(ServerRpcHandler.java:447)
	at java.base/java.util.ArrayList.forEach(ArrayList.java:1596)
	at com.vaadin.flow.server.communication.ServerRpcHandler.handleInvocations(ServerRpcHandler.java:447)
	at com.vaadin.flow.server.communication.ServerRpcHandler.handleRpc(ServerRpcHandler.java:324)
	at com.vaadin.flow.server.communication.UidlRequestHandler.synchronizedHandleRequest(UidlRequestHandler.java:114)
	at com.vaadin.flow.server.SynchronizedRequestHandler.handleRequest(SynchronizedRequestHandler.java:40)
	at com.vaadin.flow.server.VaadinService.handleRequest(VaadinService.java:1573)
	at com.vaadin.flow.server.VaadinServlet.service(VaadinServlet.java:398)
	at com.vaadin.flow.spring.SpringServlet.service(SpringServlet.java:106)
	at jakarta.servlet.http.HttpServlet.service(HttpServlet.java:658)
	at org.apache.catalina.core.ApplicationFilterChain.internalDoFilter(ApplicationFilterChain.java:205)
	at org.apache.catalina.core.ApplicationFilterChain.doFilter(ApplicationFilterChain.java:149)
	at org.apache.catalina.core.ApplicationDispatcher.invoke(ApplicationDispatcher.java:642)
	at org.apache.catalina.core.ApplicationDispatcher.processRequest(ApplicationDispatcher.java:408)
	at org.apache.catalina.core.ApplicationDispatcher.doForward(ApplicationDispatcher.java:313)
	at org.apache.catalina.core.ApplicationDispatcher.forward(ApplicationDispatcher.java:277)
	at org.springframework.web.servlet.mvc.ServletForwardingController.handleRequestInternal(ServletForwardingController.java:141)
	at org.springframework.web.servlet.mvc.AbstractController.handleRequest(AbstractController.java:178)
	at org.springframework.web.servlet.mvc.SimpleControllerHandlerAdapter.handle(SimpleControllerHandlerAdapter.java:51)
	at org.springframework.web.servlet.DispatcherServlet.doDispatch(DispatcherServlet.java:1089)
	at org.springframework.web.servlet.DispatcherServlet.doService(DispatcherServlet.java:979)
	at org.springframework.web.servlet.FrameworkServlet.processRequest(FrameworkServlet.java:1014)
	at org.springframework.web.servlet.FrameworkServlet.doPost(FrameworkServlet.java:914)
	at jakarta.servlet.http.HttpServlet.service(HttpServlet.java:590)
	at org.springframework.web.servlet.FrameworkServlet.service(FrameworkServlet.java:885)
	at jakarta.servlet.http.HttpServlet.service(HttpServlet.java:658)
	at org.apache.catalina.core.ApplicationFilterChain.internalDoFilter(ApplicationFilterChain.java:205)
	at org.apache.catalina.core.ApplicationFilterChain.doFilter(ApplicationFilterChain.java:149)
	at org.apache.tomcat.websocket.server.WsFilter.doFilter(WsFilter.java:51)
	at org.apache.catalina.core.ApplicationFilterChain.internalDoFilter(ApplicationFilterChain.java:174)
	at org.apache.catalina.core.ApplicationFilterChain.doFilter(ApplicationFilterChain.java:149)
	at org.springframework.web.filter.RequestContextFilter.doFilterInternal(RequestContextFilter.java:100)
	at org.springframework.web.filter.OncePerRequestFilter.doFilter(OncePerRequestFilter.java:116)
	at org.apache.catalina.core.ApplicationFilterChain.internalDoFilter(ApplicationFilterChain.java:174)
	at org.apache.catalina.core.ApplicationFilterChain.doFilter(ApplicationFilterChain.java:149)
	at org.springframework.web.filter.FormContentFilter.doFilterInternal(FormContentFilter.java:93)
	at org.springframework.web.filter.OncePerRequestFilter.doFilter(OncePerRequestFilter.java:116)
	at org.apache.catalina.core.ApplicationFilterChain.internalDoFilter(ApplicationFilterChain.java:174)
	at org.apache.catalina.core.ApplicationFilterChain.doFilter(ApplicationFilterChain.java:149)
	at org.springframework.web.filter.CharacterEncodingFilter.doFilterInternal(CharacterEncodingFilter.java:201)
	at org.springframework.web.filter.OncePerRequestFilter.doFilter(OncePerRequestFilter.java:116)
	at org.apache.catalina.core.ApplicationFilterChain.internalDoFilter(ApplicationFilterChain.java:174)
	at org.apache.catalina.core.ApplicationFilterChain.doFilter(ApplicationFilterChain.java:149)
	at org.apache.catalina.core.StandardWrapperValve.invoke(StandardWrapperValve.java:167)
	at org.apache.catalina.core.StandardContextValve.invoke(StandardContextValve.java:90)
	at org.apache.catalina.authenticator.AuthenticatorBase.invoke(AuthenticatorBase.java:482)
	at org.apache.catalina.core.StandardHostValve.invoke(StandardHostValve.java:115)
	at org.apache.catalina.valves.ErrorReportValve.invoke(ErrorReportValve.java:93)
	at org.apache.catalina.core.StandardEngineValve.invoke(StandardEngineValve.java:74)
	at org.apache.catalina.connector.CoyoteAdapter.service(CoyoteAdapter.java:340)
	at org.apache.coyote.http11.Http11Processor.service(Http11Processor.java:391)
	at org.apache.coyote.AbstractProcessorLight.process(AbstractProcessorLight.java:63)
	at org.apache.coyote.AbstractProtocol$ConnectionHandler.process(AbstractProtocol.java:896)
	at org.apache.tomcat.util.net.NioEndpoint$SocketProcessor.doRun(NioEndpoint.java:1744)
	at org.apache.tomcat.util.net.SocketProcessorBase.run(SocketProcessorBase.java:52)
	at org.apache.tomcat.util.threads.ThreadPoolExecutor.runWorker(ThreadPoolExecutor.java:1191)
	at org.apache.tomcat.util.threads.ThreadPoolExecutor$Worker.run(ThreadPoolExecutor.java:659)
	at org.apache.tomcat.util.threads.TaskThread$WrappingRunnable.run(TaskThread.java:61)
	at java.base/java.lang.Thread.run(Thread.java:1583)
2026-05-25 11:13:45 [http-nio-8080-exec-9] ERROR c.v.flow.server.DefaultErrorHandler - 
java.lang.IllegalArgumentException: Invalid salt revision
	at org.mindrot.jbcrypt.BCrypt.hashpw(BCrypt.java:665)
	at org.mindrot.jbcrypt.BCrypt.checkpw(BCrypt.java:764)
	at com.facturacion.service.AuthService.login(AuthService.java:42)
	at com.facturacion.ui.views.LoginView.lambda$crearTarjetaLogin$0(LoginView.java:109)
	at com.facturacion.ui.views.LoginView.lambda$crearTarjetaLogin$b2c3d7eb$1(LoginView.java:117)
	at com.vaadin.flow.component.ComponentEventBus.fireEventForListener(ComponentEventBus.java:239)
	at com.vaadin.flow.component.ComponentEventBus.handleDomEvent(ComponentEventBus.java:488)
	at com.vaadin.flow.component.ComponentEventBus.lambda$addDomTrigger$dd1b7957$1(ComponentEventBus.java:298)
	at com.vaadin.flow.internal.nodefeature.ElementListenerMap.lambda$fireEvent$2(ElementListenerMap.java:447)
	at java.base/java.util.ArrayList.forEach(ArrayList.java:1596)
	at com.vaadin.flow.internal.nodefeature.ElementListenerMap.fireEvent(ElementListenerMap.java:447)
	at com.vaadin.flow.server.communication.rpc.EventRpcHandler.handleNode(EventRpcHandler.java:62)
	at com.vaadin.flow.server.communication.rpc.AbstractRpcInvocationHandler.handle(AbstractRpcInvocationHandler.java:74)
	at com.vaadin.flow.server.communication.ServerRpcHandler.handleInvocationData(ServerRpcHandler.java:466)
	at com.vaadin.flow.server.communication.ServerRpcHandler.lambda$handleInvocations$4(ServerRpcHandler.java:447)
	at java.base/java.util.ArrayList.forEach(ArrayList.java:1596)
	at com.vaadin.flow.server.communication.ServerRpcHandler.handleInvocations(ServerRpcHandler.java:447)
	at com.vaadin.flow.server.communication.ServerRpcHandler.handleRpc(ServerRpcHandler.java:324)
	at com.vaadin.flow.server.communication.UidlRequestHandler.synchronizedHandleRequest(UidlRequestHandler.java:114)
	at com.vaadin.flow.server.SynchronizedRequestHandler.handleRequest(SynchronizedRequestHandler.java:40)
	at com.vaadin.flow.server.VaadinService.handleRequest(VaadinService.java:1573)
	at com.vaadin.flow.server.VaadinServlet.service(VaadinServlet.java:398)
	at com.vaadin.flow.spring.SpringServlet.service(SpringServlet.java:106)
	at jakarta.servlet.http.HttpServlet.service(HttpServlet.java:658)
	at org.apache.catalina.core.ApplicationFilterChain.internalDoFilter(ApplicationFilterChain.java:205)
	at org.apache.catalina.core.ApplicationFilterChain.doFilter(ApplicationFilterChain.java:149)
	at org.apache.catalina.core.ApplicationDispatcher.invoke(ApplicationDispatcher.java:642)
	at org.apache.catalina.core.ApplicationDispatcher.processRequest(ApplicationDispatcher.java:408)
	at org.apache.catalina.core.ApplicationDispatcher.doForward(ApplicationDispatcher.java:313)
	at org.apache.catalina.core.ApplicationDispatcher.forward(ApplicationDispatcher.java:277)
	at org.springframework.web.servlet.mvc.ServletForwardingController.handleRequestInternal(ServletForwardingController.java:141)
	at org.springframework.web.servlet.mvc.AbstractController.handleRequest(AbstractController.java:178)
	at org.springframework.web.servlet.mvc.SimpleControllerHandlerAdapter.handle(SimpleControllerHandlerAdapter.java:51)
	at org.springframework.web.servlet.DispatcherServlet.doDispatch(DispatcherServlet.java:1089)
	at org.springframework.web.servlet.DispatcherServlet.doService(DispatcherServlet.java:979)
	at org.springframework.web.servlet.FrameworkServlet.processRequest(FrameworkServlet.java:1014)
	at org.springframework.web.servlet.FrameworkServlet.doPost(FrameworkServlet.java:914)
	at jakarta.servlet.http.HttpServlet.service(HttpServlet.java:590)
	at org.springframework.web.servlet.FrameworkServlet.service(FrameworkServlet.java:885)
	at jakarta.servlet.http.HttpServlet.service(HttpServlet.java:658)
	at org.apache.catalina.core.ApplicationFilterChain.internalDoFilter(ApplicationFilterChain.java:205)
	at org.apache.catalina.core.ApplicationFilterChain.doFilter(ApplicationFilterChain.java:149)
	at org.apache.tomcat.websocket.server.WsFilter.doFilter(WsFilter.java:51)
	at org.apache.catalina.core.ApplicationFilterChain.internalDoFilter(ApplicationFilterChain.java:174)
	at org.apache.catalina.core.ApplicationFilterChain.doFilter(ApplicationFilterChain.java:149)
	at org.springframework.web.filter.RequestContextFilter.doFilterInternal(RequestContextFilter.java:100)
	at org.springframework.web.filter.OncePerRequestFilter.doFilter(OncePerRequestFilter.java:116)
	at org.apache.catalina.core.ApplicationFilterChain.internalDoFilter(ApplicationFilterChain.java:174)
	at org.apache.catalina.core.ApplicationFilterChain.doFilter(ApplicationFilterChain.java:149)
	at org.springframework.web.filter.FormContentFilter.doFilterInternal(FormContentFilter.java:93)
	at org.springframework.web.filter.OncePerRequestFilter.doFilter(OncePerRequestFilter.java:116)
	at org.apache.catalina.core.ApplicationFilterChain.internalDoFilter(ApplicationFilterChain.java:174)
	at org.apache.catalina.core.ApplicationFilterChain.doFilter(ApplicationFilterChain.java:149)
	at org.springframework.web.filter.CharacterEncodingFilter.doFilterInternal(CharacterEncodingFilter.java:201)
	at org.springframework.web.filter.OncePerRequestFilter.doFilter(OncePerRequestFilter.java:116)
	at org.apache.catalina.core.ApplicationFilterChain.internalDoFilter(ApplicationFilterChain.java:174)
	at org.apache.catalina.core.ApplicationFilterChain.doFilter(ApplicationFilterChain.java:149)
	at org.apache.catalina.core.StandardWrapperValve.invoke(StandardWrapperValve.java:167)
	at org.apache.catalina.core.StandardContextValve.invoke(StandardContextValve.java:90)
	at org.apache.catalina.authenticator.AuthenticatorBase.invoke(AuthenticatorBase.java:482)
	at org.apache.catalina.core.StandardHostValve.invoke(StandardHostValve.java:115)
	at org.apache.catalina.valves.ErrorReportValve.invoke(ErrorReportValve.java:93)
	at org.apache.catalina.core.StandardEngineValve.invoke(StandardEngineValve.java:74)
	at org.apache.catalina.connector.CoyoteAdapter.service(CoyoteAdapter.java:340)
	at org.apache.coyote.http11.Http11Processor.service(Http11Processor.java:391)
	at org.apache.coyote.AbstractProcessorLight.process(AbstractProcessorLight.java:63)
	at org.apache.coyote.AbstractProtocol$ConnectionHandler.process(AbstractProtocol.java:896)
	at org.apache.tomcat.util.net.NioEndpoint$SocketProcessor.doRun(NioEndpoint.java:1744)
	at org.apache.tomcat.util.net.SocketProcessorBase.run(SocketProcessorBase.java:52)
	at org.apache.tomcat.util.threads.ThreadPoolExecutor.runWorker(ThreadPoolExecutor.java:1191)
	at org.apache.tomcat.util.threads.ThreadPoolExecutor$Worker.run(ThreadPoolExecutor.java:659)
	at org.apache.tomcat.util.threads.TaskThread$WrappingRunnable.run(TaskThread.java:61)
	at java.base/java.lang.Thread.run(Thread.java:1583)
2026-05-25 11:14:47 [http-nio-8080-exec-9] ERROR c.v.flow.server.DefaultErrorHandler - 
java.lang.IllegalArgumentException: Invalid salt revision
	at org.mindrot.jbcrypt.BCrypt.hashpw(BCrypt.java:665)
	at org.mindrot.jbcrypt.BCrypt.checkpw(BCrypt.java:764)
	at com.facturacion.service.AuthService.login(AuthService.java:42)
	at com.facturacion.ui.views.LoginView.lambda$crearTarjetaLogin$0(LoginView.java:109)
	at com.facturacion.ui.views.LoginView.lambda$crearTarjetaLogin$b2c3d7eb$1(LoginView.java:117)
	at com.vaadin.flow.component.ComponentEventBus.fireEventForListener(ComponentEventBus.java:239)
	at com.vaadin.flow.component.ComponentEventBus.handleDomEvent(ComponentEventBus.java:488)
	at com.vaadin.flow.component.ComponentEventBus.lambda$addDomTrigger$dd1b7957$1(ComponentEventBus.java:298)
	at com.vaadin.flow.internal.nodefeature.ElementListenerMap.lambda$fireEvent$2(ElementListenerMap.java:447)
	at java.base/java.util.ArrayList.forEach(ArrayList.java:1596)
	at com.vaadin.flow.internal.nodefeature.ElementListenerMap.fireEvent(ElementListenerMap.java:447)
	at com.vaadin.flow.server.communication.rpc.EventRpcHandler.handleNode(EventRpcHandler.java:62)
	at com.vaadin.flow.server.communication.rpc.AbstractRpcInvocationHandler.handle(AbstractRpcInvocationHandler.java:74)
	at com.vaadin.flow.server.communication.ServerRpcHandler.handleInvocationData(ServerRpcHandler.java:466)
	at com.vaadin.flow.server.communication.ServerRpcHandler.lambda$handleInvocations$4(ServerRpcHandler.java:447)
	at java.base/java.util.ArrayList.forEach(ArrayList.java:1596)
	at com.vaadin.flow.server.communication.ServerRpcHandler.handleInvocations(ServerRpcHandler.java:447)
	at com.vaadin.flow.server.communication.ServerRpcHandler.handleRpc(ServerRpcHandler.java:324)
	at com.vaadin.flow.server.communication.UidlRequestHandler.synchronizedHandleRequest(UidlRequestHandler.java:114)
	at com.vaadin.flow.server.SynchronizedRequestHandler.handleRequest(SynchronizedRequestHandler.java:40)
	at com.vaadin.flow.server.VaadinService.handleRequest(VaadinService.java:1573)
	at com.vaadin.flow.server.VaadinServlet.service(VaadinServlet.java:398)
	at com.vaadin.flow.spring.SpringServlet.service(SpringServlet.java:106)
	at jakarta.servlet.http.HttpServlet.service(HttpServlet.java:658)
	at org.apache.catalina.core.ApplicationFilterChain.internalDoFilter(ApplicationFilterChain.java:205)
	at org.apache.catalina.core.ApplicationFilterChain.doFilter(ApplicationFilterChain.java:149)
	at org.apache.catalina.core.ApplicationDispatcher.invoke(ApplicationDispatcher.java:642)
	at org.apache.catalina.core.ApplicationDispatcher.processRequest(ApplicationDispatcher.java:408)
	at org.apache.catalina.core.ApplicationDispatcher.doForward(ApplicationDispatcher.java:313)
	at org.apache.catalina.core.ApplicationDispatcher.forward(ApplicationDispatcher.java:277)
	at org.springframework.web.servlet.mvc.ServletForwardingController.handleRequestInternal(ServletForwardingController.java:141)
	at org.springframework.web.servlet.mvc.AbstractController.handleRequest(AbstractController.java:178)
	at org.springframework.web.servlet.mvc.SimpleControllerHandlerAdapter.handle(SimpleControllerHandlerAdapter.java:51)
	at org.springframework.web.servlet.DispatcherServlet.doDispatch(DispatcherServlet.java:1089)
	at org.springframework.web.servlet.DispatcherServlet.doService(DispatcherServlet.java:979)
	at org.springframework.web.servlet.FrameworkServlet.processRequest(FrameworkServlet.java:1014)
	at org.springframework.web.servlet.FrameworkServlet.doPost(FrameworkServlet.java:914)
	at jakarta.servlet.http.HttpServlet.service(HttpServlet.java:590)
	at org.springframework.web.servlet.FrameworkServlet.service(FrameworkServlet.java:885)
	at jakarta.servlet.http.HttpServlet.service(HttpServlet.java:658)
	at org.apache.catalina.core.ApplicationFilterChain.internalDoFilter(ApplicationFilterChain.java:205)
	at org.apache.catalina.core.ApplicationFilterChain.doFilter(ApplicationFilterChain.java:149)
	at org.apache.tomcat.websocket.server.WsFilter.doFilter(WsFilter.java:51)
	at org.apache.catalina.core.ApplicationFilterChain.internalDoFilter(ApplicationFilterChain.java:174)
	at org.apache.catalina.core.ApplicationFilterChain.doFilter(ApplicationFilterChain.java:149)
	at org.springframework.web.filter.RequestContextFilter.doFilterInternal(RequestContextFilter.java:100)
	at org.springframework.web.filter.OncePerRequestFilter.doFilter(OncePerRequestFilter.java:116)
	at org.apache.catalina.core.ApplicationFilterChain.internalDoFilter(ApplicationFilterChain.java:174)
	at org.apache.catalina.core.ApplicationFilterChain.doFilter(ApplicationFilterChain.java:149)
	at org.springframework.web.filter.FormContentFilter.doFilterInternal(FormContentFilter.java:93)
	at org.springframework.web.filter.OncePerRequestFilter.doFilter(OncePerRequestFilter.java:116)
	at org.apache.catalina.core.ApplicationFilterChain.internalDoFilter(ApplicationFilterChain.java:174)
	at org.apache.catalina.core.ApplicationFilterChain.doFilter(ApplicationFilterChain.java:149)
	at org.springframework.web.filter.CharacterEncodingFilter.doFilterInternal(CharacterEncodingFilter.java:201)
	at org.springframework.web.filter.OncePerRequestFilter.doFilter(OncePerRequestFilter.java:116)
	at org.apache.catalina.core.ApplicationFilterChain.internalDoFilter(ApplicationFilterChain.java:174)
	at org.apache.catalina.core.ApplicationFilterChain.doFilter(ApplicationFilterChain.java:149)
	at org.apache.catalina.core.StandardWrapperValve.invoke(StandardWrapperValve.java:167)
	at org.apache.catalina.core.StandardContextValve.invoke(StandardContextValve.java:90)
	at org.apache.catalina.authenticator.AuthenticatorBase.invoke(AuthenticatorBase.java:482)
	at org.apache.catalina.core.StandardHostValve.invoke(StandardHostValve.java:115)
	at org.apache.catalina.valves.ErrorReportValve.invoke(ErrorReportValve.java:93)
	at org.apache.catalina.core.StandardEngineValve.invoke(StandardEngineValve.java:74)
	at org.apache.catalina.connector.CoyoteAdapter.service(CoyoteAdapter.java:340)
	at org.apache.coyote.http11.Http11Processor.service(Http11Processor.java:391)
	at org.apache.coyote.AbstractProcessorLight.process(AbstractProcessorLight.java:63)
	at org.apache.coyote.AbstractProtocol$ConnectionHandler.process(AbstractProtocol.java:896)
	at org.apache.tomcat.util.net.NioEndpoint$SocketProcessor.doRun(NioEndpoint.java:1744)
	at org.apache.tomcat.util.net.SocketProcessorBase.run(SocketProcessorBase.java:52)
	at org.apache.tomcat.util.threads.ThreadPoolExecutor.runWorker(ThreadPoolExecutor.java:1191)
	at org.apache.tomcat.util.threads.ThreadPoolExecutor$Worker.run(ThreadPoolExecutor.java:659)
	at org.apache.tomcat.util.threads.TaskThread$WrappingRunnable.run(TaskThread.java:61)
	at java.base/java.lang.Thread.run(Thread.java:1583)
2026-05-25 11:14:48 [http-nio-8080-exec-1] ERROR c.v.flow.server.DefaultErrorHandler - 
java.lang.IllegalArgumentException: Invalid salt revision
	at org.mindrot.jbcrypt.BCrypt.hashpw(BCrypt.java:665)
	at org.mindrot.jbcrypt.BCrypt.checkpw(BCrypt.java:764)
	at com.facturacion.service.AuthService.login(AuthService.java:42)
	at com.facturacion.ui.views.LoginView.lambda$crearTarjetaLogin$0(LoginView.java:109)
	at com.facturacion.ui.views.LoginView.lambda$crearTarjetaLogin$b2c3d7eb$1(LoginView.java:117)
	at com.vaadin.flow.component.ComponentEventBus.fireEventForListener(ComponentEventBus.java:239)
	at com.vaadin.flow.component.ComponentEventBus.handleDomEvent(ComponentEventBus.java:488)
	at com.vaadin.flow.component.ComponentEventBus.lambda$addDomTrigger$dd1b7957$1(ComponentEventBus.java:298)
	at com.vaadin.flow.internal.nodefeature.ElementListenerMap.lambda$fireEvent$2(ElementListenerMap.java:447)
	at java.base/java.util.ArrayList.forEach(ArrayList.java:1596)
	at com.vaadin.flow.internal.nodefeature.ElementListenerMap.fireEvent(ElementListenerMap.java:447)
	at com.vaadin.flow.server.communication.rpc.EventRpcHandler.handleNode(EventRpcHandler.java:62)
	at com.vaadin.flow.server.communication.rpc.AbstractRpcInvocationHandler.handle(AbstractRpcInvocationHandler.java:74)
	at com.vaadin.flow.server.communication.ServerRpcHandler.handleInvocationData(ServerRpcHandler.java:466)
	at com.vaadin.flow.server.communication.ServerRpcHandler.lambda$handleInvocations$4(ServerRpcHandler.java:447)
	at java.base/java.util.ArrayList.forEach(ArrayList.java:1596)
	at com.vaadin.flow.server.communication.ServerRpcHandler.handleInvocations(ServerRpcHandler.java:447)
	at com.vaadin.flow.server.communication.ServerRpcHandler.handleRpc(ServerRpcHandler.java:324)
	at com.vaadin.flow.server.communication.UidlRequestHandler.synchronizedHandleRequest(UidlRequestHandler.java:114)
	at com.vaadin.flow.server.SynchronizedRequestHandler.handleRequest(SynchronizedRequestHandler.java:40)
	at com.vaadin.flow.server.VaadinService.handleRequest(VaadinService.java:1573)
	at com.vaadin.flow.server.VaadinServlet.service(VaadinServlet.java:398)
	at com.vaadin.flow.spring.SpringServlet.service(SpringServlet.java:106)
	at jakarta.servlet.http.HttpServlet.service(HttpServlet.java:658)
	at org.apache.catalina.core.ApplicationFilterChain.internalDoFilter(ApplicationFilterChain.java:205)
	at org.apache.catalina.core.ApplicationFilterChain.doFilter(ApplicationFilterChain.java:149)
	at org.apache.catalina.core.ApplicationDispatcher.invoke(ApplicationDispatcher.java:642)
	at org.apache.catalina.core.ApplicationDispatcher.processRequest(ApplicationDispatcher.java:408)
	at org.apache.catalina.core.ApplicationDispatcher.doForward(ApplicationDispatcher.java:313)
	at org.apache.catalina.core.ApplicationDispatcher.forward(ApplicationDispatcher.java:277)
	at org.springframework.web.servlet.mvc.ServletForwardingController.handleRequestInternal(ServletForwardingController.java:141)
	at org.springframework.web.servlet.mvc.AbstractController.handleRequest(AbstractController.java:178)
	at org.springframework.web.servlet.mvc.SimpleControllerHandlerAdapter.handle(SimpleControllerHandlerAdapter.java:51)
	at org.springframework.web.servlet.DispatcherServlet.doDispatch(DispatcherServlet.java:1089)
	at org.springframework.web.servlet.DispatcherServlet.doService(DispatcherServlet.java:979)
	at org.springframework.web.servlet.FrameworkServlet.processRequest(FrameworkServlet.java:1014)
	at org.springframework.web.servlet.FrameworkServlet.doPost(FrameworkServlet.java:914)
	at jakarta.servlet.http.HttpServlet.service(HttpServlet.java:590)
	at org.springframework.web.servlet.FrameworkServlet.service(FrameworkServlet.java:885)
	at jakarta.servlet.http.HttpServlet.service(HttpServlet.java:658)
	at org.apache.catalina.core.ApplicationFilterChain.internalDoFilter(ApplicationFilterChain.java:205)
	at org.apache.catalina.core.ApplicationFilterChain.doFilter(ApplicationFilterChain.java:149)
	at org.apache.tomcat.websocket.server.WsFilter.doFilter(WsFilter.java:51)
	at org.apache.catalina.core.ApplicationFilterChain.internalDoFilter(ApplicationFilterChain.java:174)
	at org.apache.catalina.core.ApplicationFilterChain.doFilter(ApplicationFilterChain.java:149)
	at org.springframework.web.filter.RequestContextFilter.doFilterInternal(RequestContextFilter.java:100)
	at org.springframework.web.filter.OncePerRequestFilter.doFilter(OncePerRequestFilter.java:116)
	at org.apache.catalina.core.ApplicationFilterChain.internalDoFilter(ApplicationFilterChain.java:174)
	at org.apache.catalina.core.ApplicationFilterChain.doFilter(ApplicationFilterChain.java:149)
	at org.springframework.web.filter.FormContentFilter.doFilterInternal(FormContentFilter.java:93)
	at org.springframework.web.filter.OncePerRequestFilter.doFilter(OncePerRequestFilter.java:116)
	at org.apache.catalina.core.ApplicationFilterChain.internalDoFilter(ApplicationFilterChain.java:174)
	at org.apache.catalina.core.ApplicationFilterChain.doFilter(ApplicationFilterChain.java:149)
	at org.springframework.web.filter.CharacterEncodingFilter.doFilterInternal(CharacterEncodingFilter.java:201)
	at org.springframework.web.filter.OncePerRequestFilter.doFilter(OncePerRequestFilter.java:116)
	at org.apache.catalina.core.ApplicationFilterChain.internalDoFilter(ApplicationFilterChain.java:174)
	at org.apache.catalina.core.ApplicationFilterChain.doFilter(ApplicationFilterChain.java:149)
	at org.apache.catalina.core.StandardWrapperValve.invoke(StandardWrapperValve.java:167)
	at org.apache.catalina.core.StandardContextValve.invoke(StandardContextValve.java:90)
	at org.apache.catalina.authenticator.AuthenticatorBase.invoke(AuthenticatorBase.java:482)
	at org.apache.catalina.core.StandardHostValve.invoke(StandardHostValve.java:115)
	at org.apache.catalina.valves.ErrorReportValve.invoke(ErrorReportValve.java:93)
	at org.apache.catalina.core.StandardEngineValve.invoke(StandardEngineValve.java:74)
	at org.apache.catalina.connector.CoyoteAdapter.service(CoyoteAdapter.java:340)
	at org.apache.coyote.http11.Http11Processor.service(Http11Processor.java:391)
	at org.apache.coyote.AbstractProcessorLight.process(AbstractProcessorLight.java:63)
	at org.apache.coyote.AbstractProtocol$ConnectionHandler.process(AbstractProtocol.java:896)
	at org.apache.tomcat.util.net.NioEndpoint$SocketProcessor.doRun(NioEndpoint.java:1744)
	at org.apache.tomcat.util.net.SocketProcessorBase.run(SocketProcessorBase.java:52)
	at org.apache.tomcat.util.threads.ThreadPoolExecutor.runWorker(ThreadPoolExecutor.java:1191)
	at org.apache.tomcat.util.threads.ThreadPoolExecutor$Worker.run(ThreadPoolExecutor.java:659)
	at org.apache.tomcat.util.threads.TaskThread$WrappingRunnable.run(TaskThread.java:61)
	at java.base/java.lang.Thread.run(Thread.java:1583)
2026-05-25 11:14:49 [http-nio-8080-exec-7] ERROR c.v.flow.server.DefaultErrorHandler - 
java.lang.IllegalArgumentException: Invalid salt revision
	at org.mindrot.jbcrypt.BCrypt.hashpw(BCrypt.java:665)
	at org.mindrot.jbcrypt.BCrypt.checkpw(BCrypt.java:764)
	at com.facturacion.service.AuthService.login(AuthService.java:42)
	at com.facturacion.ui.views.LoginView.lambda$crearTarjetaLogin$0(LoginView.java:109)
	at com.facturacion.ui.views.LoginView.lambda$crearTarjetaLogin$b2c3d7eb$1(LoginView.java:117)
	at com.vaadin.flow.component.ComponentEventBus.fireEventForListener(ComponentEventBus.java:239)
	at com.vaadin.flow.component.ComponentEventBus.handleDomEvent(ComponentEventBus.java:488)
	at com.vaadin.flow.component.ComponentEventBus.lambda$addDomTrigger$dd1b7957$1(ComponentEventBus.java:298)
	at com.vaadin.flow.internal.nodefeature.ElementListenerMap.lambda$fireEvent$2(ElementListenerMap.java:447)
	at java.base/java.util.ArrayList.forEach(ArrayList.java:1596)
	at com.vaadin.flow.internal.nodefeature.ElementListenerMap.fireEvent(ElementListenerMap.java:447)
	at com.vaadin.flow.server.communication.rpc.EventRpcHandler.handleNode(EventRpcHandler.java:62)
	at com.vaadin.flow.server.communication.rpc.AbstractRpcInvocationHandler.handle(AbstractRpcInvocationHandler.java:74)
	at com.vaadin.flow.server.communication.ServerRpcHandler.handleInvocationData(ServerRpcHandler.java:466)
	at com.vaadin.flow.server.communication.ServerRpcHandler.lambda$handleInvocations$4(ServerRpcHandler.java:447)
	at java.base/java.util.ArrayList.forEach(ArrayList.java:1596)
	at com.vaadin.flow.server.communication.ServerRpcHandler.handleInvocations(ServerRpcHandler.java:447)
	at com.vaadin.flow.server.communication.ServerRpcHandler.handleRpc(ServerRpcHandler.java:324)
	at com.vaadin.flow.server.communication.UidlRequestHandler.synchronizedHandleRequest(UidlRequestHandler.java:114)
	at com.vaadin.flow.server.SynchronizedRequestHandler.handleRequest(SynchronizedRequestHandler.java:40)
	at com.vaadin.flow.server.VaadinService.handleRequest(VaadinService.java:1573)
	at com.vaadin.flow.server.VaadinServlet.service(VaadinServlet.java:398)
	at com.vaadin.flow.spring.SpringServlet.service(SpringServlet.java:106)
	at jakarta.servlet.http.HttpServlet.service(HttpServlet.java:658)
	at org.apache.catalina.core.ApplicationFilterChain.internalDoFilter(ApplicationFilterChain.java:205)
	at org.apache.catalina.core.ApplicationFilterChain.doFilter(ApplicationFilterChain.java:149)
	at org.apache.catalina.core.ApplicationDispatcher.invoke(ApplicationDispatcher.java:642)
	at org.apache.catalina.core.ApplicationDispatcher.processRequest(ApplicationDispatcher.java:408)
	at org.apache.catalina.core.ApplicationDispatcher.doForward(ApplicationDispatcher.java:313)
	at org.apache.catalina.core.ApplicationDispatcher.forward(ApplicationDispatcher.java:277)
	at org.springframework.web.servlet.mvc.ServletForwardingController.handleRequestInternal(ServletForwardingController.java:141)
	at org.springframework.web.servlet.mvc.AbstractController.handleRequest(AbstractController.java:178)
	at org.springframework.web.servlet.mvc.SimpleControllerHandlerAdapter.handle(SimpleControllerHandlerAdapter.java:51)
	at org.springframework.web.servlet.DispatcherServlet.doDispatch(DispatcherServlet.java:1089)
	at org.springframework.web.servlet.DispatcherServlet.doService(DispatcherServlet.java:979)
	at org.springframework.web.servlet.FrameworkServlet.processRequest(FrameworkServlet.java:1014)
	at org.springframework.web.servlet.FrameworkServlet.doPost(FrameworkServlet.java:914)
	at jakarta.servlet.http.HttpServlet.service(HttpServlet.java:590)
	at org.springframework.web.servlet.FrameworkServlet.service(FrameworkServlet.java:885)
	at jakarta.servlet.http.HttpServlet.service(HttpServlet.java:658)
	at org.apache.catalina.core.ApplicationFilterChain.internalDoFilter(ApplicationFilterChain.java:205)
	at org.apache.catalina.core.ApplicationFilterChain.doFilter(ApplicationFilterChain.java:149)
	at org.apache.tomcat.websocket.server.WsFilter.doFilter(WsFilter.java:51)
	at org.apache.catalina.core.ApplicationFilterChain.internalDoFilter(ApplicationFilterChain.java:174)
	at org.apache.catalina.core.ApplicationFilterChain.doFilter(ApplicationFilterChain.java:149)
	at org.springframework.web.filter.RequestContextFilter.doFilterInternal(RequestContextFilter.java:100)
	at org.springframework.web.filter.OncePerRequestFilter.doFilter(OncePerRequestFilter.java:116)
	at org.apache.catalina.core.ApplicationFilterChain.internalDoFilter(ApplicationFilterChain.java:174)
	at org.apache.catalina.core.ApplicationFilterChain.doFilter(ApplicationFilterChain.java:149)
	at org.springframework.web.filter.FormContentFilter.doFilterInternal(FormContentFilter.java:93)
	at org.springframework.web.filter.OncePerRequestFilter.doFilter(OncePerRequestFilter.java:116)
	at org.apache.catalina.core.ApplicationFilterChain.internalDoFilter(ApplicationFilterChain.java:174)
	at org.apache.catalina.core.ApplicationFilterChain.doFilter(ApplicationFilterChain.java:149)
	at org.springframework.web.filter.CharacterEncodingFilter.doFilterInternal(CharacterEncodingFilter.java:201)
	at org.springframework.web.filter.OncePerRequestFilter.doFilter(OncePerRequestFilter.java:116)
	at org.apache.catalina.core.ApplicationFilterChain.internalDoFilter(ApplicationFilterChain.java:174)
	at org.apache.catalina.core.ApplicationFilterChain.doFilter(ApplicationFilterChain.java:149)
	at org.apache.catalina.core.StandardWrapperValve.invoke(StandardWrapperValve.java:167)
	at org.apache.catalina.core.StandardContextValve.invoke(StandardContextValve.java:90)
	at org.apache.catalina.authenticator.AuthenticatorBase.invoke(AuthenticatorBase.java:482)
	at org.apache.catalina.core.StandardHostValve.invoke(StandardHostValve.java:115)
	at org.apache.catalina.valves.ErrorReportValve.invoke(ErrorReportValve.java:93)
	at org.apache.catalina.core.StandardEngineValve.invoke(StandardEngineValve.java:74)
	at org.apache.catalina.connector.CoyoteAdapter.service(CoyoteAdapter.java:340)
	at org.apache.coyote.http11.Http11Processor.service(Http11Processor.java:391)
	at org.apache.coyote.AbstractProcessorLight.process(AbstractProcessorLight.java:63)
	at org.apache.coyote.AbstractProtocol$ConnectionHandler.process(AbstractProtocol.java:896)
	at org.apache.tomcat.util.net.NioEndpoint$SocketProcessor.doRun(NioEndpoint.java:1744)
	at org.apache.tomcat.util.net.SocketProcessorBase.run(SocketProcessorBase.java:52)
	at org.apache.tomcat.util.threads.ThreadPoolExecutor.runWorker(ThreadPoolExecutor.java:1191)
	at org.apache.tomcat.util.threads.ThreadPoolExecutor$Worker.run(ThreadPoolExecutor.java:659)
	at org.apache.tomcat.util.threads.TaskThread$WrappingRunnable.run(TaskThread.java:61)
	at java.base/java.lang.Thread.run(Thread.java:1583)
2026-05-25 11:20:40 [http-nio-8080-exec-4] ERROR c.v.flow.server.DefaultErrorHandler - 
java.lang.IllegalArgumentException: Invalid salt version
	at org.mindrot.jbcrypt.BCrypt.hashpw(BCrypt.java:659)
	at org.mindrot.jbcrypt.BCrypt.checkpw(BCrypt.java:764)
	at com.facturacion.service.AuthService.login(AuthService.java:42)
	at com.facturacion.ui.views.LoginView.lambda$crearTarjetaLogin$0(LoginView.java:109)
	at com.facturacion.ui.views.LoginView.lambda$crearTarjetaLogin$b2c3d7eb$1(LoginView.java:117)
	at com.vaadin.flow.component.ComponentEventBus.fireEventForListener(ComponentEventBus.java:239)
	at com.vaadin.flow.component.ComponentEventBus.handleDomEvent(ComponentEventBus.java:488)
	at com.vaadin.flow.component.ComponentEventBus.lambda$addDomTrigger$dd1b7957$1(ComponentEventBus.java:298)
	at com.vaadin.flow.internal.nodefeature.ElementListenerMap.lambda$fireEvent$2(ElementListenerMap.java:447)
	at java.base/java.util.ArrayList.forEach(ArrayList.java:1596)
	at com.vaadin.flow.internal.nodefeature.ElementListenerMap.fireEvent(ElementListenerMap.java:447)
	at com.vaadin.flow.server.communication.rpc.EventRpcHandler.handleNode(EventRpcHandler.java:62)
	at com.vaadin.flow.server.communication.rpc.AbstractRpcInvocationHandler.handle(AbstractRpcInvocationHandler.java:74)
	at com.vaadin.flow.server.communication.ServerRpcHandler.handleInvocationData(ServerRpcHandler.java:466)
	at com.vaadin.flow.server.communication.ServerRpcHandler.lambda$handleInvocations$4(ServerRpcHandler.java:447)
	at java.base/java.util.ArrayList.forEach(ArrayList.java:1596)
	at com.vaadin.flow.server.communication.ServerRpcHandler.handleInvocations(ServerRpcHandler.java:447)
	at com.vaadin.flow.server.communication.ServerRpcHandler.handleRpc(ServerRpcHandler.java:324)
	at com.vaadin.flow.server.communication.UidlRequestHandler.synchronizedHandleRequest(UidlRequestHandler.java:114)
	at com.vaadin.flow.server.SynchronizedRequestHandler.handleRequest(SynchronizedRequestHandler.java:40)
	at com.vaadin.flow.server.VaadinService.handleRequest(VaadinService.java:1573)
	at com.vaadin.flow.server.VaadinServlet.service(VaadinServlet.java:398)
	at com.vaadin.flow.spring.SpringServlet.service(SpringServlet.java:106)
	at jakarta.servlet.http.HttpServlet.service(HttpServlet.java:658)
	at org.apache.catalina.core.ApplicationFilterChain.internalDoFilter(ApplicationFilterChain.java:205)
	at org.apache.catalina.core.ApplicationFilterChain.doFilter(ApplicationFilterChain.java:149)
	at org.apache.catalina.core.ApplicationDispatcher.invoke(ApplicationDispatcher.java:642)
	at org.apache.catalina.core.ApplicationDispatcher.processRequest(ApplicationDispatcher.java:408)
	at org.apache.catalina.core.ApplicationDispatcher.doForward(ApplicationDispatcher.java:313)
	at org.apache.catalina.core.ApplicationDispatcher.forward(ApplicationDispatcher.java:277)
	at org.springframework.web.servlet.mvc.ServletForwardingController.handleRequestInternal(ServletForwardingController.java:141)
	at org.springframework.web.servlet.mvc.AbstractController.handleRequest(AbstractController.java:178)
	at org.springframework.web.servlet.mvc.SimpleControllerHandlerAdapter.handle(SimpleControllerHandlerAdapter.java:51)
	at org.springframework.web.servlet.DispatcherServlet.doDispatch(DispatcherServlet.java:1089)
	at org.springframework.web.servlet.DispatcherServlet.doService(DispatcherServlet.java:979)
	at org.springframework.web.servlet.FrameworkServlet.processRequest(FrameworkServlet.java:1014)
	at org.springframework.web.servlet.FrameworkServlet.doPost(FrameworkServlet.java:914)
	at jakarta.servlet.http.HttpServlet.service(HttpServlet.java:590)
	at org.springframework.web.servlet.FrameworkServlet.service(FrameworkServlet.java:885)
	at jakarta.servlet.http.HttpServlet.service(HttpServlet.java:658)
	at org.apache.catalina.core.ApplicationFilterChain.internalDoFilter(ApplicationFilterChain.java:205)
	at org.apache.catalina.core.ApplicationFilterChain.doFilter(ApplicationFilterChain.java:149)
	at org.apache.tomcat.websocket.server.WsFilter.doFilter(WsFilter.java:51)
	at org.apache.catalina.core.ApplicationFilterChain.internalDoFilter(ApplicationFilterChain.java:174)
	at org.apache.catalina.core.ApplicationFilterChain.doFilter(ApplicationFilterChain.java:149)
	at org.springframework.web.filter.RequestContextFilter.doFilterInternal(RequestContextFilter.java:100)
	at org.springframework.web.filter.OncePerRequestFilter.doFilter(OncePerRequestFilter.java:116)
	at org.apache.catalina.core.ApplicationFilterChain.internalDoFilter(ApplicationFilterChain.java:174)
	at org.apache.catalina.core.ApplicationFilterChain.doFilter(ApplicationFilterChain.java:149)
	at org.springframework.web.filter.FormContentFilter.doFilterInternal(FormContentFilter.java:93)
	at org.springframework.web.filter.OncePerRequestFilter.doFilter(OncePerRequestFilter.java:116)
	at org.apache.catalina.core.ApplicationFilterChain.internalDoFilter(ApplicationFilterChain.java:174)
	at org.apache.catalina.core.ApplicationFilterChain.doFilter(ApplicationFilterChain.java:149)
	at org.springframework.web.filter.CharacterEncodingFilter.doFilterInternal(CharacterEncodingFilter.java:201)
	at org.springframework.web.filter.OncePerRequestFilter.doFilter(OncePerRequestFilter.java:116)
	at org.apache.catalina.core.ApplicationFilterChain.internalDoFilter(ApplicationFilterChain.java:174)
	at org.apache.catalina.core.ApplicationFilterChain.doFilter(ApplicationFilterChain.java:149)
	at org.apache.catalina.core.StandardWrapperValve.invoke(StandardWrapperValve.java:167)
	at org.apache.catalina.core.StandardContextValve.invoke(StandardContextValve.java:90)
	at org.apache.catalina.authenticator.AuthenticatorBase.invoke(AuthenticatorBase.java:482)
	at org.apache.catalina.core.StandardHostValve.invoke(StandardHostValve.java:115)
	at org.apache.catalina.valves.ErrorReportValve.invoke(ErrorReportValve.java:93)
	at org.apache.catalina.core.StandardEngineValve.invoke(StandardEngineValve.java:74)
	at org.apache.catalina.connector.CoyoteAdapter.service(CoyoteAdapter.java:340)
	at org.apache.coyote.http11.Http11Processor.service(Http11Processor.java:391)
	at org.apache.coyote.AbstractProcessorLight.process(AbstractProcessorLight.java:63)
	at org.apache.coyote.AbstractProtocol$ConnectionHandler.process(AbstractProtocol.java:896)
	at org.apache.tomcat.util.net.NioEndpoint$SocketProcessor.doRun(NioEndpoint.java:1744)
	at org.apache.tomcat.util.net.SocketProcessorBase.run(SocketProcessorBase.java:52)
	at org.apache.tomcat.util.threads.ThreadPoolExecutor.runWorker(ThreadPoolExecutor.java:1191)
	at org.apache.tomcat.util.threads.ThreadPoolExecutor$Worker.run(ThreadPoolExecutor.java:659)
	at org.apache.tomcat.util.threads.TaskThread$WrappingRunnable.run(TaskThread.java:61)
	at java.base/java.lang.Thread.run(Thread.java:1583)
2026-05-25 11:20:42 [http-nio-8080-exec-7] ERROR c.v.flow.server.DefaultErrorHandler - 
java.lang.IllegalArgumentException: Invalid salt version
	at org.mindrot.jbcrypt.BCrypt.hashpw(BCrypt.java:659)
	at org.mindrot.jbcrypt.BCrypt.checkpw(BCrypt.java:764)
	at com.facturacion.service.AuthService.login(AuthService.java:42)
	at com.facturacion.ui.views.LoginView.lambda$crearTarjetaLogin$0(LoginView.java:109)
	at com.facturacion.ui.views.LoginView.lambda$crearTarjetaLogin$b2c3d7eb$1(LoginView.java:117)
	at com.vaadin.flow.component.ComponentEventBus.fireEventForListener(ComponentEventBus.java:239)
	at com.vaadin.flow.component.ComponentEventBus.handleDomEvent(ComponentEventBus.java:488)
	at com.vaadin.flow.component.ComponentEventBus.lambda$addDomTrigger$dd1b7957$1(ComponentEventBus.java:298)
	at com.vaadin.flow.internal.nodefeature.ElementListenerMap.lambda$fireEvent$2(ElementListenerMap.java:447)
	at java.base/java.util.ArrayList.forEach(ArrayList.java:1596)
	at com.vaadin.flow.internal.nodefeature.ElementListenerMap.fireEvent(ElementListenerMap.java:447)
	at com.vaadin.flow.server.communication.rpc.EventRpcHandler.handleNode(EventRpcHandler.java:62)
	at com.vaadin.flow.server.communication.rpc.AbstractRpcInvocationHandler.handle(AbstractRpcInvocationHandler.java:74)
	at com.vaadin.flow.server.communication.ServerRpcHandler.handleInvocationData(ServerRpcHandler.java:466)
	at com.vaadin.flow.server.communication.ServerRpcHandler.lambda$handleInvocations$4(ServerRpcHandler.java:447)
	at java.base/java.util.ArrayList.forEach(ArrayList.java:1596)
	at com.vaadin.flow.server.communication.ServerRpcHandler.handleInvocations(ServerRpcHandler.java:447)
	at com.vaadin.flow.server.communication.ServerRpcHandler.handleRpc(ServerRpcHandler.java:324)
	at com.vaadin.flow.server.communication.UidlRequestHandler.synchronizedHandleRequest(UidlRequestHandler.java:114)
	at com.vaadin.flow.server.SynchronizedRequestHandler.handleRequest(SynchronizedRequestHandler.java:40)
	at com.vaadin.flow.server.VaadinService.handleRequest(VaadinService.java:1573)
	at com.vaadin.flow.server.VaadinServlet.service(VaadinServlet.java:398)
	at com.vaadin.flow.spring.SpringServlet.service(SpringServlet.java:106)
	at jakarta.servlet.http.HttpServlet.service(HttpServlet.java:658)
	at org.apache.catalina.core.ApplicationFilterChain.internalDoFilter(ApplicationFilterChain.java:205)
	at org.apache.catalina.core.ApplicationFilterChain.doFilter(ApplicationFilterChain.java:149)
	at org.apache.catalina.core.ApplicationDispatcher.invoke(ApplicationDispatcher.java:642)
	at org.apache.catalina.core.ApplicationDispatcher.processRequest(ApplicationDispatcher.java:408)
	at org.apache.catalina.core.ApplicationDispatcher.doForward(ApplicationDispatcher.java:313)
	at org.apache.catalina.core.ApplicationDispatcher.forward(ApplicationDispatcher.java:277)
	at org.springframework.web.servlet.mvc.ServletForwardingController.handleRequestInternal(ServletForwardingController.java:141)
	at org.springframework.web.servlet.mvc.AbstractController.handleRequest(AbstractController.java:178)
	at org.springframework.web.servlet.mvc.SimpleControllerHandlerAdapter.handle(SimpleControllerHandlerAdapter.java:51)
	at org.springframework.web.servlet.DispatcherServlet.doDispatch(DispatcherServlet.java:1089)
	at org.springframework.web.servlet.DispatcherServlet.doService(DispatcherServlet.java:979)
	at org.springframework.web.servlet.FrameworkServlet.processRequest(FrameworkServlet.java:1014)
	at org.springframework.web.servlet.FrameworkServlet.doPost(FrameworkServlet.java:914)
	at jakarta.servlet.http.HttpServlet.service(HttpServlet.java:590)
	at org.springframework.web.servlet.FrameworkServlet.service(FrameworkServlet.java:885)
	at jakarta.servlet.http.HttpServlet.service(HttpServlet.java:658)
	at org.apache.catalina.core.ApplicationFilterChain.internalDoFilter(ApplicationFilterChain.java:205)
	at org.apache.catalina.core.ApplicationFilterChain.doFilter(ApplicationFilterChain.java:149)
	at org.apache.tomcat.websocket.server.WsFilter.doFilter(WsFilter.java:51)
	at org.apache.catalina.core.ApplicationFilterChain.internalDoFilter(ApplicationFilterChain.java:174)
	at org.apache.catalina.core.ApplicationFilterChain.doFilter(ApplicationFilterChain.java:149)
	at org.springframework.web.filter.RequestContextFilter.doFilterInternal(RequestContextFilter.java:100)
	at org.springframework.web.filter.OncePerRequestFilter.doFilter(OncePerRequestFilter.java:116)
	at org.apache.catalina.core.ApplicationFilterChain.internalDoFilter(ApplicationFilterChain.java:174)
	at org.apache.catalina.core.ApplicationFilterChain.doFilter(ApplicationFilterChain.java:149)
	at org.springframework.web.filter.FormContentFilter.doFilterInternal(FormContentFilter.java:93)
	at org.springframework.web.filter.OncePerRequestFilter.doFilter(OncePerRequestFilter.java:116)
	at org.apache.catalina.core.ApplicationFilterChain.internalDoFilter(ApplicationFilterChain.java:174)
	at org.apache.catalina.core.ApplicationFilterChain.doFilter(ApplicationFilterChain.java:149)
	at org.springframework.web.filter.CharacterEncodingFilter.doFilterInternal(CharacterEncodingFilter.java:201)
	at org.springframework.web.filter.OncePerRequestFilter.doFilter(OncePerRequestFilter.java:116)
	at org.apache.catalina.core.ApplicationFilterChain.internalDoFilter(ApplicationFilterChain.java:174)
	at org.apache.catalina.core.ApplicationFilterChain.doFilter(ApplicationFilterChain.java:149)
	at org.apache.catalina.core.StandardWrapperValve.invoke(StandardWrapperValve.java:167)
	at org.apache.catalina.core.StandardContextValve.invoke(StandardContextValve.java:90)
	at org.apache.catalina.authenticator.AuthenticatorBase.invoke(AuthenticatorBase.java:482)
	at org.apache.catalina.core.StandardHostValve.invoke(StandardHostValve.java:115)
	at org.apache.catalina.valves.ErrorReportValve.invoke(ErrorReportValve.java:93)
	at org.apache.catalina.core.StandardEngineValve.invoke(StandardEngineValve.java:74)
	at org.apache.catalina.connector.CoyoteAdapter.service(CoyoteAdapter.java:340)
	at org.apache.coyote.http11.Http11Processor.service(Http11Processor.java:391)
	at org.apache.coyote.AbstractProcessorLight.process(AbstractProcessorLight.java:63)
	at org.apache.coyote.AbstractProtocol$ConnectionHandler.process(AbstractProtocol.java:896)
	at org.apache.tomcat.util.net.NioEndpoint$SocketProcessor.doRun(NioEndpoint.java:1744)
	at org.apache.tomcat.util.net.SocketProcessorBase.run(SocketProcessorBase.java:52)
	at org.apache.tomcat.util.threads.ThreadPoolExecutor.runWorker(ThreadPoolExecutor.java:1191)
	at org.apache.tomcat.util.threads.ThreadPoolExecutor$Worker.run(ThreadPoolExecutor.java:659)
	at org.apache.tomcat.util.threads.TaskThread$WrappingRunnable.run(TaskThread.java:61)
	at java.base/java.lang.Thread.run(Thread.java:1583)
2026-05-25 11:20:42 [http-nio-8080-exec-3] ERROR c.v.flow.server.DefaultErrorHandler - 
java.lang.IllegalArgumentException: Invalid salt version
	at org.mindrot.jbcrypt.BCrypt.hashpw(BCrypt.java:659)
	at org.mindrot.jbcrypt.BCrypt.checkpw(BCrypt.java:764)
	at com.facturacion.service.AuthService.login(AuthService.java:42)
	at com.facturacion.ui.views.LoginView.lambda$crearTarjetaLogin$0(LoginView.java:109)
	at com.facturacion.ui.views.LoginView.lambda$crearTarjetaLogin$b2c3d7eb$1(LoginView.java:117)
	at com.vaadin.flow.component.ComponentEventBus.fireEventForListener(ComponentEventBus.java:239)
	at com.vaadin.flow.component.ComponentEventBus.handleDomEvent(ComponentEventBus.java:488)
	at com.vaadin.flow.component.ComponentEventBus.lambda$addDomTrigger$dd1b7957$1(ComponentEventBus.java:298)
	at com.vaadin.flow.internal.nodefeature.ElementListenerMap.lambda$fireEvent$2(ElementListenerMap.java:447)
	at java.base/java.util.ArrayList.forEach(ArrayList.java:1596)
	at com.vaadin.flow.internal.nodefeature.ElementListenerMap.fireEvent(ElementListenerMap.java:447)
	at com.vaadin.flow.server.communication.rpc.EventRpcHandler.handleNode(EventRpcHandler.java:62)
	at com.vaadin.flow.server.communication.rpc.AbstractRpcInvocationHandler.handle(AbstractRpcInvocationHandler.java:74)
	at com.vaadin.flow.server.communication.ServerRpcHandler.handleInvocationData(ServerRpcHandler.java:466)
	at com.vaadin.flow.server.communication.ServerRpcHandler.lambda$handleInvocations$4(ServerRpcHandler.java:447)
	at java.base/java.util.ArrayList.forEach(ArrayList.java:1596)
	at com.vaadin.flow.server.communication.ServerRpcHandler.handleInvocations(ServerRpcHandler.java:447)
	at com.vaadin.flow.server.communication.ServerRpcHandler.handleRpc(ServerRpcHandler.java:324)
	at com.vaadin.flow.server.communication.UidlRequestHandler.synchronizedHandleRequest(UidlRequestHandler.java:114)
	at com.vaadin.flow.server.SynchronizedRequestHandler.handleRequest(SynchronizedRequestHandler.java:40)
	at com.vaadin.flow.server.VaadinService.handleRequest(VaadinService.java:1573)
	at com.vaadin.flow.server.VaadinServlet.service(VaadinServlet.java:398)
	at com.vaadin.flow.spring.SpringServlet.service(SpringServlet.java:106)
	at jakarta.servlet.http.HttpServlet.service(HttpServlet.java:658)
	at org.apache.catalina.core.ApplicationFilterChain.internalDoFilter(ApplicationFilterChain.java:205)
	at org.apache.catalina.core.ApplicationFilterChain.doFilter(ApplicationFilterChain.java:149)
	at org.apache.catalina.core.ApplicationDispatcher.invoke(ApplicationDispatcher.java:642)
	at org.apache.catalina.core.ApplicationDispatcher.processRequest(ApplicationDispatcher.java:408)
	at org.apache.catalina.core.ApplicationDispatcher.doForward(ApplicationDispatcher.java:313)
	at org.apache.catalina.core.ApplicationDispatcher.forward(ApplicationDispatcher.java:277)
	at org.springframework.web.servlet.mvc.ServletForwardingController.handleRequestInternal(ServletForwardingController.java:141)
	at org.springframework.web.servlet.mvc.AbstractController.handleRequest(AbstractController.java:178)
	at org.springframework.web.servlet.mvc.SimpleControllerHandlerAdapter.handle(SimpleControllerHandlerAdapter.java:51)
	at org.springframework.web.servlet.DispatcherServlet.doDispatch(DispatcherServlet.java:1089)
	at org.springframework.web.servlet.DispatcherServlet.doService(DispatcherServlet.java:979)
	at org.springframework.web.servlet.FrameworkServlet.processRequest(FrameworkServlet.java:1014)
	at org.springframework.web.servlet.FrameworkServlet.doPost(FrameworkServlet.java:914)
	at jakarta.servlet.http.HttpServlet.service(HttpServlet.java:590)
	at org.springframework.web.servlet.FrameworkServlet.service(FrameworkServlet.java:885)
	at jakarta.servlet.http.HttpServlet.service(HttpServlet.java:658)
	at org.apache.catalina.core.ApplicationFilterChain.internalDoFilter(ApplicationFilterChain.java:205)
	at org.apache.catalina.core.ApplicationFilterChain.doFilter(ApplicationFilterChain.java:149)
	at org.apache.tomcat.websocket.server.WsFilter.doFilter(WsFilter.java:51)
	at org.apache.catalina.core.ApplicationFilterChain.internalDoFilter(ApplicationFilterChain.java:174)
	at org.apache.catalina.core.ApplicationFilterChain.doFilter(ApplicationFilterChain.java:149)
	at org.springframework.web.filter.RequestContextFilter.doFilterInternal(RequestContextFilter.java:100)
	at org.springframework.web.filter.OncePerRequestFilter.doFilter(OncePerRequestFilter.java:116)
	at org.apache.catalina.core.ApplicationFilterChain.internalDoFilter(ApplicationFilterChain.java:174)
	at org.apache.catalina.core.ApplicationFilterChain.doFilter(ApplicationFilterChain.java:149)
	at org.springframework.web.filter.FormContentFilter.doFilterInternal(FormContentFilter.java:93)
	at org.springframework.web.filter.OncePerRequestFilter.doFilter(OncePerRequestFilter.java:116)
	at org.apache.catalina.core.ApplicationFilterChain.internalDoFilter(ApplicationFilterChain.java:174)
	at org.apache.catalina.core.ApplicationFilterChain.doFilter(ApplicationFilterChain.java:149)
	at org.springframework.web.filter.CharacterEncodingFilter.doFilterInternal(CharacterEncodingFilter.java:201)
	at org.springframework.web.filter.OncePerRequestFilter.doFilter(OncePerRequestFilter.java:116)
	at org.apache.catalina.core.ApplicationFilterChain.internalDoFilter(ApplicationFilterChain.java:174)
	at org.apache.catalina.core.ApplicationFilterChain.doFilter(ApplicationFilterChain.java:149)
	at org.apache.catalina.core.StandardWrapperValve.invoke(StandardWrapperValve.java:167)
	at org.apache.catalina.core.StandardContextValve.invoke(StandardContextValve.java:90)
	at org.apache.catalina.authenticator.AuthenticatorBase.invoke(AuthenticatorBase.java:482)
	at org.apache.catalina.core.StandardHostValve.invoke(StandardHostValve.java:115)
	at org.apache.catalina.valves.ErrorReportValve.invoke(ErrorReportValve.java:93)
	at org.apache.catalina.core.StandardEngineValve.invoke(StandardEngineValve.java:74)
	at org.apache.catalina.connector.CoyoteAdapter.service(CoyoteAdapter.java:340)
	at org.apache.coyote.http11.Http11Processor.service(Http11Processor.java:391)
	at org.apache.coyote.AbstractProcessorLight.process(AbstractProcessorLight.java:63)
	at org.apache.coyote.AbstractProtocol$ConnectionHandler.process(AbstractProtocol.java:896)
	at org.apache.tomcat.util.net.NioEndpoint$SocketProcessor.doRun(NioEndpoint.java:1744)
	at org.apache.tomcat.util.net.SocketProcessorBase.run(SocketProcessorBase.java:52)
	at org.apache.tomcat.util.threads.ThreadPoolExecutor.runWorker(ThreadPoolExecutor.java:1191)
	at org.apache.tomcat.util.threads.ThreadPoolExecutor$Worker.run(ThreadPoolExecutor.java:659)
	at org.apache.tomcat.util.threads.TaskThread$WrappingRunnable.run(TaskThread.java:61)
	at java.base/java.lang.Thread.run(Thread.java:1583)
2026-05-25 11:20:42 [http-nio-8080-exec-1] ERROR c.v.flow.server.DefaultErrorHandler - 
java.lang.IllegalArgumentException: Invalid salt version
	at org.mindrot.jbcrypt.BCrypt.hashpw(BCrypt.java:659)
	at org.mindrot.jbcrypt.BCrypt.checkpw(BCrypt.java:764)
	at com.facturacion.service.AuthService.login(AuthService.java:42)
	at com.facturacion.ui.views.LoginView.lambda$crearTarjetaLogin$0(LoginView.java:109)
	at com.facturacion.ui.views.LoginView.lambda$crearTarjetaLogin$b2c3d7eb$1(LoginView.java:117)
	at com.vaadin.flow.component.ComponentEventBus.fireEventForListener(ComponentEventBus.java:239)
	at com.vaadin.flow.component.ComponentEventBus.handleDomEvent(ComponentEventBus.java:488)
	at com.vaadin.flow.component.ComponentEventBus.lambda$addDomTrigger$dd1b7957$1(ComponentEventBus.java:298)
	at com.vaadin.flow.internal.nodefeature.ElementListenerMap.lambda$fireEvent$2(ElementListenerMap.java:447)
	at java.base/java.util.ArrayList.forEach(ArrayList.java:1596)
	at com.vaadin.flow.internal.nodefeature.ElementListenerMap.fireEvent(ElementListenerMap.java:447)
	at com.vaadin.flow.server.communication.rpc.EventRpcHandler.handleNode(EventRpcHandler.java:62)
	at com.vaadin.flow.server.communication.rpc.AbstractRpcInvocationHandler.handle(AbstractRpcInvocationHandler.java:74)
	at com.vaadin.flow.server.communication.ServerRpcHandler.handleInvocationData(ServerRpcHandler.java:466)
	at com.vaadin.flow.server.communication.ServerRpcHandler.lambda$handleInvocations$4(ServerRpcHandler.java:447)
	at java.base/java.util.ArrayList.forEach(ArrayList.java:1596)
	at com.vaadin.flow.server.communication.ServerRpcHandler.handleInvocations(ServerRpcHandler.java:447)
	at com.vaadin.flow.server.communication.ServerRpcHandler.handleRpc(ServerRpcHandler.java:324)
	at com.vaadin.flow.server.communication.UidlRequestHandler.synchronizedHandleRequest(UidlRequestHandler.java:114)
	at com.vaadin.flow.server.SynchronizedRequestHandler.handleRequest(SynchronizedRequestHandler.java:40)
	at com.vaadin.flow.server.VaadinService.handleRequest(VaadinService.java:1573)
	at com.vaadin.flow.server.VaadinServlet.service(VaadinServlet.java:398)
	at com.vaadin.flow.spring.SpringServlet.service(SpringServlet.java:106)
	at jakarta.servlet.http.HttpServlet.service(HttpServlet.java:658)
	at org.apache.catalina.core.ApplicationFilterChain.internalDoFilter(ApplicationFilterChain.java:205)
	at org.apache.catalina.core.ApplicationFilterChain.doFilter(ApplicationFilterChain.java:149)
	at org.apache.catalina.core.ApplicationDispatcher.invoke(ApplicationDispatcher.java:642)
	at org.apache.catalina.core.ApplicationDispatcher.processRequest(ApplicationDispatcher.java:408)
	at org.apache.catalina.core.ApplicationDispatcher.doForward(ApplicationDispatcher.java:313)
	at org.apache.catalina.core.ApplicationDispatcher.forward(ApplicationDispatcher.java:277)
	at org.springframework.web.servlet.mvc.ServletForwardingController.handleRequestInternal(ServletForwardingController.java:141)
	at org.springframework.web.servlet.mvc.AbstractController.handleRequest(AbstractController.java:178)
	at org.springframework.web.servlet.mvc.SimpleControllerHandlerAdapter.handle(SimpleControllerHandlerAdapter.java:51)
	at org.springframework.web.servlet.DispatcherServlet.doDispatch(DispatcherServlet.java:1089)
	at org.springframework.web.servlet.DispatcherServlet.doService(DispatcherServlet.java:979)
	at org.springframework.web.servlet.FrameworkServlet.processRequest(FrameworkServlet.java:1014)
	at org.springframework.web.servlet.FrameworkServlet.doPost(FrameworkServlet.java:914)
	at jakarta.servlet.http.HttpServlet.service(HttpServlet.java:590)
	at org.springframework.web.servlet.FrameworkServlet.service(FrameworkServlet.java:885)
	at jakarta.servlet.http.HttpServlet.service(HttpServlet.java:658)
	at org.apache.catalina.core.ApplicationFilterChain.internalDoFilter(ApplicationFilterChain.java:205)
	at org.apache.catalina.core.ApplicationFilterChain.doFilter(ApplicationFilterChain.java:149)
	at org.apache.tomcat.websocket.server.WsFilter.doFilter(WsFilter.java:51)
	at org.apache.catalina.core.ApplicationFilterChain.internalDoFilter(ApplicationFilterChain.java:174)
	at org.apache.catalina.core.ApplicationFilterChain.doFilter(ApplicationFilterChain.java:149)
	at org.springframework.web.filter.RequestContextFilter.doFilterInternal(RequestContextFilter.java:100)
	at org.springframework.web.filter.OncePerRequestFilter.doFilter(OncePerRequestFilter.java:116)
	at org.apache.catalina.core.ApplicationFilterChain.internalDoFilter(ApplicationFilterChain.java:174)
	at org.apache.catalina.core.ApplicationFilterChain.doFilter(ApplicationFilterChain.java:149)
	at org.springframework.web.filter.FormContentFilter.doFilterInternal(FormContentFilter.java:93)
	at org.springframework.web.filter.OncePerRequestFilter.doFilter(OncePerRequestFilter.java:116)
	at org.apache.catalina.core.ApplicationFilterChain.internalDoFilter(ApplicationFilterChain.java:174)
	at org.apache.catalina.core.ApplicationFilterChain.doFilter(ApplicationFilterChain.java:149)
	at org.springframework.web.filter.CharacterEncodingFilter.doFilterInternal(CharacterEncodingFilter.java:201)
	at org.springframework.web.filter.OncePerRequestFilter.doFilter(OncePerRequestFilter.java:116)
	at org.apache.catalina.core.ApplicationFilterChain.internalDoFilter(ApplicationFilterChain.java:174)
	at org.apache.catalina.core.ApplicationFilterChain.doFilter(ApplicationFilterChain.java:149)
	at org.apache.catalina.core.StandardWrapperValve.invoke(StandardWrapperValve.java:167)
	at org.apache.catalina.core.StandardContextValve.invoke(StandardContextValve.java:90)
	at org.apache.catalina.authenticator.AuthenticatorBase.invoke(AuthenticatorBase.java:482)
	at org.apache.catalina.core.StandardHostValve.invoke(StandardHostValve.java:115)
	at org.apache.catalina.valves.ErrorReportValve.invoke(ErrorReportValve.java:93)
	at org.apache.catalina.core.StandardEngineValve.invoke(StandardEngineValve.java:74)
	at org.apache.catalina.connector.CoyoteAdapter.service(CoyoteAdapter.java:340)
	at org.apache.coyote.http11.Http11Processor.service(Http11Processor.java:391)
	at org.apache.coyote.AbstractProcessorLight.process(AbstractProcessorLight.java:63)
	at org.apache.coyote.AbstractProtocol$ConnectionHandler.process(AbstractProtocol.java:896)
	at org.apache.tomcat.util.net.NioEndpoint$SocketProcessor.doRun(NioEndpoint.java:1744)
	at org.apache.tomcat.util.net.SocketProcessorBase.run(SocketProcessorBase.java:52)
	at org.apache.tomcat.util.threads.ThreadPoolExecutor.runWorker(ThreadPoolExecutor.java:1191)
	at org.apache.tomcat.util.threads.ThreadPoolExecutor$Worker.run(ThreadPoolExecutor.java:659)
	at org.apache.tomcat.util.threads.TaskThread$WrappingRunnable.run(TaskThread.java:61)
	at java.base/java.lang.Thread.run(Thread.java:1583)
2026-05-25 11:20:42 [http-nio-8080-exec-9] ERROR c.v.flow.server.DefaultErrorHandler - 
java.lang.IllegalArgumentException: Invalid salt version
	at org.mindrot.jbcrypt.BCrypt.hashpw(BCrypt.java:659)
	at org.mindrot.jbcrypt.BCrypt.checkpw(BCrypt.java:764)
	at com.facturacion.service.AuthService.login(AuthService.java:42)
	at com.facturacion.ui.views.LoginView.lambda$crearTarjetaLogin$0(LoginView.java:109)
	at com.facturacion.ui.views.LoginView.lambda$crearTarjetaLogin$b2c3d7eb$1(LoginView.java:117)
	at com.vaadin.flow.component.ComponentEventBus.fireEventForListener(ComponentEventBus.java:239)
	at com.vaadin.flow.component.ComponentEventBus.handleDomEvent(ComponentEventBus.java:488)
	at com.vaadin.flow.component.ComponentEventBus.lambda$addDomTrigger$dd1b7957$1(ComponentEventBus.java:298)
	at com.vaadin.flow.internal.nodefeature.ElementListenerMap.lambda$fireEvent$2(ElementListenerMap.java:447)
	at java.base/java.util.ArrayList.forEach(ArrayList.java:1596)
	at com.vaadin.flow.internal.nodefeature.ElementListenerMap.fireEvent(ElementListenerMap.java:447)
	at com.vaadin.flow.server.communication.rpc.EventRpcHandler.handleNode(EventRpcHandler.java:62)
	at com.vaadin.flow.server.communication.rpc.AbstractRpcInvocationHandler.handle(AbstractRpcInvocationHandler.java:74)
	at com.vaadin.flow.server.communication.ServerRpcHandler.handleInvocationData(ServerRpcHandler.java:466)
	at com.vaadin.flow.server.communication.ServerRpcHandler.lambda$handleInvocations$4(ServerRpcHandler.java:447)
	at java.base/java.util.ArrayList.forEach(ArrayList.java:1596)
	at com.vaadin.flow.server.communication.ServerRpcHandler.handleInvocations(ServerRpcHandler.java:447)
	at com.vaadin.flow.server.communication.ServerRpcHandler.handleRpc(ServerRpcHandler.java:324)
	at com.vaadin.flow.server.communication.UidlRequestHandler.synchronizedHandleRequest(UidlRequestHandler.java:114)
	at com.vaadin.flow.server.SynchronizedRequestHandler.handleRequest(SynchronizedRequestHandler.java:40)
	at com.vaadin.flow.server.VaadinService.handleRequest(VaadinService.java:1573)
	at com.vaadin.flow.server.VaadinServlet.service(VaadinServlet.java:398)
	at com.vaadin.flow.spring.SpringServlet.service(SpringServlet.java:106)
	at jakarta.servlet.http.HttpServlet.service(HttpServlet.java:658)
	at org.apache.catalina.core.ApplicationFilterChain.internalDoFilter(ApplicationFilterChain.java:205)
	at org.apache.catalina.core.ApplicationFilterChain.doFilter(ApplicationFilterChain.java:149)
	at org.apache.catalina.core.ApplicationDispatcher.invoke(ApplicationDispatcher.java:642)
	at org.apache.catalina.core.ApplicationDispatcher.processRequest(ApplicationDispatcher.java:408)
	at org.apache.catalina.core.ApplicationDispatcher.doForward(ApplicationDispatcher.java:313)
	at org.apache.catalina.core.ApplicationDispatcher.forward(ApplicationDispatcher.java:277)
	at org.springframework.web.servlet.mvc.ServletForwardingController.handleRequestInternal(ServletForwardingController.java:141)
	at org.springframework.web.servlet.mvc.AbstractController.handleRequest(AbstractController.java:178)
	at org.springframework.web.servlet.mvc.SimpleControllerHandlerAdapter.handle(SimpleControllerHandlerAdapter.java:51)
	at org.springframework.web.servlet.DispatcherServlet.doDispatch(DispatcherServlet.java:1089)
	at org.springframework.web.servlet.DispatcherServlet.doService(DispatcherServlet.java:979)
	at org.springframework.web.servlet.FrameworkServlet.processRequest(FrameworkServlet.java:1014)
	at org.springframework.web.servlet.FrameworkServlet.doPost(FrameworkServlet.java:914)
	at jakarta.servlet.http.HttpServlet.service(HttpServlet.java:590)
	at org.springframework.web.servlet.FrameworkServlet.service(FrameworkServlet.java:885)
	at jakarta.servlet.http.HttpServlet.service(HttpServlet.java:658)
	at org.apache.catalina.core.ApplicationFilterChain.internalDoFilter(ApplicationFilterChain.java:205)
	at org.apache.catalina.core.ApplicationFilterChain.doFilter(ApplicationFilterChain.java:149)
	at org.apache.tomcat.websocket.server.WsFilter.doFilter(WsFilter.java:51)
	at org.apache.catalina.core.ApplicationFilterChain.internalDoFilter(ApplicationFilterChain.java:174)
	at org.apache.catalina.core.ApplicationFilterChain.doFilter(ApplicationFilterChain.java:149)
	at org.springframework.web.filter.RequestContextFilter.doFilterInternal(RequestContextFilter.java:100)
	at org.springframework.web.filter.OncePerRequestFilter.doFilter(OncePerRequestFilter.java:116)
	at org.apache.catalina.core.ApplicationFilterChain.internalDoFilter(ApplicationFilterChain.java:174)
	at org.apache.catalina.core.ApplicationFilterChain.doFilter(ApplicationFilterChain.java:149)
	at org.springframework.web.filter.FormContentFilter.doFilterInternal(FormContentFilter.java:93)
	at org.springframework.web.filter.OncePerRequestFilter.doFilter(OncePerRequestFilter.java:116)
	at org.apache.catalina.core.ApplicationFilterChain.internalDoFilter(ApplicationFilterChain.java:174)
	at org.apache.catalina.core.ApplicationFilterChain.doFilter(ApplicationFilterChain.java:149)
	at org.springframework.web.filter.CharacterEncodingFilter.doFilterInternal(CharacterEncodingFilter.java:201)
	at org.springframework.web.filter.OncePerRequestFilter.doFilter(OncePerRequestFilter.java:116)
	at org.apache.catalina.core.ApplicationFilterChain.internalDoFilter(ApplicationFilterChain.java:174)
	at org.apache.catalina.core.ApplicationFilterChain.doFilter(ApplicationFilterChain.java:149)
	at org.apache.catalina.core.StandardWrapperValve.invoke(StandardWrapperValve.java:167)
	at org.apache.catalina.core.StandardContextValve.invoke(StandardContextValve.java:90)
	at org.apache.catalina.authenticator.AuthenticatorBase.invoke(AuthenticatorBase.java:482)
	at org.apache.catalina.core.StandardHostValve.invoke(StandardHostValve.java:115)
	at org.apache.catalina.valves.ErrorReportValve.invoke(ErrorReportValve.java:93)
	at org.apache.catalina.core.StandardEngineValve.invoke(StandardEngineValve.java:74)
	at org.apache.catalina.connector.CoyoteAdapter.service(CoyoteAdapter.java:340)
	at org.apache.coyote.http11.Http11Processor.service(Http11Processor.java:391)
	at org.apache.coyote.AbstractProcessorLight.process(AbstractProcessorLight.java:63)
	at org.apache.coyote.AbstractProtocol$ConnectionHandler.process(AbstractProtocol.java:896)
	at org.apache.tomcat.util.net.NioEndpoint$SocketProcessor.doRun(NioEndpoint.java:1744)
	at org.apache.tomcat.util.net.SocketProcessorBase.run(SocketProcessorBase.java:52)
	at org.apache.tomcat.util.threads.ThreadPoolExecutor.runWorker(ThreadPoolExecutor.java:1191)
	at org.apache.tomcat.util.threads.ThreadPoolExecutor$Worker.run(ThreadPoolExecutor.java:659)
	at org.apache.tomcat.util.threads.TaskThread$WrappingRunnable.run(TaskThread.java:61)
	at java.base/java.lang.Thread.run(Thread.java:1583)
2026-05-25 11:20:42 [http-nio-8080-exec-2] ERROR c.v.flow.server.DefaultErrorHandler - 
java.lang.IllegalArgumentException: Invalid salt version
	at org.mindrot.jbcrypt.BCrypt.hashpw(BCrypt.java:659)
	at org.mindrot.jbcrypt.BCrypt.checkpw(BCrypt.java:764)
	at com.facturacion.service.AuthService.login(AuthService.java:42)
	at com.facturacion.ui.views.LoginView.lambda$crearTarjetaLogin$0(LoginView.java:109)
	at com.facturacion.ui.views.LoginView.lambda$crearTarjetaLogin$b2c3d7eb$1(LoginView.java:117)
	at com.vaadin.flow.component.ComponentEventBus.fireEventForListener(ComponentEventBus.java:239)
	at com.vaadin.flow.component.ComponentEventBus.handleDomEvent(ComponentEventBus.java:488)
	at com.vaadin.flow.component.ComponentEventBus.lambda$addDomTrigger$dd1b7957$1(ComponentEventBus.java:298)
	at com.vaadin.flow.internal.nodefeature.ElementListenerMap.lambda$fireEvent$2(ElementListenerMap.java:447)
	at java.base/java.util.ArrayList.forEach(ArrayList.java:1596)
	at com.vaadin.flow.internal.nodefeature.ElementListenerMap.fireEvent(ElementListenerMap.java:447)
	at com.vaadin.flow.server.communication.rpc.EventRpcHandler.handleNode(EventRpcHandler.java:62)
	at com.vaadin.flow.server.communication.rpc.AbstractRpcInvocationHandler.handle(AbstractRpcInvocationHandler.java:74)
	at com.vaadin.flow.server.communication.ServerRpcHandler.handleInvocationData(ServerRpcHandler.java:466)
	at com.vaadin.flow.server.communication.ServerRpcHandler.lambda$handleInvocations$4(ServerRpcHandler.java:447)
	at java.base/java.util.ArrayList.forEach(ArrayList.java:1596)
	at com.vaadin.flow.server.communication.ServerRpcHandler.handleInvocations(ServerRpcHandler.java:447)
	at com.vaadin.flow.server.communication.ServerRpcHandler.handleRpc(ServerRpcHandler.java:324)
	at com.vaadin.flow.server.communication.UidlRequestHandler.synchronizedHandleRequest(UidlRequestHandler.java:114)
	at com.vaadin.flow.server.SynchronizedRequestHandler.handleRequest(SynchronizedRequestHandler.java:40)
	at com.vaadin.flow.server.VaadinService.handleRequest(VaadinService.java:1573)
	at com.vaadin.flow.server.VaadinServlet.service(VaadinServlet.java:398)
	at com.vaadin.flow.spring.SpringServlet.service(SpringServlet.java:106)
	at jakarta.servlet.http.HttpServlet.service(HttpServlet.java:658)
	at org.apache.catalina.core.ApplicationFilterChain.internalDoFilter(ApplicationFilterChain.java:205)
	at org.apache.catalina.core.ApplicationFilterChain.doFilter(ApplicationFilterChain.java:149)
	at org.apache.catalina.core.ApplicationDispatcher.invoke(ApplicationDispatcher.java:642)
	at org.apache.catalina.core.ApplicationDispatcher.processRequest(ApplicationDispatcher.java:408)
	at org.apache.catalina.core.ApplicationDispatcher.doForward(ApplicationDispatcher.java:313)
	at org.apache.catalina.core.ApplicationDispatcher.forward(ApplicationDispatcher.java:277)
	at org.springframework.web.servlet.mvc.ServletForwardingController.handleRequestInternal(ServletForwardingController.java:141)
	at org.springframework.web.servlet.mvc.AbstractController.handleRequest(AbstractController.java:178)
	at org.springframework.web.servlet.mvc.SimpleControllerHandlerAdapter.handle(SimpleControllerHandlerAdapter.java:51)
	at org.springframework.web.servlet.DispatcherServlet.doDispatch(DispatcherServlet.java:1089)
	at org.springframework.web.servlet.DispatcherServlet.doService(DispatcherServlet.java:979)
	at org.springframework.web.servlet.FrameworkServlet.processRequest(FrameworkServlet.java:1014)
	at org.springframework.web.servlet.FrameworkServlet.doPost(FrameworkServlet.java:914)
	at jakarta.servlet.http.HttpServlet.service(HttpServlet.java:590)
	at org.springframework.web.servlet.FrameworkServlet.service(FrameworkServlet.java:885)
	at jakarta.servlet.http.HttpServlet.service(HttpServlet.java:658)
	at org.apache.catalina.core.ApplicationFilterChain.internalDoFilter(ApplicationFilterChain.java:205)
	at org.apache.catalina.core.ApplicationFilterChain.doFilter(ApplicationFilterChain.java:149)
	at org.apache.tomcat.websocket.server.WsFilter.doFilter(WsFilter.java:51)
	at org.apache.catalina.core.ApplicationFilterChain.internalDoFilter(ApplicationFilterChain.java:174)
	at org.apache.catalina.core.ApplicationFilterChain.doFilter(ApplicationFilterChain.java:149)
	at org.springframework.web.filter.RequestContextFilter.doFilterInternal(RequestContextFilter.java:100)
	at org.springframework.web.filter.OncePerRequestFilter.doFilter(OncePerRequestFilter.java:116)
	at org.apache.catalina.core.ApplicationFilterChain.internalDoFilter(ApplicationFilterChain.java:174)
	at org.apache.catalina.core.ApplicationFilterChain.doFilter(ApplicationFilterChain.java:149)
	at org.springframework.web.filter.FormContentFilter.doFilterInternal(FormContentFilter.java:93)
	at org.springframework.web.filter.OncePerRequestFilter.doFilter(OncePerRequestFilter.java:116)
	at org.apache.catalina.core.ApplicationFilterChain.internalDoFilter(ApplicationFilterChain.java:174)
	at org.apache.catalina.core.ApplicationFilterChain.doFilter(ApplicationFilterChain.java:149)
	at org.springframework.web.filter.CharacterEncodingFilter.doFilterInternal(CharacterEncodingFilter.java:201)
	at org.springframework.web.filter.OncePerRequestFilter.doFilter(OncePerRequestFilter.java:116)
	at org.apache.catalina.core.ApplicationFilterChain.internalDoFilter(ApplicationFilterChain.java:174)
	at org.apache.catalina.core.ApplicationFilterChain.doFilter(ApplicationFilterChain.java:149)
	at org.apache.catalina.core.StandardWrapperValve.invoke(StandardWrapperValve.java:167)
	at org.apache.catalina.core.StandardContextValve.invoke(StandardContextValve.java:90)
	at org.apache.catalina.authenticator.AuthenticatorBase.invoke(AuthenticatorBase.java:482)
	at org.apache.catalina.core.StandardHostValve.invoke(StandardHostValve.java:115)
	at org.apache.catalina.valves.ErrorReportValve.invoke(ErrorReportValve.java:93)
	at org.apache.catalina.core.StandardEngineValve.invoke(StandardEngineValve.java:74)
	at org.apache.catalina.connector.CoyoteAdapter.service(CoyoteAdapter.java:340)
	at org.apache.coyote.http11.Http11Processor.service(Http11Processor.java:391)
	at org.apache.coyote.AbstractProcessorLight.process(AbstractProcessorLight.java:63)
	at org.apache.coyote.AbstractProtocol$ConnectionHandler.process(AbstractProtocol.java:896)
	at org.apache.tomcat.util.net.NioEndpoint$SocketProcessor.doRun(NioEndpoint.java:1744)
	at org.apache.tomcat.util.net.SocketProcessorBase.run(SocketProcessorBase.java:52)
	at org.apache.tomcat.util.threads.ThreadPoolExecutor.runWorker(ThreadPoolExecutor.java:1191)
	at org.apache.tomcat.util.threads.ThreadPoolExecutor$Worker.run(ThreadPoolExecutor.java:659)
	at org.apache.tomcat.util.threads.TaskThread$WrappingRunnable.run(TaskThread.java:61)
	at java.base/java.lang.Thread.run(Thread.java:1583)
2026-05-25 11:36:34 [http-nio-8080-exec-1] ERROR com.facturacion.service.AuthService - Hash inválido en BD para usuario admin: Invalid salt revision
2026-05-25 11:37:23 [http-nio-8080-exec-8] ERROR com.facturacion.service.AuthService - Hash inválido en BD para usuario admin: Invalid salt revision
2026-05-25 11:38:33 [http-nio-8080-exec-5] ERROR com.facturacion.service.AuthService - Hash inválido en BD para usuario admin: Invalid salt revision
2026-05-25 11:42:45 [http-nio-8080-exec-10] ERROR com.facturacion.service.AuthService - Hash inválido en BD para usuario admin: Invalid salt revision
2026-05-25 11:44:28 [http-nio-8080-exec-9] ERROR com.facturacion.service.AuthService - Hash inválido en BD para usuario admin: Invalid salt revision
2026-05-25 11:44:39 [http-nio-8080-exec-5] ERROR com.facturacion.service.AuthService - Hash inválido en BD para usuario admin: Invalid salt revision
2026-05-25 11:49:22 [main] ERROR o.s.b.d.LoggingFailureAnalysisReporter - 

***************************
APPLICATION FAILED TO START
***************************

Description:

Web server failed to start. Port 8080 was already in use.

Action:

Identify and stop the process that's listening on port 8080 or configure this application to listen on another port.

