2026-05-24 12:49:14 [main] INFO  com.facturacion.FacturacionApp - Iniciando Sistema de Facturación Electrónica...
2026-05-24 12:49:15 [background-preinit] INFO  o.h.validator.internal.util.Version - HV000001: Hibernate Validator 8.0.1.Final
2026-05-24 12:49:15 [main] INFO  com.facturacion.FacturacionApp - Starting FacturacionApp using Java 21.0.10 with PID 12084 (C:\Users\luis2\OneDrive\Desktop\facturacion-electronica\target\classes started by luis2 in C:\Users\luis2\OneDrive\Desktop\facturacion-electronica)
2026-05-24 12:49:15 [main] DEBUG com.facturacion.FacturacionApp - Running with Spring Boot v3.2.0, Spring v6.1.1
2026-05-24 12:49:15 [main] INFO  com.facturacion.FacturacionApp - No active profile set, falling back to 1 default profile: "default"
2026-05-24 12:49:17 [main] INFO  o.s.b.w.e.tomcat.TomcatWebServer - Tomcat initialized with port 8080 (http)
2026-05-24 12:49:17 [main] INFO  o.a.coyote.http11.Http11NioProtocol - Initializing ProtocolHandler ["http-nio-8080"]
2026-05-24 12:49:17 [main] INFO  o.a.catalina.core.StandardService - Starting service [Tomcat]
2026-05-24 12:49:17 [main] INFO  o.a.catalina.core.StandardEngine - Starting Servlet engine: [Apache Tomcat/10.1.16]
2026-05-24 12:49:17 [main] INFO  o.a.c.c.C.[Tomcat].[localhost].[/] - Initializing Spring embedded WebApplicationContext
2026-05-24 12:49:17 [main] INFO  o.s.b.w.s.c.ServletWebServerApplicationContext - Root WebApplicationContext: initialization completed in 2421 ms
2026-05-24 12:49:22 [main] INFO  c.v.f.s.VaadinServletContextInitializer - Search for subclasses and classes with annotations took 3688 ms
2026-05-24 12:49:23 [main] INFO  c.v.b.d.s.DevModeStartupListener - Starting dev-mode updaters in C:\Users\luis2\OneDrive\Desktop\facturacion-electronica\target folder.
2026-05-24 12:49:23 [main] INFO  c.v.f.s.f.s.FullDependenciesScanner - Visited 100 classes. Took 61 ms.
2026-05-24 12:49:23 [main] INFO  c.v.f.s.f.BundleValidationUtil - Checking if a development mode bundle build is needed
2026-05-24 12:49:23 [main] INFO  c.v.f.s.f.BundleValidationUtil - A development mode bundle build is not needed
2026-05-24 12:49:23 [ForkJoinPool.commonPool-worker-2] INFO  c.v.f.s.f.TaskCopyFrontendFiles - Copying frontend resources from jar files ...
2026-05-24 12:49:24 [ForkJoinPool.commonPool-worker-2] INFO  c.v.f.s.f.TaskCopyFrontendFiles - Visited 18 resources. Took 689 ms.
2026-05-24 12:49:24 [main] INFO  o.atmosphere.cpr.AtmosphereFramework - Installed AtmosphereHandler com.vaadin.flow.server.communication.PushAtmosphereHandler mapped to context-path: /*
2026-05-24 12:49:24 [main] INFO  o.atmosphere.cpr.AtmosphereFramework - Installed the following AtmosphereInterceptor mapped to AtmosphereHandler com.vaadin.flow.server.communication.PushAtmosphereHandler
2026-05-24 12:49:24 [main] INFO  o.atmosphere.cpr.AtmosphereFramework - Atmosphere is using org.atmosphere.util.VoidAnnotationProcessor for processing annotation
2026-05-24 12:49:24 [main] INFO  org.atmosphere.util.ForkJoinPool - Using ForkJoinPool  java.util.concurrent.ForkJoinPool. Set the org.atmosphere.cpr.broadcaster.maxAsyncWriteThreads to -1 to fully use its power.
2026-05-24 12:49:24 [main] INFO  o.atmosphere.cpr.AtmosphereFramework - Installed WebSocketProtocol org.atmosphere.websocket.protocol.SimpleHttpProtocol 
2026-05-24 12:49:24 [main] INFO  o.a.container.JSR356AsyncSupport - JSR 356 Mapping path /VAADIN/push
2026-05-24 12:49:24 [main] INFO  o.atmosphere.cpr.AtmosphereFramework - Installing Default AtmosphereInterceptors
2026-05-24 12:49:24 [main] INFO  o.atmosphere.cpr.AtmosphereFramework - 	org.atmosphere.interceptor.CorsInterceptor : CORS Interceptor Support
2026-05-24 12:49:24 [main] INFO  o.atmosphere.cpr.AtmosphereFramework - 	org.atmosphere.interceptor.CacheHeadersInterceptor : Default Response's Headers Interceptor
2026-05-24 12:49:24 [main] INFO  o.atmosphere.cpr.AtmosphereFramework - 	org.atmosphere.interceptor.PaddingAtmosphereInterceptor : Browser Padding Interceptor Support
2026-05-24 12:49:24 [main] INFO  o.atmosphere.cpr.AtmosphereFramework - 	org.atmosphere.interceptor.AndroidAtmosphereInterceptor : Android Interceptor Support
2026-05-24 12:49:24 [main] INFO  o.atmosphere.cpr.AtmosphereFramework - 	org.atmosphere.interceptor.HeartbeatInterceptor : Heartbeat Interceptor Support
2026-05-24 12:49:24 [main] INFO  o.atmosphere.cpr.AtmosphereFramework - 	org.atmosphere.interceptor.SSEAtmosphereInterceptor : SSE Interceptor Support
2026-05-24 12:49:24 [main] INFO  o.atmosphere.cpr.AtmosphereFramework - 	org.atmosphere.interceptor.JSONPAtmosphereInterceptor : JSONP Interceptor Support
2026-05-24 12:49:24 [main] INFO  o.atmosphere.cpr.AtmosphereFramework - 	org.atmosphere.interceptor.JavaScriptProtocol : Atmosphere JavaScript Protocol
2026-05-24 12:49:24 [main] INFO  o.atmosphere.cpr.AtmosphereFramework - 	org.atmosphere.interceptor.WebSocketMessageSuspendInterceptor : org.atmosphere.interceptor.WebSocketMessageSuspendInterceptor
2026-05-24 12:49:24 [main] INFO  o.atmosphere.cpr.AtmosphereFramework - 	org.atmosphere.interceptor.OnDisconnectInterceptor : Browser disconnection detection
2026-05-24 12:49:24 [main] INFO  o.atmosphere.cpr.AtmosphereFramework - 	org.atmosphere.interceptor.IdleResourceInterceptor : org.atmosphere.interceptor.IdleResourceInterceptor
2026-05-24 12:49:24 [main] INFO  o.atmosphere.cpr.AtmosphereFramework - Set org.atmosphere.cpr.AtmosphereInterceptor.disableDefaults to disable them.
2026-05-24 12:49:24 [main] INFO  o.atmosphere.cpr.AtmosphereFramework - Installed AtmosphereInterceptor CORS Interceptor Support with priority FIRST_BEFORE_DEFAULT 
2026-05-24 12:49:24 [main] INFO  o.atmosphere.cpr.AtmosphereFramework - Installed AtmosphereInterceptor Default Response's Headers Interceptor with priority AFTER_DEFAULT 
2026-05-24 12:49:24 [main] INFO  o.atmosphere.cpr.AtmosphereFramework - Installed AtmosphereInterceptor Browser Padding Interceptor Support with priority AFTER_DEFAULT 
2026-05-24 12:49:24 [main] INFO  o.atmosphere.cpr.AtmosphereFramework - Installed AtmosphereInterceptor Android Interceptor Support with priority AFTER_DEFAULT 
2026-05-24 12:49:24 [main] INFO  o.a.interceptor.HeartbeatInterceptor - HeartbeatInterceptor configured with padding value 'X', client frequency 0 seconds and server frequency 60 seconds
2026-05-24 12:49:24 [main] INFO  o.atmosphere.cpr.AtmosphereFramework - Installed AtmosphereInterceptor Heartbeat Interceptor Support with priority AFTER_DEFAULT 
2026-05-24 12:49:24 [main] INFO  o.atmosphere.cpr.AtmosphereFramework - Installed AtmosphereInterceptor SSE Interceptor Support with priority AFTER_DEFAULT 
2026-05-24 12:49:24 [main] INFO  o.atmosphere.cpr.AtmosphereFramework - Installed AtmosphereInterceptor JSONP Interceptor Support with priority AFTER_DEFAULT 
2026-05-24 12:49:24 [main] INFO  o.atmosphere.cpr.AtmosphereFramework - Installed AtmosphereInterceptor Atmosphere JavaScript Protocol with priority AFTER_DEFAULT 
2026-05-24 12:49:24 [main] INFO  o.atmosphere.cpr.AtmosphereFramework - Installed AtmosphereInterceptor org.atmosphere.interceptor.WebSocketMessageSuspendInterceptor with priority AFTER_DEFAULT 
2026-05-24 12:49:24 [main] INFO  o.atmosphere.cpr.AtmosphereFramework - Installed AtmosphereInterceptor Browser disconnection detection with priority AFTER_DEFAULT 
2026-05-24 12:49:24 [main] INFO  o.atmosphere.cpr.AtmosphereFramework - Installed AtmosphereInterceptor org.atmosphere.interceptor.IdleResourceInterceptor with priority BEFORE_DEFAULT 
2026-05-24 12:49:24 [main] INFO  o.atmosphere.cpr.AtmosphereFramework - Using EndpointMapper class org.atmosphere.util.DefaultEndpointMapper
2026-05-24 12:49:24 [main] INFO  o.atmosphere.cpr.AtmosphereFramework - Using BroadcasterCache: org.atmosphere.cache.UUIDBroadcasterCache
2026-05-24 12:49:24 [main] INFO  o.atmosphere.cpr.AtmosphereFramework - Default Broadcaster Class: org.atmosphere.cpr.DefaultBroadcaster
2026-05-24 12:49:24 [main] INFO  o.atmosphere.cpr.AtmosphereFramework - Broadcaster Shared List Resources: false
2026-05-24 12:49:24 [main] INFO  o.atmosphere.cpr.AtmosphereFramework - Broadcaster Polling Wait Time 100
2026-05-24 12:49:24 [main] INFO  o.atmosphere.cpr.AtmosphereFramework - Shared ExecutorService supported: true
2026-05-24 12:49:24 [main] INFO  o.atmosphere.cpr.AtmosphereFramework - Messaging ExecutorService Pool Size unavailable - Not instance of ThreadPoolExecutor
2026-05-24 12:49:24 [main] INFO  o.atmosphere.cpr.AtmosphereFramework - Async I/O Thread Pool Size: 200
2026-05-24 12:49:24 [main] INFO  o.atmosphere.cpr.AtmosphereFramework - Using BroadcasterFactory: org.atmosphere.cpr.DefaultBroadcasterFactory
2026-05-24 12:49:24 [main] INFO  o.atmosphere.cpr.AtmosphereFramework - Using AtmosphereResurceFactory: org.atmosphere.cpr.DefaultAtmosphereResourceFactory
2026-05-24 12:49:24 [main] INFO  o.atmosphere.cpr.AtmosphereFramework - Using WebSocketProcessor: org.atmosphere.websocket.DefaultWebSocketProcessor
2026-05-24 12:49:24 [main] INFO  o.atmosphere.cpr.AtmosphereFramework - Invoke AtmosphereInterceptor on WebSocket message true
2026-05-24 12:49:24 [main] INFO  o.atmosphere.cpr.AtmosphereFramework - HttpSession supported: true
2026-05-24 12:49:24 [main] INFO  o.atmosphere.cpr.AtmosphereFramework - Atmosphere is using DefaultAtmosphereObjectFactory for dependency injection and object creation
2026-05-24 12:49:24 [main] INFO  o.atmosphere.cpr.AtmosphereFramework - Atmosphere is using async support: org.atmosphere.container.JSR356AsyncSupport running under container: Apache Tomcat/10.1.16 using jakarta.servlet/3.0 and jsr356/WebSocket API
2026-05-24 12:49:24 [main] INFO  o.atmosphere.cpr.AtmosphereFramework - Atmosphere Framework 3.0.3.slf4jvaadin2 started.
2026-05-24 12:49:24 [main] INFO  o.atmosphere.cpr.AtmosphereFramework - Installed AtmosphereInterceptor  Track Message Size Interceptor using | with priority BEFORE_DEFAULT 
2026-05-24 12:49:24 [main] INFO  o.a.coyote.http11.Http11NioProtocol - Starting ProtocolHandler ["http-nio-8080"]
2026-05-24 12:49:25 [main] INFO  c.v.f.s.DefaultDeploymentConfiguration - 
Vaadin is running in DEVELOPMENT mode - do not use for production deployments.
2026-05-24 12:49:25 [main] INFO  o.s.b.w.e.tomcat.TomcatWebServer - Tomcat started on port 8080 (http) with context path ''
2026-05-24 12:49:25 [main] INFO  com.facturacion.FacturacionApp - Started FacturacionApp in 10.6 seconds (process running for 12.268)
2026-05-24 12:49:25 [main] INFO  com.facturacion.FacturacionApp - Sistema iniciado correctamente en http://localhost:8080
2026-05-24 12:49:36 [http-nio-8080-exec-1] INFO  o.a.c.c.C.[Tomcat].[localhost].[/] - Initializing Spring DispatcherServlet 'dispatcherServlet'
2026-05-24 12:49:36 [http-nio-8080-exec-1] INFO  o.s.web.servlet.DispatcherServlet - Initializing Servlet 'dispatcherServlet'
2026-05-24 12:49:36 [http-nio-8080-exec-1] INFO  o.s.web.servlet.DispatcherServlet - Completed initialization in 1 ms
2026-05-24 12:49:36 [http-nio-8080-exec-1] INFO  c.v.flow.spring.SpringInstantiator - The number of beans implementing 'I18NProvider' is 0. Cannot use Spring beans for I18N, falling back to the default behavior
2026-05-24 12:49:39 [http-nio-8080-exec-9] INFO  com.zaxxer.hikari.HikariDataSource - FacturacionPool - Starting...
2026-05-24 12:49:39 [http-nio-8080-exec-9] INFO  com.zaxxer.hikari.pool.HikariPool - FacturacionPool - Added connection org.postgresql.jdbc.PgConnection@4d2f85b3
2026-05-24 12:49:39 [http-nio-8080-exec-9] INFO  com.zaxxer.hikari.HikariDataSource - FacturacionPool - Start completed.
2026-05-24 12:49:39 [http-nio-8080-exec-9] INFO  c.f.config.DatabaseConnection - Pool de conexiones HikariCP inicializado correctamente.
2026-05-24 12:52:20 [http-nio-8080-exec-3] WARN  com.facturacion.service.AuthService - Intento de login con usuario inexistente: postgres
2026-05-24 14:42:11 [main] INFO  com.facturacion.FacturacionApp - Iniciando Sistema de Facturación Electrónica...
2026-05-24 14:42:12 [background-preinit] INFO  o.h.validator.internal.util.Version - HV000001: Hibernate Validator 8.0.1.Final
2026-05-24 14:42:12 [main] INFO  com.facturacion.FacturacionApp - Starting FacturacionApp using Java 21.0.10 with PID 23120 (C:\Users\luis2\OneDrive\Desktop\facturacion-electronica\target\classes started by luis2 in C:\Users\luis2\OneDrive\Desktop\facturacion-electronica)
2026-05-24 14:42:12 [main] DEBUG com.facturacion.FacturacionApp - Running with Spring Boot v3.2.0, Spring v6.1.1
2026-05-24 14:42:12 [main] INFO  com.facturacion.FacturacionApp - No active profile set, falling back to 1 default profile: "default"
2026-05-24 14:42:14 [main] INFO  o.s.b.w.e.tomcat.TomcatWebServer - Tomcat initialized with port 8080 (http)
2026-05-24 14:42:14 [main] INFO  o.a.coyote.http11.Http11NioProtocol - Initializing ProtocolHandler ["http-nio-8080"]
2026-05-24 14:42:14 [main] INFO  o.a.catalina.core.StandardService - Starting service [Tomcat]
2026-05-24 14:42:14 [main] INFO  o.a.catalina.core.StandardEngine - Starting Servlet engine: [Apache Tomcat/10.1.16]
2026-05-24 14:42:14 [main] INFO  o.a.c.c.C.[Tomcat].[localhost].[/] - Initializing Spring embedded WebApplicationContext
2026-05-24 14:42:14 [main] INFO  o.s.b.w.s.c.ServletWebServerApplicationContext - Root WebApplicationContext: initialization completed in 2437 ms
2026-05-24 14:42:17 [main] INFO  c.v.f.s.VaadinServletContextInitializer - Search for subclasses and classes with annotations took 2630 ms
2026-05-24 14:42:18 [main] INFO  c.v.b.d.s.DevModeStartupListener - Starting dev-mode updaters in C:\Users\luis2\OneDrive\Desktop\facturacion-electronica\target folder.
2026-05-24 14:42:18 [main] INFO  c.v.f.s.f.s.FullDependenciesScanner - Visited 100 classes. Took 53 ms.
2026-05-24 14:42:18 [main] INFO  c.v.f.s.f.BundleValidationUtil - Checking if a development mode bundle build is needed
2026-05-24 14:42:18 [main] INFO  c.v.f.s.f.BundleValidationUtil - A development mode bundle build is not needed
2026-05-24 14:42:18 [ForkJoinPool.commonPool-worker-1] INFO  c.v.f.s.f.TaskCopyFrontendFiles - Copying frontend resources from jar files ...
2026-05-24 14:42:19 [ForkJoinPool.commonPool-worker-1] INFO  c.v.f.s.f.TaskCopyFrontendFiles - Visited 18 resources. Took 629 ms.
2026-05-24 14:42:19 [main] INFO  o.atmosphere.cpr.AtmosphereFramework - Installed AtmosphereHandler com.vaadin.flow.server.communication.PushAtmosphereHandler mapped to context-path: /*
2026-05-24 14:42:19 [main] INFO  o.atmosphere.cpr.AtmosphereFramework - Installed the following AtmosphereInterceptor mapped to AtmosphereHandler com.vaadin.flow.server.communication.PushAtmosphereHandler
2026-05-24 14:42:19 [main] INFO  o.atmosphere.cpr.AtmosphereFramework - Atmosphere is using org.atmosphere.util.VoidAnnotationProcessor for processing annotation
2026-05-24 14:42:19 [main] INFO  org.atmosphere.util.ForkJoinPool - Using ForkJoinPool  java.util.concurrent.ForkJoinPool. Set the org.atmosphere.cpr.broadcaster.maxAsyncWriteThreads to -1 to fully use its power.
2026-05-24 14:42:19 [main] INFO  o.atmosphere.cpr.AtmosphereFramework - Installed WebSocketProtocol org.atmosphere.websocket.protocol.SimpleHttpProtocol 
2026-05-24 14:42:19 [main] INFO  o.a.container.JSR356AsyncSupport - JSR 356 Mapping path /VAADIN/push
2026-05-24 14:42:19 [main] INFO  o.atmosphere.cpr.AtmosphereFramework - Installing Default AtmosphereInterceptors
2026-05-24 14:42:19 [main] INFO  o.atmosphere.cpr.AtmosphereFramework - 	org.atmosphere.interceptor.CorsInterceptor : CORS Interceptor Support
2026-05-24 14:42:19 [main] INFO  o.atmosphere.cpr.AtmosphereFramework - 	org.atmosphere.interceptor.CacheHeadersInterceptor : Default Response's Headers Interceptor
2026-05-24 14:42:19 [main] INFO  o.atmosphere.cpr.AtmosphereFramework - 	org.atmosphere.interceptor.PaddingAtmosphereInterceptor : Browser Padding Interceptor Support
2026-05-24 14:42:19 [main] INFO  o.atmosphere.cpr.AtmosphereFramework - 	org.atmosphere.interceptor.AndroidAtmosphereInterceptor : Android Interceptor Support
2026-05-24 14:42:19 [main] INFO  o.atmosphere.cpr.AtmosphereFramework - 	org.atmosphere.interceptor.HeartbeatInterceptor : Heartbeat Interceptor Support
2026-05-24 14:42:19 [main] INFO  o.atmosphere.cpr.AtmosphereFramework - 	org.atmosphere.interceptor.SSEAtmosphereInterceptor : SSE Interceptor Support
2026-05-24 14:42:19 [main] INFO  o.atmosphere.cpr.AtmosphereFramework - 	org.atmosphere.interceptor.JSONPAtmosphereInterceptor : JSONP Interceptor Support
2026-05-24 14:42:19 [main] INFO  o.atmosphere.cpr.AtmosphereFramework - 	org.atmosphere.interceptor.JavaScriptProtocol : Atmosphere JavaScript Protocol
2026-05-24 14:42:19 [main] INFO  o.atmosphere.cpr.AtmosphereFramework - 	org.atmosphere.interceptor.WebSocketMessageSuspendInterceptor : org.atmosphere.interceptor.WebSocketMessageSuspendInterceptor
2026-05-24 14:42:19 [main] INFO  o.atmosphere.cpr.AtmosphereFramework - 	org.atmosphere.interceptor.OnDisconnectInterceptor : Browser disconnection detection
2026-05-24 14:42:19 [main] INFO  o.atmosphere.cpr.AtmosphereFramework - 	org.atmosphere.interceptor.IdleResourceInterceptor : org.atmosphere.interceptor.IdleResourceInterceptor
2026-05-24 14:42:19 [main] INFO  o.atmosphere.cpr.AtmosphereFramework - Set org.atmosphere.cpr.AtmosphereInterceptor.disableDefaults to disable them.
2026-05-24 14:42:19 [main] INFO  o.atmosphere.cpr.AtmosphereFramework - Installed AtmosphereInterceptor CORS Interceptor Support with priority FIRST_BEFORE_DEFAULT 
2026-05-24 14:42:19 [main] INFO  o.atmosphere.cpr.AtmosphereFramework - Installed AtmosphereInterceptor Default Response's Headers Interceptor with priority AFTER_DEFAULT 
2026-05-24 14:42:19 [main] INFO  o.atmosphere.cpr.AtmosphereFramework - Installed AtmosphereInterceptor Browser Padding Interceptor Support with priority AFTER_DEFAULT 
2026-05-24 14:42:19 [main] INFO  o.atmosphere.cpr.AtmosphereFramework - Installed AtmosphereInterceptor Android Interceptor Support with priority AFTER_DEFAULT 
2026-05-24 14:42:19 [main] INFO  o.a.interceptor.HeartbeatInterceptor - HeartbeatInterceptor configured with padding value 'X', client frequency 0 seconds and server frequency 60 seconds
2026-05-24 14:42:19 [main] INFO  o.atmosphere.cpr.AtmosphereFramework - Installed AtmosphereInterceptor Heartbeat Interceptor Support with priority AFTER_DEFAULT 
2026-05-24 14:42:19 [main] INFO  o.atmosphere.cpr.AtmosphereFramework - Installed AtmosphereInterceptor SSE Interceptor Support with priority AFTER_DEFAULT 
2026-05-24 14:42:19 [main] INFO  o.atmosphere.cpr.AtmosphereFramework - Installed AtmosphereInterceptor JSONP Interceptor Support with priority AFTER_DEFAULT 
2026-05-24 14:42:19 [main] INFO  o.atmosphere.cpr.AtmosphereFramework - Installed AtmosphereInterceptor Atmosphere JavaScript Protocol with priority AFTER_DEFAULT 
2026-05-24 14:42:19 [main] INFO  o.atmosphere.cpr.AtmosphereFramework - Installed AtmosphereInterceptor org.atmosphere.interceptor.WebSocketMessageSuspendInterceptor with priority AFTER_DEFAULT 
2026-05-24 14:42:19 [main] INFO  o.atmosphere.cpr.AtmosphereFramework - Installed AtmosphereInterceptor Browser disconnection detection with priority AFTER_DEFAULT 
2026-05-24 14:42:19 [main] INFO  o.atmosphere.cpr.AtmosphereFramework - Installed AtmosphereInterceptor org.atmosphere.interceptor.IdleResourceInterceptor with priority BEFORE_DEFAULT 
2026-05-24 14:42:19 [main] INFO  o.atmosphere.cpr.AtmosphereFramework - Using EndpointMapper class org.atmosphere.util.DefaultEndpointMapper
2026-05-24 14:42:19 [main] INFO  o.atmosphere.cpr.AtmosphereFramework - Using BroadcasterCache: org.atmosphere.cache.UUIDBroadcasterCache
2026-05-24 14:42:19 [main] INFO  o.atmosphere.cpr.AtmosphereFramework - Default Broadcaster Class: org.atmosphere.cpr.DefaultBroadcaster
2026-05-24 14:42:19 [main] INFO  o.atmosphere.cpr.AtmosphereFramework - Broadcaster Shared List Resources: false
2026-05-24 14:42:19 [main] INFO  o.atmosphere.cpr.AtmosphereFramework - Broadcaster Polling Wait Time 100
2026-05-24 14:42:19 [main] INFO  o.atmosphere.cpr.AtmosphereFramework - Shared ExecutorService supported: true
2026-05-24 14:42:19 [main] INFO  o.atmosphere.cpr.AtmosphereFramework - Messaging ExecutorService Pool Size unavailable - Not instance of ThreadPoolExecutor
2026-05-24 14:42:19 [main] INFO  o.atmosphere.cpr.AtmosphereFramework - Async I/O Thread Pool Size: 200
2026-05-24 14:42:19 [main] INFO  o.atmosphere.cpr.AtmosphereFramework - Using BroadcasterFactory: org.atmosphere.cpr.DefaultBroadcasterFactory
2026-05-24 14:42:19 [main] INFO  o.atmosphere.cpr.AtmosphereFramework - Using AtmosphereResurceFactory: org.atmosphere.cpr.DefaultAtmosphereResourceFactory
2026-05-24 14:42:19 [main] INFO  o.atmosphere.cpr.AtmosphereFramework - Using WebSocketProcessor: org.atmosphere.websocket.DefaultWebSocketProcessor
2026-05-24 14:42:19 [main] INFO  o.atmosphere.cpr.AtmosphereFramework - Invoke AtmosphereInterceptor on WebSocket message true
2026-05-24 14:42:19 [main] INFO  o.atmosphere.cpr.AtmosphereFramework - HttpSession supported: true
2026-05-24 14:42:19 [main] INFO  o.atmosphere.cpr.AtmosphereFramework - Atmosphere is using DefaultAtmosphereObjectFactory for dependency injection and object creation
2026-05-24 14:42:19 [main] INFO  o.atmosphere.cpr.AtmosphereFramework - Atmosphere is using async support: org.atmosphere.container.JSR356AsyncSupport running under container: Apache Tomcat/10.1.16 using jakarta.servlet/3.0 and jsr356/WebSocket API
2026-05-24 14:42:19 [main] INFO  o.atmosphere.cpr.AtmosphereFramework - Atmosphere Framework 3.0.3.slf4jvaadin2 started.
2026-05-24 14:42:19 [main] INFO  o.atmosphere.cpr.AtmosphereFramework - Installed AtmosphereInterceptor  Track Message Size Interceptor using | with priority BEFORE_DEFAULT 
2026-05-24 14:42:19 [main] INFO  o.a.coyote.http11.Http11NioProtocol - Starting ProtocolHandler ["http-nio-8080"]
2026-05-24 14:42:19 [main] INFO  c.v.f.s.DefaultDeploymentConfiguration - 
Vaadin is running in DEVELOPMENT mode - do not use for production deployments.
2026-05-24 14:42:19 [main] INFO  o.s.b.w.e.tomcat.TomcatWebServer - Tomcat started on port 8080 (http) with context path ''
2026-05-24 14:42:20 [main] INFO  com.facturacion.FacturacionApp - Started FacturacionApp in 8.617 seconds (process running for 10.174)
2026-05-24 14:42:20 [main] INFO  com.facturacion.FacturacionApp - Sistema iniciado correctamente en http://localhost:8080
2026-05-24 14:42:21 [http-nio-8080-exec-1] INFO  o.a.c.c.C.[Tomcat].[localhost].[/] - Initializing Spring DispatcherServlet 'dispatcherServlet'
2026-05-24 14:42:21 [http-nio-8080-exec-1] INFO  o.s.web.servlet.DispatcherServlet - Initializing Servlet 'dispatcherServlet'
2026-05-24 14:42:21 [http-nio-8080-exec-1] INFO  o.s.web.servlet.DispatcherServlet - Completed initialization in 0 ms
2026-05-24 14:42:21 [http-nio-8080-exec-2] INFO  c.v.flow.spring.SpringInstantiator - The number of beans implementing 'I18NProvider' is 0. Cannot use Spring beans for I18N, falling back to the default behavior
2026-05-24 14:42:25 [http-nio-8080-exec-10] INFO  c.f.config.DatabaseConnection - Configuración de base de datos cargada correctamente.
2026-05-24 14:42:25 [http-nio-8080-exec-10] INFO  c.f.config.DatabaseConnection - Conexión establecida con: jdbc:postgresql://localhost:5432/Facturacion_db
2026-05-24 14:42:25 [http-nio-8080-exec-10] INFO  c.f.config.DatabaseConnection - Conexión establecida con: jdbc:postgresql://localhost:5432/Facturacion_db
2026-05-24 14:42:28 [http-nio-8080-exec-9] INFO  c.f.config.DatabaseConnection - Conexión establecida con: jdbc:postgresql://localhost:5432/Facturacion_db
2026-05-24 14:43:55 [http-nio-8080-exec-2] INFO  c.f.config.DatabaseConnection - Conexión establecida con: jdbc:postgresql://localhost:5432/Facturacion_db
2026-05-24 14:43:55 [http-nio-8080-exec-2] INFO  c.f.config.DatabaseConnection - Conexión establecida con: jdbc:postgresql://localhost:5432/Facturacion_db
2026-05-24 14:50:33 [main] INFO  com.facturacion.FacturacionApp - Iniciando Sistema de Facturación Electrónica...
2026-05-24 14:50:34 [background-preinit] INFO  o.h.validator.internal.util.Version - HV000001: Hibernate Validator 8.0.1.Final
2026-05-24 14:50:34 [main] INFO  com.facturacion.FacturacionApp - Starting FacturacionApp using Java 21.0.10 with PID 25200 (C:\Users\luis2\OneDrive\Desktop\facturacion-electronica\target\classes started by luis2 in C:\Users\luis2\OneDrive\Desktop\facturacion-electronica)
2026-05-24 14:50:34 [main] DEBUG com.facturacion.FacturacionApp - Running with Spring Boot v3.2.0, Spring v6.1.1
2026-05-24 14:50:34 [main] INFO  com.facturacion.FacturacionApp - No active profile set, falling back to 1 default profile: "default"
2026-05-24 14:50:36 [main] INFO  o.s.b.w.e.tomcat.TomcatWebServer - Tomcat initialized with port 8080 (http)
2026-05-24 14:50:36 [main] INFO  o.a.coyote.http11.Http11NioProtocol - Initializing ProtocolHandler ["http-nio-8080"]
2026-05-24 14:50:36 [main] INFO  o.a.catalina.core.StandardService - Starting service [Tomcat]
2026-05-24 14:50:36 [main] INFO  o.a.catalina.core.StandardEngine - Starting Servlet engine: [Apache Tomcat/10.1.16]
2026-05-24 14:50:36 [main] INFO  o.a.c.c.C.[Tomcat].[localhost].[/] - Initializing Spring embedded WebApplicationContext
2026-05-24 14:50:36 [main] INFO  o.s.b.w.s.c.ServletWebServerApplicationContext - Root WebApplicationContext: initialization completed in 2043 ms
2026-05-24 14:50:39 [main] INFO  c.v.f.s.VaadinServletContextInitializer - Search for subclasses and classes with annotations took 2932 ms
2026-05-24 14:50:40 [main] INFO  c.v.b.d.s.DevModeStartupListener - Starting dev-mode updaters in C:\Users\luis2\OneDrive\Desktop\facturacion-electronica\target folder.
2026-05-24 14:50:40 [main] INFO  c.v.f.s.f.s.FullDependenciesScanner - Visited 100 classes. Took 39 ms.
2026-05-24 14:50:40 [main] INFO  c.v.f.s.f.BundleValidationUtil - Checking if a development mode bundle build is needed
2026-05-24 14:50:40 [main] INFO  c.v.f.s.f.BundleValidationUtil - A development mode bundle build is not needed
2026-05-24 14:50:40 [ForkJoinPool.commonPool-worker-1] INFO  c.v.f.s.f.TaskCopyFrontendFiles - Copying frontend resources from jar files ...
2026-05-24 14:50:41 [ForkJoinPool.commonPool-worker-1] INFO  c.v.f.s.f.TaskCopyFrontendFiles - Visited 18 resources. Took 394 ms.
2026-05-24 14:50:41 [main] INFO  o.atmosphere.cpr.AtmosphereFramework - Installed AtmosphereHandler com.vaadin.flow.server.communication.PushAtmosphereHandler mapped to context-path: /*
2026-05-24 14:50:41 [main] INFO  o.atmosphere.cpr.AtmosphereFramework - Installed the following AtmosphereInterceptor mapped to AtmosphereHandler com.vaadin.flow.server.communication.PushAtmosphereHandler
2026-05-24 14:50:41 [main] INFO  o.atmosphere.cpr.AtmosphereFramework - Atmosphere is using org.atmosphere.util.VoidAnnotationProcessor for processing annotation
2026-05-24 14:50:41 [main] INFO  org.atmosphere.util.ForkJoinPool - Using ForkJoinPool  java.util.concurrent.ForkJoinPool. Set the org.atmosphere.cpr.broadcaster.maxAsyncWriteThreads to -1 to fully use its power.
2026-05-24 14:50:41 [main] INFO  o.atmosphere.cpr.AtmosphereFramework - Installed WebSocketProtocol org.atmosphere.websocket.protocol.SimpleHttpProtocol 
2026-05-24 14:50:41 [main] INFO  o.a.container.JSR356AsyncSupport - JSR 356 Mapping path /VAADIN/push
2026-05-24 14:50:41 [main] INFO  o.atmosphere.cpr.AtmosphereFramework - Installing Default AtmosphereInterceptors
2026-05-24 14:50:41 [main] INFO  o.atmosphere.cpr.AtmosphereFramework - 	org.atmosphere.interceptor.CorsInterceptor : CORS Interceptor Support
2026-05-24 14:50:41 [main] INFO  o.atmosphere.cpr.AtmosphereFramework - 	org.atmosphere.interceptor.CacheHeadersInterceptor : Default Response's Headers Interceptor
2026-05-24 14:50:41 [main] INFO  o.atmosphere.cpr.AtmosphereFramework - 	org.atmosphere.interceptor.PaddingAtmosphereInterceptor : Browser Padding Interceptor Support
2026-05-24 14:50:41 [main] INFO  o.atmosphere.cpr.AtmosphereFramework - 	org.atmosphere.interceptor.AndroidAtmosphereInterceptor : Android Interceptor Support
2026-05-24 14:50:41 [main] INFO  o.atmosphere.cpr.AtmosphereFramework - 	org.atmosphere.interceptor.HeartbeatInterceptor : Heartbeat Interceptor Support
2026-05-24 14:50:41 [main] INFO  o.atmosphere.cpr.AtmosphereFramework - 	org.atmosphere.interceptor.SSEAtmosphereInterceptor : SSE Interceptor Support
2026-05-24 14:50:41 [main] INFO  o.atmosphere.cpr.AtmosphereFramework - 	org.atmosphere.interceptor.JSONPAtmosphereInterceptor : JSONP Interceptor Support
2026-05-24 14:50:41 [main] INFO  o.atmosphere.cpr.AtmosphereFramework - 	org.atmosphere.interceptor.JavaScriptProtocol : Atmosphere JavaScript Protocol
2026-05-24 14:50:41 [main] INFO  o.atmosphere.cpr.AtmosphereFramework - 	org.atmosphere.interceptor.WebSocketMessageSuspendInterceptor : org.atmosphere.interceptor.WebSocketMessageSuspendInterceptor
2026-05-24 14:50:41 [main] INFO  o.atmosphere.cpr.AtmosphereFramework - 	org.atmosphere.interceptor.OnDisconnectInterceptor : Browser disconnection detection
2026-05-24 14:50:41 [main] INFO  o.atmosphere.cpr.AtmosphereFramework - 	org.atmosphere.interceptor.IdleResourceInterceptor : org.atmosphere.interceptor.IdleResourceInterceptor
2026-05-24 14:50:41 [main] INFO  o.atmosphere.cpr.AtmosphereFramework - Set org.atmosphere.cpr.AtmosphereInterceptor.disableDefaults to disable them.
2026-05-24 14:50:41 [main] INFO  o.atmosphere.cpr.AtmosphereFramework - Installed AtmosphereInterceptor CORS Interceptor Support with priority FIRST_BEFORE_DEFAULT 
2026-05-24 14:50:41 [main] INFO  o.atmosphere.cpr.AtmosphereFramework - Installed AtmosphereInterceptor Default Response's Headers Interceptor with priority AFTER_DEFAULT 
2026-05-24 14:50:41 [main] INFO  o.atmosphere.cpr.AtmosphereFramework - Installed AtmosphereInterceptor Browser Padding Interceptor Support with priority AFTER_DEFAULT 
2026-05-24 14:50:41 [main] INFO  o.atmosphere.cpr.AtmosphereFramework - Installed AtmosphereInterceptor Android Interceptor Support with priority AFTER_DEFAULT 
2026-05-24 14:50:41 [main] INFO  o.a.interceptor.HeartbeatInterceptor - HeartbeatInterceptor configured with padding value 'X', client frequency 0 seconds and server frequency 60 seconds
2026-05-24 14:50:41 [main] INFO  o.atmosphere.cpr.AtmosphereFramework - Installed AtmosphereInterceptor Heartbeat Interceptor Support with priority AFTER_DEFAULT 
2026-05-24 14:50:41 [main] INFO  o.atmosphere.cpr.AtmosphereFramework - Installed AtmosphereInterceptor SSE Interceptor Support with priority AFTER_DEFAULT 
2026-05-24 14:50:41 [main] INFO  o.atmosphere.cpr.AtmosphereFramework - Installed AtmosphereInterceptor JSONP Interceptor Support with priority AFTER_DEFAULT 
2026-05-24 14:50:41 [main] INFO  o.atmosphere.cpr.AtmosphereFramework - Installed AtmosphereInterceptor Atmosphere JavaScript Protocol with priority AFTER_DEFAULT 
2026-05-24 14:50:41 [main] INFO  o.atmosphere.cpr.AtmosphereFramework - Installed AtmosphereInterceptor org.atmosphere.interceptor.WebSocketMessageSuspendInterceptor with priority AFTER_DEFAULT 
2026-05-24 14:50:41 [main] INFO  o.atmosphere.cpr.AtmosphereFramework - Installed AtmosphereInterceptor Browser disconnection detection with priority AFTER_DEFAULT 
2026-05-24 14:50:41 [main] INFO  o.atmosphere.cpr.AtmosphereFramework - Installed AtmosphereInterceptor org.atmosphere.interceptor.IdleResourceInterceptor with priority BEFORE_DEFAULT 
2026-05-24 14:50:41 [main] INFO  o.atmosphere.cpr.AtmosphereFramework - Using EndpointMapper class org.atmosphere.util.DefaultEndpointMapper
2026-05-24 14:50:41 [main] INFO  o.atmosphere.cpr.AtmosphereFramework - Using BroadcasterCache: org.atmosphere.cache.UUIDBroadcasterCache
2026-05-24 14:50:41 [main] INFO  o.atmosphere.cpr.AtmosphereFramework - Default Broadcaster Class: org.atmosphere.cpr.DefaultBroadcaster
2026-05-24 14:50:41 [main] INFO  o.atmosphere.cpr.AtmosphereFramework - Broadcaster Shared List Resources: false
2026-05-24 14:50:41 [main] INFO  o.atmosphere.cpr.AtmosphereFramework - Broadcaster Polling Wait Time 100
2026-05-24 14:50:41 [main] INFO  o.atmosphere.cpr.AtmosphereFramework - Shared ExecutorService supported: true
2026-05-24 14:50:41 [main] INFO  o.atmosphere.cpr.AtmosphereFramework - Messaging ExecutorService Pool Size unavailable - Not instance of ThreadPoolExecutor
2026-05-24 14:50:41 [main] INFO  o.atmosphere.cpr.AtmosphereFramework - Async I/O Thread Pool Size: 200
2026-05-24 14:50:41 [main] INFO  o.atmosphere.cpr.AtmosphereFramework - Using BroadcasterFactory: org.atmosphere.cpr.DefaultBroadcasterFactory
2026-05-24 14:50:41 [main] INFO  o.atmosphere.cpr.AtmosphereFramework - Using AtmosphereResurceFactory: org.atmosphere.cpr.DefaultAtmosphereResourceFactory
2026-05-24 14:50:41 [main] INFO  o.atmosphere.cpr.AtmosphereFramework - Using WebSocketProcessor: org.atmosphere.websocket.DefaultWebSocketProcessor
2026-05-24 14:50:41 [main] INFO  o.atmosphere.cpr.AtmosphereFramework - Invoke AtmosphereInterceptor on WebSocket message true
2026-05-24 14:50:41 [main] INFO  o.atmosphere.cpr.AtmosphereFramework - HttpSession supported: true
2026-05-24 14:50:41 [main] INFO  o.atmosphere.cpr.AtmosphereFramework - Atmosphere is using DefaultAtmosphereObjectFactory for dependency injection and object creation
2026-05-24 14:50:41 [main] INFO  o.atmosphere.cpr.AtmosphereFramework - Atmosphere is using async support: org.atmosphere.container.JSR356AsyncSupport running under container: Apache Tomcat/10.1.16 using jakarta.servlet/3.0 and jsr356/WebSocket API
2026-05-24 14:50:41 [main] INFO  o.atmosphere.cpr.AtmosphereFramework - Atmosphere Framework 3.0.3.slf4jvaadin2 started.
2026-05-24 14:50:41 [main] INFO  o.atmosphere.cpr.AtmosphereFramework - Installed AtmosphereInterceptor  Track Message Size Interceptor using | with priority BEFORE_DEFAULT 
2026-05-24 14:50:41 [main] INFO  o.a.coyote.http11.Http11NioProtocol - Starting ProtocolHandler ["http-nio-8080"]
2026-05-24 14:50:41 [main] INFO  c.v.f.s.DefaultDeploymentConfiguration - 
Vaadin is running in DEVELOPMENT mode - do not use for production deployments.
2026-05-24 14:50:41 [main] INFO  o.s.b.w.e.tomcat.TomcatWebServer - Tomcat started on port 8080 (http) with context path ''
2026-05-24 14:50:41 [main] INFO  com.facturacion.FacturacionApp - Started FacturacionApp in 8.271 seconds (process running for 9.417)
2026-05-24 14:50:42 [main] INFO  com.facturacion.FacturacionApp - Sistema iniciado correctamente en http://localhost:8080
2026-05-24 14:50:43 [http-nio-8080-exec-1] INFO  o.a.c.c.C.[Tomcat].[localhost].[/] - Initializing Spring DispatcherServlet 'dispatcherServlet'
2026-05-24 14:50:43 [http-nio-8080-exec-1] INFO  o.s.web.servlet.DispatcherServlet - Initializing Servlet 'dispatcherServlet'
2026-05-24 14:50:43 [http-nio-8080-exec-1] INFO  o.s.web.servlet.DispatcherServlet - Completed initialization in 2 ms
2026-05-24 14:50:44 [http-nio-8080-exec-1] INFO  c.v.flow.spring.SpringInstantiator - The number of beans implementing 'I18NProvider' is 0. Cannot use Spring beans for I18N, falling back to the default behavior
2026-05-24 14:50:46 [http-nio-8080-exec-2] INFO  c.f.config.DatabaseConnection - Configuración de base de datos cargada correctamente.
2026-05-24 14:50:46 [http-nio-8080-exec-2] INFO  c.f.config.DatabaseConnection - Conexión establecida con: jdbc:postgresql://localhost:5432/Facturacion_db
2026-05-24 14:50:46 [http-nio-8080-exec-2] INFO  c.f.config.DatabaseConnection - Conexión establecida con: jdbc:postgresql://localhost:5432/Facturacion_db
2026-05-24 14:53:13 [main] INFO  com.facturacion.FacturacionApp - Iniciando Sistema de Facturación Electrónica...
2026-05-24 14:53:14 [background-preinit] INFO  o.h.validator.internal.util.Version - HV000001: Hibernate Validator 8.0.1.Final
2026-05-24 14:53:14 [main] INFO  com.facturacion.FacturacionApp - Starting FacturacionApp using Java 21.0.10 with PID 23604 (C:\Users\luis2\OneDrive\Desktop\facturacion-electronica\target\classes started by luis2 in C:\Users\luis2\OneDrive\Desktop\facturacion-electronica)
2026-05-24 14:53:14 [main] DEBUG com.facturacion.FacturacionApp - Running with Spring Boot v3.2.0, Spring v6.1.1
2026-05-24 14:53:14 [main] INFO  com.facturacion.FacturacionApp - No active profile set, falling back to 1 default profile: "default"
2026-05-24 14:53:16 [main] INFO  o.s.b.w.e.tomcat.TomcatWebServer - Tomcat initialized with port 8080 (http)
2026-05-24 14:53:16 [main] INFO  o.a.coyote.http11.Http11NioProtocol - Initializing ProtocolHandler ["http-nio-8080"]
2026-05-24 14:53:16 [main] INFO  o.a.catalina.core.StandardService - Starting service [Tomcat]
2026-05-24 14:53:16 [main] INFO  o.a.catalina.core.StandardEngine - Starting Servlet engine: [Apache Tomcat/10.1.16]
2026-05-24 14:53:16 [main] INFO  o.a.c.c.C.[Tomcat].[localhost].[/] - Initializing Spring embedded WebApplicationContext
2026-05-24 14:53:16 [main] INFO  o.s.b.w.s.c.ServletWebServerApplicationContext - Root WebApplicationContext: initialization completed in 1792 ms
2026-05-24 14:53:19 [main] INFO  c.v.f.s.VaadinServletContextInitializer - Search for subclasses and classes with annotations took 2362 ms
2026-05-24 14:53:19 [main] INFO  c.v.b.d.s.DevModeStartupListener - Starting dev-mode updaters in C:\Users\luis2\OneDrive\Desktop\facturacion-electronica\target folder.
2026-05-24 14:53:19 [main] INFO  c.v.f.s.f.s.FullDependenciesScanner - Visited 100 classes. Took 39 ms.
2026-05-24 14:53:19 [main] INFO  c.v.f.s.f.BundleValidationUtil - Checking if a development mode bundle build is needed
2026-05-24 14:53:20 [main] INFO  c.v.f.s.f.BundleValidationUtil - A development mode bundle build is not needed
2026-05-24 14:53:20 [ForkJoinPool.commonPool-worker-1] INFO  c.v.f.s.f.TaskCopyFrontendFiles - Copying frontend resources from jar files ...
2026-05-24 14:53:20 [ForkJoinPool.commonPool-worker-1] INFO  c.v.f.s.f.TaskCopyFrontendFiles - Visited 18 resources. Took 262 ms.
2026-05-24 14:53:20 [main] INFO  o.atmosphere.cpr.AtmosphereFramework - Installed AtmosphereHandler com.vaadin.flow.server.communication.PushAtmosphereHandler mapped to context-path: /*
2026-05-24 14:53:20 [main] INFO  o.atmosphere.cpr.AtmosphereFramework - Installed the following AtmosphereInterceptor mapped to AtmosphereHandler com.vaadin.flow.server.communication.PushAtmosphereHandler
2026-05-24 14:53:20 [main] INFO  o.atmosphere.cpr.AtmosphereFramework - Atmosphere is using org.atmosphere.util.VoidAnnotationProcessor for processing annotation
2026-05-24 14:53:20 [main] INFO  org.atmosphere.util.ForkJoinPool - Using ForkJoinPool  java.util.concurrent.ForkJoinPool. Set the org.atmosphere.cpr.broadcaster.maxAsyncWriteThreads to -1 to fully use its power.
2026-05-24 14:53:20 [main] INFO  o.atmosphere.cpr.AtmosphereFramework - Installed WebSocketProtocol org.atmosphere.websocket.protocol.SimpleHttpProtocol 
2026-05-24 14:53:20 [main] INFO  o.a.container.JSR356AsyncSupport - JSR 356 Mapping path /VAADIN/push
2026-05-24 14:53:20 [main] INFO  o.atmosphere.cpr.AtmosphereFramework - Installing Default AtmosphereInterceptors
2026-05-24 14:53:20 [main] INFO  o.atmosphere.cpr.AtmosphereFramework - 	org.atmosphere.interceptor.CorsInterceptor : CORS Interceptor Support
2026-05-24 14:53:20 [main] INFO  o.atmosphere.cpr.AtmosphereFramework - 	org.atmosphere.interceptor.CacheHeadersInterceptor : Default Response's Headers Interceptor
2026-05-24 14:53:20 [main] INFO  o.atmosphere.cpr.AtmosphereFramework - 	org.atmosphere.interceptor.PaddingAtmosphereInterceptor : Browser Padding Interceptor Support
2026-05-24 14:53:20 [main] INFO  o.atmosphere.cpr.AtmosphereFramework - 	org.atmosphere.interceptor.AndroidAtmosphereInterceptor : Android Interceptor Support
2026-05-24 14:53:20 [main] INFO  o.atmosphere.cpr.AtmosphereFramework - 	org.atmosphere.interceptor.HeartbeatInterceptor : Heartbeat Interceptor Support
2026-05-24 14:53:20 [main] INFO  o.atmosphere.cpr.AtmosphereFramework - 	org.atmosphere.interceptor.SSEAtmosphereInterceptor : SSE Interceptor Support
2026-05-24 14:53:20 [main] INFO  o.atmosphere.cpr.AtmosphereFramework - 	org.atmosphere.interceptor.JSONPAtmosphereInterceptor : JSONP Interceptor Support
2026-05-24 14:53:20 [main] INFO  o.atmosphere.cpr.AtmosphereFramework - 	org.atmosphere.interceptor.JavaScriptProtocol : Atmosphere JavaScript Protocol
2026-05-24 14:53:20 [main] INFO  o.atmosphere.cpr.AtmosphereFramework - 	org.atmosphere.interceptor.WebSocketMessageSuspendInterceptor : org.atmosphere.interceptor.WebSocketMessageSuspendInterceptor
2026-05-24 14:53:20 [main] INFO  o.atmosphere.cpr.AtmosphereFramework - 	org.atmosphere.interceptor.OnDisconnectInterceptor : Browser disconnection detection
2026-05-24 14:53:20 [main] INFO  o.atmosphere.cpr.AtmosphereFramework - 	org.atmosphere.interceptor.IdleResourceInterceptor : org.atmosphere.interceptor.IdleResourceInterceptor
2026-05-24 14:53:20 [main] INFO  o.atmosphere.cpr.AtmosphereFramework - Set org.atmosphere.cpr.AtmosphereInterceptor.disableDefaults to disable them.
2026-05-24 14:53:20 [main] INFO  o.atmosphere.cpr.AtmosphereFramework - Installed AtmosphereInterceptor CORS Interceptor Support with priority FIRST_BEFORE_DEFAULT 
2026-05-24 14:53:20 [main] INFO  o.atmosphere.cpr.AtmosphereFramework - Installed AtmosphereInterceptor Default Response's Headers Interceptor with priority AFTER_DEFAULT 
2026-05-24 14:53:20 [main] INFO  o.atmosphere.cpr.AtmosphereFramework - Installed AtmosphereInterceptor Browser Padding Interceptor Support with priority AFTER_DEFAULT 
2026-05-24 14:53:20 [main] INFO  o.atmosphere.cpr.AtmosphereFramework - Installed AtmosphereInterceptor Android Interceptor Support with priority AFTER_DEFAULT 
2026-05-24 14:53:20 [main] INFO  o.a.interceptor.HeartbeatInterceptor - HeartbeatInterceptor configured with padding value 'X', client frequency 0 seconds and server frequency 60 seconds
2026-05-24 14:53:20 [main] INFO  o.atmosphere.cpr.AtmosphereFramework - Installed AtmosphereInterceptor Heartbeat Interceptor Support with priority AFTER_DEFAULT 
2026-05-24 14:53:20 [main] INFO  o.atmosphere.cpr.AtmosphereFramework - Installed AtmosphereInterceptor SSE Interceptor Support with priority AFTER_DEFAULT 
2026-05-24 14:53:20 [main] INFO  o.atmosphere.cpr.AtmosphereFramework - Installed AtmosphereInterceptor JSONP Interceptor Support with priority AFTER_DEFAULT 
2026-05-24 14:53:20 [main] INFO  o.atmosphere.cpr.AtmosphereFramework - Installed AtmosphereInterceptor Atmosphere JavaScript Protocol with priority AFTER_DEFAULT 
2026-05-24 14:53:20 [main] INFO  o.atmosphere.cpr.AtmosphereFramework - Installed AtmosphereInterceptor org.atmosphere.interceptor.WebSocketMessageSuspendInterceptor with priority AFTER_DEFAULT 
2026-05-24 14:53:20 [main] INFO  o.atmosphere.cpr.AtmosphereFramework - Installed AtmosphereInterceptor Browser disconnection detection with priority AFTER_DEFAULT 
2026-05-24 14:53:20 [main] INFO  o.atmosphere.cpr.AtmosphereFramework - Installed AtmosphereInterceptor org.atmosphere.interceptor.IdleResourceInterceptor with priority BEFORE_DEFAULT 
2026-05-24 14:53:20 [main] INFO  o.atmosphere.cpr.AtmosphereFramework - Using EndpointMapper class org.atmosphere.util.DefaultEndpointMapper
2026-05-24 14:53:20 [main] INFO  o.atmosphere.cpr.AtmosphereFramework - Using BroadcasterCache: org.atmosphere.cache.UUIDBroadcasterCache
2026-05-24 14:53:20 [main] INFO  o.atmosphere.cpr.AtmosphereFramework - Default Broadcaster Class: org.atmosphere.cpr.DefaultBroadcaster
2026-05-24 14:53:20 [main] INFO  o.atmosphere.cpr.AtmosphereFramework - Broadcaster Shared List Resources: false
2026-05-24 14:53:20 [main] INFO  o.atmosphere.cpr.AtmosphereFramework - Broadcaster Polling Wait Time 100
2026-05-24 14:53:20 [main] INFO  o.atmosphere.cpr.AtmosphereFramework - Shared ExecutorService supported: true
2026-05-24 14:53:20 [main] INFO  o.atmosphere.cpr.AtmosphereFramework - Messaging ExecutorService Pool Size unavailable - Not instance of ThreadPoolExecutor
2026-05-24 14:53:20 [main] INFO  o.atmosphere.cpr.AtmosphereFramework - Async I/O Thread Pool Size: 200
2026-05-24 14:53:20 [main] INFO  o.atmosphere.cpr.AtmosphereFramework - Using BroadcasterFactory: org.atmosphere.cpr.DefaultBroadcasterFactory
2026-05-24 14:53:20 [main] INFO  o.atmosphere.cpr.AtmosphereFramework - Using AtmosphereResurceFactory: org.atmosphere.cpr.DefaultAtmosphereResourceFactory
2026-05-24 14:53:20 [main] INFO  o.atmosphere.cpr.AtmosphereFramework - Using WebSocketProcessor: org.atmosphere.websocket.DefaultWebSocketProcessor
2026-05-24 14:53:20 [main] INFO  o.atmosphere.cpr.AtmosphereFramework - Invoke AtmosphereInterceptor on WebSocket message true
2026-05-24 14:53:20 [main] INFO  o.atmosphere.cpr.AtmosphereFramework - HttpSession supported: true
2026-05-24 14:53:20 [main] INFO  o.atmosphere.cpr.AtmosphereFramework - Atmosphere is using DefaultAtmosphereObjectFactory for dependency injection and object creation
2026-05-24 14:53:20 [main] INFO  o.atmosphere.cpr.AtmosphereFramework - Atmosphere is using async support: org.atmosphere.container.JSR356AsyncSupport running under container: Apache Tomcat/10.1.16 using jakarta.servlet/3.0 and jsr356/WebSocket API
2026-05-24 14:53:20 [main] INFO  o.atmosphere.cpr.AtmosphereFramework - Atmosphere Framework 3.0.3.slf4jvaadin2 started.
2026-05-24 14:53:20 [main] INFO  o.atmosphere.cpr.AtmosphereFramework - Installed AtmosphereInterceptor  Track Message Size Interceptor using | with priority BEFORE_DEFAULT 
2026-05-24 14:53:20 [main] INFO  o.a.coyote.http11.Http11NioProtocol - Starting ProtocolHandler ["http-nio-8080"]
2026-05-24 14:53:20 [main] INFO  c.v.f.s.DefaultDeploymentConfiguration - 
Vaadin is running in DEVELOPMENT mode - do not use for production deployments.
2026-05-24 14:53:20 [main] INFO  o.s.b.w.e.tomcat.TomcatWebServer - Tomcat started on port 8080 (http) with context path ''
2026-05-24 14:53:20 [main] INFO  com.facturacion.FacturacionApp - Started FacturacionApp in 6.962 seconds (process running for 8.0)
2026-05-24 14:53:21 [main] INFO  com.facturacion.FacturacionApp - Sistema iniciado correctamente en http://localhost:8080
2026-05-24 14:53:22 [http-nio-8080-exec-4] INFO  o.a.c.c.C.[Tomcat].[localhost].[/] - Initializing Spring DispatcherServlet 'dispatcherServlet'
2026-05-24 14:53:22 [http-nio-8080-exec-4] INFO  o.s.web.servlet.DispatcherServlet - Initializing Servlet 'dispatcherServlet'
2026-05-24 14:53:22 [http-nio-8080-exec-4] INFO  o.s.web.servlet.DispatcherServlet - Completed initialization in 3 ms
2026-05-24 14:53:23 [http-nio-8080-exec-4] INFO  c.v.flow.spring.SpringInstantiator - The number of beans implementing 'I18NProvider' is 0. Cannot use Spring beans for I18N, falling back to the default behavior
2026-05-24 14:53:25 [http-nio-8080-exec-4] INFO  c.f.config.DatabaseConnection - Configuración de base de datos cargada correctamente.
2026-05-24 14:53:25 [http-nio-8080-exec-4] INFO  c.f.config.DatabaseConnection - Conexión establecida con: jdbc:postgresql://localhost:5432/Facturacion_db
2026-05-24 14:53:25 [http-nio-8080-exec-4] INFO  c.f.config.DatabaseConnection - Conexión establecida con: jdbc:postgresql://localhost:5432/Facturacion_db
2026-05-24 15:00:57 [main] INFO  com.facturacion.FacturacionApp - Iniciando Sistema de Facturación Electrónica...
2026-05-24 15:00:58 [background-preinit] INFO  o.h.validator.internal.util.Version - HV000001: Hibernate Validator 8.0.1.Final
2026-05-24 15:00:58 [main] INFO  com.facturacion.FacturacionApp - Starting FacturacionApp using Java 21.0.10 with PID 15236 (C:\Users\luis2\OneDrive\Desktop\facturacion-electronica\target\classes started by luis2 in C:\Users\luis2\OneDrive\Desktop\facturacion-electronica)
2026-05-24 15:00:58 [main] DEBUG com.facturacion.FacturacionApp - Running with Spring Boot v3.2.0, Spring v6.1.1
2026-05-24 15:00:58 [main] INFO  com.facturacion.FacturacionApp - No active profile set, falling back to 1 default profile: "default"
2026-05-24 15:01:00 [main] INFO  o.s.b.w.e.tomcat.TomcatWebServer - Tomcat initialized with port 8080 (http)
2026-05-24 15:01:00 [main] INFO  o.a.coyote.http11.Http11NioProtocol - Initializing ProtocolHandler ["http-nio-8080"]
2026-05-24 15:01:00 [main] INFO  o.a.catalina.core.StandardService - Starting service [Tomcat]
2026-05-24 15:01:00 [main] INFO  o.a.catalina.core.StandardEngine - Starting Servlet engine: [Apache Tomcat/10.1.16]
2026-05-24 15:01:00 [main] INFO  o.a.c.c.C.[Tomcat].[localhost].[/] - Initializing Spring embedded WebApplicationContext
2026-05-24 15:01:00 [main] INFO  o.s.b.w.s.c.ServletWebServerApplicationContext - Root WebApplicationContext: initialization completed in 1968 ms
2026-05-24 15:01:02 [main] INFO  c.v.f.s.VaadinServletContextInitializer - Search for subclasses and classes with annotations took 2329 ms
2026-05-24 15:01:03 [main] INFO  c.v.b.d.s.DevModeStartupListener - Starting dev-mode updaters in C:\Users\luis2\OneDrive\Desktop\facturacion-electronica folder.
2026-05-24 15:01:03 [main] INFO  c.v.f.s.f.s.FullDependenciesScanner - Visited 100 classes. Took 49 ms.
2026-05-24 15:01:03 [main] INFO  c.v.f.s.f.BundleValidationUtil - Checking if a development mode bundle build is needed
2026-05-24 15:01:03 [main] INFO  c.v.f.s.f.BundleValidationUtil - A development mode bundle build is not needed
2026-05-24 15:01:04 [ForkJoinPool.commonPool-worker-1] INFO  c.v.f.s.f.TaskCopyFrontendFiles - Copying frontend resources from jar files ...
2026-05-24 15:01:04 [ForkJoinPool.commonPool-worker-1] INFO  c.v.f.s.f.TaskCopyFrontendFiles - Visited 18 resources. Took 500 ms.
2026-05-24 15:01:04 [main] INFO  o.atmosphere.cpr.AtmosphereFramework - Installed AtmosphereHandler com.vaadin.flow.server.communication.PushAtmosphereHandler mapped to context-path: /*
2026-05-24 15:01:04 [main] INFO  o.atmosphere.cpr.AtmosphereFramework - Installed the following AtmosphereInterceptor mapped to AtmosphereHandler com.vaadin.flow.server.communication.PushAtmosphereHandler
2026-05-24 15:01:04 [main] INFO  o.atmosphere.cpr.AtmosphereFramework - Atmosphere is using org.atmosphere.util.VoidAnnotationProcessor for processing annotation
2026-05-24 15:01:04 [main] INFO  org.atmosphere.util.ForkJoinPool - Using ForkJoinPool  java.util.concurrent.ForkJoinPool. Set the org.atmosphere.cpr.broadcaster.maxAsyncWriteThreads to -1 to fully use its power.
2026-05-24 15:01:04 [main] INFO  o.atmosphere.cpr.AtmosphereFramework - Installed WebSocketProtocol org.atmosphere.websocket.protocol.SimpleHttpProtocol 
2026-05-24 15:01:04 [main] INFO  o.a.container.JSR356AsyncSupport - JSR 356 Mapping path /VAADIN/push
2026-05-24 15:01:04 [main] INFO  o.atmosphere.cpr.AtmosphereFramework - Installing Default AtmosphereInterceptors
2026-05-24 15:01:04 [main] INFO  o.atmosphere.cpr.AtmosphereFramework - 	org.atmosphere.interceptor.CorsInterceptor : CORS Interceptor Support
2026-05-24 15:01:04 [main] INFO  o.atmosphere.cpr.AtmosphereFramework - 	org.atmosphere.interceptor.CacheHeadersInterceptor : Default Response's Headers Interceptor
2026-05-24 15:01:04 [main] INFO  o.atmosphere.cpr.AtmosphereFramework - 	org.atmosphere.interceptor.PaddingAtmosphereInterceptor : Browser Padding Interceptor Support
2026-05-24 15:01:04 [main] INFO  o.atmosphere.cpr.AtmosphereFramework - 	org.atmosphere.interceptor.AndroidAtmosphereInterceptor : Android Interceptor Support
2026-05-24 15:01:04 [main] INFO  o.atmosphere.cpr.AtmosphereFramework - 	org.atmosphere.interceptor.HeartbeatInterceptor : Heartbeat Interceptor Support
2026-05-24 15:01:04 [main] INFO  o.atmosphere.cpr.AtmosphereFramework - 	org.atmosphere.interceptor.SSEAtmosphereInterceptor : SSE Interceptor Support
2026-05-24 15:01:04 [main] INFO  o.atmosphere.cpr.AtmosphereFramework - 	org.atmosphere.interceptor.JSONPAtmosphereInterceptor : JSONP Interceptor Support
2026-05-24 15:01:04 [main] INFO  o.atmosphere.cpr.AtmosphereFramework - 	org.atmosphere.interceptor.JavaScriptProtocol : Atmosphere JavaScript Protocol
2026-05-24 15:01:04 [main] INFO  o.atmosphere.cpr.AtmosphereFramework - 	org.atmosphere.interceptor.WebSocketMessageSuspendInterceptor : org.atmosphere.interceptor.WebSocketMessageSuspendInterceptor
2026-05-24 15:01:04 [main] INFO  o.atmosphere.cpr.AtmosphereFramework - 	org.atmosphere.interceptor.OnDisconnectInterceptor : Browser disconnection detection
2026-05-24 15:01:04 [main] INFO  o.atmosphere.cpr.AtmosphereFramework - 	org.atmosphere.interceptor.IdleResourceInterceptor : org.atmosphere.interceptor.IdleResourceInterceptor
2026-05-24 15:01:04 [main] INFO  o.atmosphere.cpr.AtmosphereFramework - Set org.atmosphere.cpr.AtmosphereInterceptor.disableDefaults to disable them.
2026-05-24 15:01:04 [main] INFO  o.atmosphere.cpr.AtmosphereFramework - Installed AtmosphereInterceptor CORS Interceptor Support with priority FIRST_BEFORE_DEFAULT 
2026-05-24 15:01:04 [main] INFO  o.atmosphere.cpr.AtmosphereFramework - Installed AtmosphereInterceptor Default Response's Headers Interceptor with priority AFTER_DEFAULT 
2026-05-24 15:01:04 [main] INFO  o.atmosphere.cpr.AtmosphereFramework - Installed AtmosphereInterceptor Browser Padding Interceptor Support with priority AFTER_DEFAULT 
2026-05-24 15:01:04 [main] INFO  o.atmosphere.cpr.AtmosphereFramework - Installed AtmosphereInterceptor Android Interceptor Support with priority AFTER_DEFAULT 
2026-05-24 15:01:04 [main] INFO  o.a.interceptor.HeartbeatInterceptor - HeartbeatInterceptor configured with padding value 'X', client frequency 0 seconds and server frequency 60 seconds
2026-05-24 15:01:04 [main] INFO  o.atmosphere.cpr.AtmosphereFramework - Installed AtmosphereInterceptor Heartbeat Interceptor Support with priority AFTER_DEFAULT 
2026-05-24 15:01:04 [main] INFO  o.atmosphere.cpr.AtmosphereFramework - Installed AtmosphereInterceptor SSE Interceptor Support with priority AFTER_DEFAULT 
2026-05-24 15:01:04 [main] INFO  o.atmosphere.cpr.AtmosphereFramework - Installed AtmosphereInterceptor JSONP Interceptor Support with priority AFTER_DEFAULT 
2026-05-24 15:01:04 [main] INFO  o.atmosphere.cpr.AtmosphereFramework - Installed AtmosphereInterceptor Atmosphere JavaScript Protocol with priority AFTER_DEFAULT 
2026-05-24 15:01:04 [main] INFO  o.atmosphere.cpr.AtmosphereFramework - Installed AtmosphereInterceptor org.atmosphere.interceptor.WebSocketMessageSuspendInterceptor with priority AFTER_DEFAULT 
2026-05-24 15:01:04 [main] INFO  o.atmosphere.cpr.AtmosphereFramework - Installed AtmosphereInterceptor Browser disconnection detection with priority AFTER_DEFAULT 
2026-05-24 15:01:04 [main] INFO  o.atmosphere.cpr.AtmosphereFramework - Installed AtmosphereInterceptor org.atmosphere.interceptor.IdleResourceInterceptor with priority BEFORE_DEFAULT 
2026-05-24 15:01:04 [main] INFO  o.atmosphere.cpr.AtmosphereFramework - Using EndpointMapper class org.atmosphere.util.DefaultEndpointMapper
2026-05-24 15:01:04 [main] INFO  o.atmosphere.cpr.AtmosphereFramework - Using BroadcasterCache: org.atmosphere.cache.UUIDBroadcasterCache
2026-05-24 15:01:04 [main] INFO  o.atmosphere.cpr.AtmosphereFramework - Default Broadcaster Class: org.atmosphere.cpr.DefaultBroadcaster
2026-05-24 15:01:04 [main] INFO  o.atmosphere.cpr.AtmosphereFramework - Broadcaster Shared List Resources: false
2026-05-24 15:01:04 [main] INFO  o.atmosphere.cpr.AtmosphereFramework - Broadcaster Polling Wait Time 100
2026-05-24 15:01:04 [main] INFO  o.atmosphere.cpr.AtmosphereFramework - Shared ExecutorService supported: true
2026-05-24 15:01:04 [main] INFO  o.atmosphere.cpr.AtmosphereFramework - Messaging ExecutorService Pool Size unavailable - Not instance of ThreadPoolExecutor
2026-05-24 15:01:04 [main] INFO  o.atmosphere.cpr.AtmosphereFramework - Async I/O Thread Pool Size: 200
2026-05-24 15:01:04 [main] INFO  o.atmosphere.cpr.AtmosphereFramework - Using BroadcasterFactory: org.atmosphere.cpr.DefaultBroadcasterFactory
2026-05-24 15:01:04 [main] INFO  o.atmosphere.cpr.AtmosphereFramework - Using AtmosphereResurceFactory: org.atmosphere.cpr.DefaultAtmosphereResourceFactory
2026-05-24 15:01:04 [main] INFO  o.atmosphere.cpr.AtmosphereFramework - Using WebSocketProcessor: org.atmosphere.websocket.DefaultWebSocketProcessor
2026-05-24 15:01:04 [main] INFO  o.atmosphere.cpr.AtmosphereFramework - Invoke AtmosphereInterceptor on WebSocket message true
2026-05-24 15:01:04 [main] INFO  o.atmosphere.cpr.AtmosphereFramework - HttpSession supported: true
2026-05-24 15:01:04 [main] INFO  o.atmosphere.cpr.AtmosphereFramework - Atmosphere is using DefaultAtmosphereObjectFactory for dependency injection and object creation
2026-05-24 15:01:04 [main] INFO  o.atmosphere.cpr.AtmosphereFramework - Atmosphere is using async support: org.atmosphere.container.JSR356AsyncSupport running under container: Apache Tomcat/10.1.16 using jakarta.servlet/3.0 and jsr356/WebSocket API
2026-05-24 15:01:04 [main] INFO  o.atmosphere.cpr.AtmosphereFramework - Atmosphere Framework 3.0.3.slf4jvaadin2 started.
2026-05-24 15:01:04 [main] INFO  o.atmosphere.cpr.AtmosphereFramework - Installed AtmosphereInterceptor  Track Message Size Interceptor using | with priority BEFORE_DEFAULT 
2026-05-24 15:01:04 [main] INFO  o.a.coyote.http11.Http11NioProtocol - Starting ProtocolHandler ["http-nio-8080"]
2026-05-24 15:01:04 [main] INFO  c.v.f.s.DefaultDeploymentConfiguration - 
Vaadin is running in DEVELOPMENT mode - do not use for production deployments.
2026-05-24 15:01:04 [main] INFO  o.s.b.w.e.tomcat.TomcatWebServer - Tomcat started on port 8080 (http) with context path ''
2026-05-24 15:01:04 [main] INFO  com.facturacion.FacturacionApp - Started FacturacionApp in 7.391 seconds (process running for 9.029)
2026-05-24 15:01:05 [main] INFO  com.facturacion.FacturacionApp - Sistema iniciado correctamente en http://localhost:8080
2026-05-24 15:01:06 [http-nio-8080-exec-2] INFO  o.a.c.c.C.[Tomcat].[localhost].[/] - Initializing Spring DispatcherServlet 'dispatcherServlet'
2026-05-24 15:01:06 [http-nio-8080-exec-2] INFO  o.s.web.servlet.DispatcherServlet - Initializing Servlet 'dispatcherServlet'
2026-05-24 15:01:07 [http-nio-8080-exec-2] INFO  o.s.web.servlet.DispatcherServlet - Completed initialization in 2 ms
2026-05-24 15:01:07 [http-nio-8080-exec-2] INFO  c.v.flow.spring.SpringInstantiator - The number of beans implementing 'I18NProvider' is 0. Cannot use Spring beans for I18N, falling back to the default behavior
2026-05-24 15:01:09 [http-nio-8080-exec-1] INFO  c.f.config.DatabaseConnection - Configuración de base de datos cargada correctamente.
2026-05-24 15:01:09 [http-nio-8080-exec-1] INFO  c.f.config.DatabaseConnection - Conexión establecida con: jdbc:postgresql://localhost:5432/Facturacion_db
2026-05-24 15:01:10 [http-nio-8080-exec-1] INFO  c.f.config.DatabaseConnection - Conexión establecida con: jdbc:postgresql://localhost:5432/Facturacion_db
2026-05-24 15:03:22 [main] INFO  com.facturacion.FacturacionApp - Iniciando Sistema de Facturación Electrónica...
2026-05-24 15:03:22 [background-preinit] INFO  o.h.validator.internal.util.Version - HV000001: Hibernate Validator 8.0.1.Final
2026-05-24 15:03:23 [main] INFO  com.facturacion.FacturacionApp - Starting FacturacionApp using Java 21.0.10 with PID 15108 (C:\Users\luis2\OneDrive\Desktop\facturacion-electronica\target\classes started by luis2 in C:\Users\luis2\OneDrive\Desktop\facturacion-electronica)
2026-05-24 15:03:23 [main] DEBUG com.facturacion.FacturacionApp - Running with Spring Boot v3.2.0, Spring v6.1.1
2026-05-24 15:03:23 [main] INFO  com.facturacion.FacturacionApp - No active profile set, falling back to 1 default profile: "default"
2026-05-24 15:03:24 [main] INFO  o.s.b.w.e.tomcat.TomcatWebServer - Tomcat initialized with port 8080 (http)
2026-05-24 15:03:24 [main] INFO  o.a.coyote.http11.Http11NioProtocol - Initializing ProtocolHandler ["http-nio-8080"]
2026-05-24 15:03:24 [main] INFO  o.a.catalina.core.StandardService - Starting service [Tomcat]
2026-05-24 15:03:24 [main] INFO  o.a.catalina.core.StandardEngine - Starting Servlet engine: [Apache Tomcat/10.1.16]
2026-05-24 15:03:24 [main] INFO  o.a.c.c.C.[Tomcat].[localhost].[/] - Initializing Spring embedded WebApplicationContext
2026-05-24 15:03:24 [main] INFO  o.s.b.w.s.c.ServletWebServerApplicationContext - Root WebApplicationContext: initialization completed in 1779 ms
2026-05-24 15:03:27 [main] INFO  c.v.f.s.VaadinServletContextInitializer - Search for subclasses and classes with annotations took 2403 ms
2026-05-24 15:03:28 [main] INFO  c.v.b.d.s.DevModeStartupListener - Starting dev-mode updaters in C:\Users\luis2\OneDrive\Desktop\facturacion-electronica folder.
2026-05-24 15:03:28 [main] INFO  c.v.f.s.f.s.FullDependenciesScanner - Visited 100 classes. Took 35 ms.
2026-05-24 15:03:28 [main] INFO  c.v.f.s.f.BundleValidationUtil - Checking if a development mode bundle build is needed
2026-05-24 15:03:28 [main] INFO  c.v.f.s.f.BundleValidationUtil - A development mode bundle build is not needed
2026-05-24 15:03:28 [ForkJoinPool.commonPool-worker-1] INFO  c.v.f.s.f.TaskCopyFrontendFiles - Copying frontend resources from jar files ...
2026-05-24 15:03:28 [ForkJoinPool.commonPool-worker-1] INFO  c.v.f.s.f.TaskCopyFrontendFiles - Visited 18 resources. Took 230 ms.
2026-05-24 15:03:29 [main] INFO  o.atmosphere.cpr.AtmosphereFramework - Installed AtmosphereHandler com.vaadin.flow.server.communication.PushAtmosphereHandler mapped to context-path: /*
2026-05-24 15:03:29 [main] INFO  o.atmosphere.cpr.AtmosphereFramework - Installed the following AtmosphereInterceptor mapped to AtmosphereHandler com.vaadin.flow.server.communication.PushAtmosphereHandler
2026-05-24 15:03:29 [main] INFO  o.atmosphere.cpr.AtmosphereFramework - Atmosphere is using org.atmosphere.util.VoidAnnotationProcessor for processing annotation
2026-05-24 15:03:29 [main] INFO  org.atmosphere.util.ForkJoinPool - Using ForkJoinPool  java.util.concurrent.ForkJoinPool. Set the org.atmosphere.cpr.broadcaster.maxAsyncWriteThreads to -1 to fully use its power.
2026-05-24 15:03:29 [main] INFO  o.atmosphere.cpr.AtmosphereFramework - Installed WebSocketProtocol org.atmosphere.websocket.protocol.SimpleHttpProtocol 
2026-05-24 15:03:29 [main] INFO  o.a.container.JSR356AsyncSupport - JSR 356 Mapping path /VAADIN/push
2026-05-24 15:03:29 [main] INFO  o.atmosphere.cpr.AtmosphereFramework - Installing Default AtmosphereInterceptors
2026-05-24 15:03:29 [main] INFO  o.atmosphere.cpr.AtmosphereFramework - 	org.atmosphere.interceptor.CorsInterceptor : CORS Interceptor Support
2026-05-24 15:03:29 [main] INFO  o.atmosphere.cpr.AtmosphereFramework - 	org.atmosphere.interceptor.CacheHeadersInterceptor : Default Response's Headers Interceptor
2026-05-24 15:03:29 [main] INFO  o.atmosphere.cpr.AtmosphereFramework - 	org.atmosphere.interceptor.PaddingAtmosphereInterceptor : Browser Padding Interceptor Support
2026-05-24 15:03:29 [main] INFO  o.atmosphere.cpr.AtmosphereFramework - 	org.atmosphere.interceptor.AndroidAtmosphereInterceptor : Android Interceptor Support
2026-05-24 15:03:29 [main] INFO  o.atmosphere.cpr.AtmosphereFramework - 	org.atmosphere.interceptor.HeartbeatInterceptor : Heartbeat Interceptor Support
2026-05-24 15:03:29 [main] INFO  o.atmosphere.cpr.AtmosphereFramework - 	org.atmosphere.interceptor.SSEAtmosphereInterceptor : SSE Interceptor Support
2026-05-24 15:03:29 [main] INFO  o.atmosphere.cpr.AtmosphereFramework - 	org.atmosphere.interceptor.JSONPAtmosphereInterceptor : JSONP Interceptor Support
2026-05-24 15:03:29 [main] INFO  o.atmosphere.cpr.AtmosphereFramework - 	org.atmosphere.interceptor.JavaScriptProtocol : Atmosphere JavaScript Protocol
2026-05-24 15:03:29 [main] INFO  o.atmosphere.cpr.AtmosphereFramework - 	org.atmosphere.interceptor.WebSocketMessageSuspendInterceptor : org.atmosphere.interceptor.WebSocketMessageSuspendInterceptor
2026-05-24 15:03:29 [main] INFO  o.atmosphere.cpr.AtmosphereFramework - 	org.atmosphere.interceptor.OnDisconnectInterceptor : Browser disconnection detection
2026-05-24 15:03:29 [main] INFO  o.atmosphere.cpr.AtmosphereFramework - 	org.atmosphere.interceptor.IdleResourceInterceptor : org.atmosphere.interceptor.IdleResourceInterceptor
2026-05-24 15:03:29 [main] INFO  o.atmosphere.cpr.AtmosphereFramework - Set org.atmosphere.cpr.AtmosphereInterceptor.disableDefaults to disable them.
2026-05-24 15:03:29 [main] INFO  o.atmosphere.cpr.AtmosphereFramework - Installed AtmosphereInterceptor CORS Interceptor Support with priority FIRST_BEFORE_DEFAULT 
2026-05-24 15:03:29 [main] INFO  o.atmosphere.cpr.AtmosphereFramework - Installed AtmosphereInterceptor Default Response's Headers Interceptor with priority AFTER_DEFAULT 
2026-05-24 15:03:29 [main] INFO  o.atmosphere.cpr.AtmosphereFramework - Installed AtmosphereInterceptor Browser Padding Interceptor Support with priority AFTER_DEFAULT 
2026-05-24 15:03:29 [main] INFO  o.atmosphere.cpr.AtmosphereFramework - Installed AtmosphereInterceptor Android Interceptor Support with priority AFTER_DEFAULT 
2026-05-24 15:03:29 [main] INFO  o.a.interceptor.HeartbeatInterceptor - HeartbeatInterceptor configured with padding value 'X', client frequency 0 seconds and server frequency 60 seconds
2026-05-24 15:03:29 [main] INFO  o.atmosphere.cpr.AtmosphereFramework - Installed AtmosphereInterceptor Heartbeat Interceptor Support with priority AFTER_DEFAULT 
2026-05-24 15:03:29 [main] INFO  o.atmosphere.cpr.AtmosphereFramework - Installed AtmosphereInterceptor SSE Interceptor Support with priority AFTER_DEFAULT 
2026-05-24 15:03:29 [main] INFO  o.atmosphere.cpr.AtmosphereFramework - Installed AtmosphereInterceptor JSONP Interceptor Support with priority AFTER_DEFAULT 
2026-05-24 15:03:29 [main] INFO  o.atmosphere.cpr.AtmosphereFramework - Installed AtmosphereInterceptor Atmosphere JavaScript Protocol with priority AFTER_DEFAULT 
2026-05-24 15:03:29 [main] INFO  o.atmosphere.cpr.AtmosphereFramework - Installed AtmosphereInterceptor org.atmosphere.interceptor.WebSocketMessageSuspendInterceptor with priority AFTER_DEFAULT 
2026-05-24 15:03:29 [main] INFO  o.atmosphere.cpr.AtmosphereFramework - Installed AtmosphereInterceptor Browser disconnection detection with priority AFTER_DEFAULT 
2026-05-24 15:03:29 [main] INFO  o.atmosphere.cpr.AtmosphereFramework - Installed AtmosphereInterceptor org.atmosphere.interceptor.IdleResourceInterceptor with priority BEFORE_DEFAULT 
2026-05-24 15:03:29 [main] INFO  o.atmosphere.cpr.AtmosphereFramework - Using EndpointMapper class org.atmosphere.util.DefaultEndpointMapper
2026-05-24 15:03:29 [main] INFO  o.atmosphere.cpr.AtmosphereFramework - Using BroadcasterCache: org.atmosphere.cache.UUIDBroadcasterCache
2026-05-24 15:03:29 [main] INFO  o.atmosphere.cpr.AtmosphereFramework - Default Broadcaster Class: org.atmosphere.cpr.DefaultBroadcaster
2026-05-24 15:03:29 [main] INFO  o.atmosphere.cpr.AtmosphereFramework - Broadcaster Shared List Resources: false
2026-05-24 15:03:29 [main] INFO  o.atmosphere.cpr.AtmosphereFramework - Broadcaster Polling Wait Time 100
2026-05-24 15:03:29 [main] INFO  o.atmosphere.cpr.AtmosphereFramework - Shared ExecutorService supported: true
2026-05-24 15:03:29 [main] INFO  o.atmosphere.cpr.AtmosphereFramework - Messaging ExecutorService Pool Size unavailable - Not instance of ThreadPoolExecutor
2026-05-24 15:03:29 [main] INFO  o.atmosphere.cpr.AtmosphereFramework - Async I/O Thread Pool Size: 200
2026-05-24 15:03:29 [main] INFO  o.atmosphere.cpr.AtmosphereFramework - Using BroadcasterFactory: org.atmosphere.cpr.DefaultBroadcasterFactory
2026-05-24 15:03:29 [main] INFO  o.atmosphere.cpr.AtmosphereFramework - Using AtmosphereResurceFactory: org.atmosphere.cpr.DefaultAtmosphereResourceFactory
2026-05-24 15:03:29 [main] INFO  o.atmosphere.cpr.AtmosphereFramework - Using WebSocketProcessor: org.atmosphere.websocket.DefaultWebSocketProcessor
2026-05-24 15:03:29 [main] INFO  o.atmosphere.cpr.AtmosphereFramework - Invoke AtmosphereInterceptor on WebSocket message true
2026-05-24 15:03:29 [main] INFO  o.atmosphere.cpr.AtmosphereFramework - HttpSession supported: true
2026-05-24 15:03:29 [main] INFO  o.atmosphere.cpr.AtmosphereFramework - Atmosphere is using DefaultAtmosphereObjectFactory for dependency injection and object creation
2026-05-24 15:03:29 [main] INFO  o.atmosphere.cpr.AtmosphereFramework - Atmosphere is using async support: org.atmosphere.container.JSR356AsyncSupport running under container: Apache Tomcat/10.1.16 using jakarta.servlet/3.0 and jsr356/WebSocket API
2026-05-24 15:03:29 [main] INFO  o.atmosphere.cpr.AtmosphereFramework - Atmosphere Framework 3.0.3.slf4jvaadin2 started.
2026-05-24 15:03:29 [main] INFO  o.atmosphere.cpr.AtmosphereFramework - Installed AtmosphereInterceptor  Track Message Size Interceptor using | with priority BEFORE_DEFAULT 
2026-05-24 15:03:29 [main] INFO  o.a.coyote.http11.Http11NioProtocol - Starting ProtocolHandler ["http-nio-8080"]
2026-05-24 15:03:29 [main] INFO  c.v.f.s.DefaultDeploymentConfiguration - 
Vaadin is running in DEVELOPMENT mode - do not use for production deployments.
2026-05-24 15:03:29 [main] INFO  o.s.b.w.e.tomcat.TomcatWebServer - Tomcat started on port 8080 (http) with context path ''
2026-05-24 15:03:29 [main] INFO  com.facturacion.FacturacionApp - Started FacturacionApp in 6.861 seconds (process running for 7.897)
2026-05-24 15:03:29 [main] INFO  com.facturacion.FacturacionApp - Sistema iniciado correctamente en http://localhost:8080
2026-05-24 15:03:31 [http-nio-8080-exec-1] INFO  o.a.c.c.C.[Tomcat].[localhost].[/] - Initializing Spring DispatcherServlet 'dispatcherServlet'
2026-05-24 15:03:31 [http-nio-8080-exec-1] INFO  o.s.web.servlet.DispatcherServlet - Initializing Servlet 'dispatcherServlet'
2026-05-24 15:03:31 [http-nio-8080-exec-1] INFO  o.s.web.servlet.DispatcherServlet - Completed initialization in 0 ms
2026-05-24 15:03:31 [http-nio-8080-exec-1] INFO  c.v.flow.spring.SpringInstantiator - The number of beans implementing 'I18NProvider' is 0. Cannot use Spring beans for I18N, falling back to the default behavior
2026-05-24 15:03:33 [http-nio-8080-exec-2] INFO  c.f.config.DatabaseConnection - Configuración de base de datos cargada correctamente.
2026-05-24 15:03:34 [http-nio-8080-exec-2] INFO  c.f.config.DatabaseConnection - Conexión establecida con: jdbc:postgresql://localhost:5432/Facturacion_db
2026-05-24 15:03:34 [http-nio-8080-exec-2] INFO  c.f.config.DatabaseConnection - Conexión establecida con: jdbc:postgresql://localhost:5432/Facturacion_db
2026-05-24 15:05:14 [main] INFO  com.facturacion.FacturacionApp - Iniciando Sistema de Facturación Electrónica...
2026-05-24 15:05:15 [background-preinit] INFO  o.h.validator.internal.util.Version - HV000001: Hibernate Validator 8.0.1.Final
2026-05-24 15:05:15 [main] INFO  com.facturacion.FacturacionApp - Starting FacturacionApp using Java 21.0.10 with PID 13732 (C:\Users\luis2\OneDrive\Desktop\facturacion-electronica\target\classes started by luis2 in C:\Users\luis2\OneDrive\Desktop\facturacion-electronica)
2026-05-24 15:05:15 [main] DEBUG com.facturacion.FacturacionApp - Running with Spring Boot v3.2.0, Spring v6.1.1
2026-05-24 15:05:15 [main] INFO  com.facturacion.FacturacionApp - No active profile set, falling back to 1 default profile: "default"
2026-05-24 15:05:17 [main] INFO  o.s.b.w.e.tomcat.TomcatWebServer - Tomcat initialized with port 8080 (http)
2026-05-24 15:05:17 [main] INFO  o.a.coyote.http11.Http11NioProtocol - Initializing ProtocolHandler ["http-nio-8080"]
2026-05-24 15:05:17 [main] INFO  o.a.catalina.core.StandardService - Starting service [Tomcat]
2026-05-24 15:05:17 [main] INFO  o.a.catalina.core.StandardEngine - Starting Servlet engine: [Apache Tomcat/10.1.16]
2026-05-24 15:05:17 [main] INFO  o.a.c.c.C.[Tomcat].[localhost].[/] - Initializing Spring embedded WebApplicationContext
2026-05-24 15:05:17 [main] INFO  o.s.b.w.s.c.ServletWebServerApplicationContext - Root WebApplicationContext: initialization completed in 1914 ms
2026-05-24 15:05:19 [main] INFO  c.v.f.s.VaadinServletContextInitializer - Search for subclasses and classes with annotations took 2110 ms
2026-05-24 15:05:20 [main] INFO  c.v.b.d.s.DevModeStartupListener - Starting dev-mode updaters in C:\Users\luis2\OneDrive\Desktop\facturacion-electronica folder.
2026-05-24 15:05:20 [main] INFO  c.v.f.s.f.s.FullDependenciesScanner - Visited 100 classes. Took 31 ms.
2026-05-24 15:05:20 [main] INFO  c.v.f.s.f.BundleValidationUtil - Checking if a development mode bundle build is needed
2026-05-24 15:05:20 [main] INFO  c.v.f.s.f.BundleValidationUtil - A development mode bundle build is not needed
2026-05-24 15:05:20 [ForkJoinPool.commonPool-worker-1] INFO  c.v.f.s.f.TaskCopyFrontendFiles - Copying frontend resources from jar files ...
2026-05-24 15:05:21 [ForkJoinPool.commonPool-worker-1] INFO  c.v.f.s.f.TaskCopyFrontendFiles - Visited 18 resources. Took 235 ms.
2026-05-24 15:05:21 [main] INFO  o.atmosphere.cpr.AtmosphereFramework - Installed AtmosphereHandler com.vaadin.flow.server.communication.PushAtmosphereHandler mapped to context-path: /*
2026-05-24 15:05:21 [main] INFO  o.atmosphere.cpr.AtmosphereFramework - Installed the following AtmosphereInterceptor mapped to AtmosphereHandler com.vaadin.flow.server.communication.PushAtmosphereHandler
2026-05-24 15:05:21 [main] INFO  o.atmosphere.cpr.AtmosphereFramework - Atmosphere is using org.atmosphere.util.VoidAnnotationProcessor for processing annotation
2026-05-24 15:05:21 [main] INFO  org.atmosphere.util.ForkJoinPool - Using ForkJoinPool  java.util.concurrent.ForkJoinPool. Set the org.atmosphere.cpr.broadcaster.maxAsyncWriteThreads to -1 to fully use its power.
2026-05-24 15:05:21 [main] INFO  o.atmosphere.cpr.AtmosphereFramework - Installed WebSocketProtocol org.atmosphere.websocket.protocol.SimpleHttpProtocol 
2026-05-24 15:05:21 [main] INFO  o.a.container.JSR356AsyncSupport - JSR 356 Mapping path /VAADIN/push
2026-05-24 15:05:21 [main] INFO  o.atmosphere.cpr.AtmosphereFramework - Installing Default AtmosphereInterceptors
2026-05-24 15:05:21 [main] INFO  o.atmosphere.cpr.AtmosphereFramework - 	org.atmosphere.interceptor.CorsInterceptor : CORS Interceptor Support
2026-05-24 15:05:21 [main] INFO  o.atmosphere.cpr.AtmosphereFramework - 	org.atmosphere.interceptor.CacheHeadersInterceptor : Default Response's Headers Interceptor
2026-05-24 15:05:21 [main] INFO  o.atmosphere.cpr.AtmosphereFramework - 	org.atmosphere.interceptor.PaddingAtmosphereInterceptor : Browser Padding Interceptor Support
2026-05-24 15:05:21 [main] INFO  o.atmosphere.cpr.AtmosphereFramework - 	org.atmosphere.interceptor.AndroidAtmosphereInterceptor : Android Interceptor Support
2026-05-24 15:05:21 [main] INFO  o.atmosphere.cpr.AtmosphereFramework - 	org.atmosphere.interceptor.HeartbeatInterceptor : Heartbeat Interceptor Support
2026-05-24 15:05:21 [main] INFO  o.atmosphere.cpr.AtmosphereFramework - 	org.atmosphere.interceptor.SSEAtmosphereInterceptor : SSE Interceptor Support
2026-05-24 15:05:21 [main] INFO  o.atmosphere.cpr.AtmosphereFramework - 	org.atmosphere.interceptor.JSONPAtmosphereInterceptor : JSONP Interceptor Support
2026-05-24 15:05:21 [main] INFO  o.atmosphere.cpr.AtmosphereFramework - 	org.atmosphere.interceptor.JavaScriptProtocol : Atmosphere JavaScript Protocol
2026-05-24 15:05:21 [main] INFO  o.atmosphere.cpr.AtmosphereFramework - 	org.atmosphere.interceptor.WebSocketMessageSuspendInterceptor : org.atmosphere.interceptor.WebSocketMessageSuspendInterceptor
2026-05-24 15:05:21 [main] INFO  o.atmosphere.cpr.AtmosphereFramework - 	org.atmosphere.interceptor.OnDisconnectInterceptor : Browser disconnection detection
2026-05-24 15:05:21 [main] INFO  o.atmosphere.cpr.AtmosphereFramework - 	org.atmosphere.interceptor.IdleResourceInterceptor : org.atmosphere.interceptor.IdleResourceInterceptor
2026-05-24 15:05:21 [main] INFO  o.atmosphere.cpr.AtmosphereFramework - Set org.atmosphere.cpr.AtmosphereInterceptor.disableDefaults to disable them.
2026-05-24 15:05:21 [main] INFO  o.atmosphere.cpr.AtmosphereFramework - Installed AtmosphereInterceptor CORS Interceptor Support with priority FIRST_BEFORE_DEFAULT 
2026-05-24 15:05:21 [main] INFO  o.atmosphere.cpr.AtmosphereFramework - Installed AtmosphereInterceptor Default Response's Headers Interceptor with priority AFTER_DEFAULT 
2026-05-24 15:05:21 [main] INFO  o.atmosphere.cpr.AtmosphereFramework - Installed AtmosphereInterceptor Browser Padding Interceptor Support with priority AFTER_DEFAULT 
2026-05-24 15:05:21 [main] INFO  o.atmosphere.cpr.AtmosphereFramework - Installed AtmosphereInterceptor Android Interceptor Support with priority AFTER_DEFAULT 
2026-05-24 15:05:21 [main] INFO  o.a.interceptor.HeartbeatInterceptor - HeartbeatInterceptor configured with padding value 'X', client frequency 0 seconds and server frequency 60 seconds
2026-05-24 15:05:21 [main] INFO  o.atmosphere.cpr.AtmosphereFramework - Installed AtmosphereInterceptor Heartbeat Interceptor Support with priority AFTER_DEFAULT 
2026-05-24 15:05:21 [main] INFO  o.atmosphere.cpr.AtmosphereFramework - Installed AtmosphereInterceptor SSE Interceptor Support with priority AFTER_DEFAULT 
2026-05-24 15:05:21 [main] INFO  o.atmosphere.cpr.AtmosphereFramework - Installed AtmosphereInterceptor JSONP Interceptor Support with priority AFTER_DEFAULT 
2026-05-24 15:05:21 [main] INFO  o.atmosphere.cpr.AtmosphereFramework - Installed AtmosphereInterceptor Atmosphere JavaScript Protocol with priority AFTER_DEFAULT 
2026-05-24 15:05:21 [main] INFO  o.atmosphere.cpr.AtmosphereFramework - Installed AtmosphereInterceptor org.atmosphere.interceptor.WebSocketMessageSuspendInterceptor with priority AFTER_DEFAULT 
2026-05-24 15:05:21 [main] INFO  o.atmosphere.cpr.AtmosphereFramework - Installed AtmosphereInterceptor Browser disconnection detection with priority AFTER_DEFAULT 
2026-05-24 15:05:21 [main] INFO  o.atmosphere.cpr.AtmosphereFramework - Installed AtmosphereInterceptor org.atmosphere.interceptor.IdleResourceInterceptor with priority BEFORE_DEFAULT 
2026-05-24 15:05:21 [main] INFO  o.atmosphere.cpr.AtmosphereFramework - Using EndpointMapper class org.atmosphere.util.DefaultEndpointMapper
2026-05-24 15:05:21 [main] INFO  o.atmosphere.cpr.AtmosphereFramework - Using BroadcasterCache: org.atmosphere.cache.UUIDBroadcasterCache
2026-05-24 15:05:21 [main] INFO  o.atmosphere.cpr.AtmosphereFramework - Default Broadcaster Class: org.atmosphere.cpr.DefaultBroadcaster
2026-05-24 15:05:21 [main] INFO  o.atmosphere.cpr.AtmosphereFramework - Broadcaster Shared List Resources: false
2026-05-24 15:05:21 [main] INFO  o.atmosphere.cpr.AtmosphereFramework - Broadcaster Polling Wait Time 100
2026-05-24 15:05:21 [main] INFO  o.atmosphere.cpr.AtmosphereFramework - Shared ExecutorService supported: true
2026-05-24 15:05:21 [main] INFO  o.atmosphere.cpr.AtmosphereFramework - Messaging ExecutorService Pool Size unavailable - Not instance of ThreadPoolExecutor
2026-05-24 15:05:21 [main] INFO  o.atmosphere.cpr.AtmosphereFramework - Async I/O Thread Pool Size: 200
2026-05-24 15:05:21 [main] INFO  o.atmosphere.cpr.AtmosphereFramework - Using BroadcasterFactory: org.atmosphere.cpr.DefaultBroadcasterFactory
2026-05-24 15:05:21 [main] INFO  o.atmosphere.cpr.AtmosphereFramework - Using AtmosphereResurceFactory: org.atmosphere.cpr.DefaultAtmosphereResourceFactory
2026-05-24 15:05:21 [main] INFO  o.atmosphere.cpr.AtmosphereFramework - Using WebSocketProcessor: org.atmosphere.websocket.DefaultWebSocketProcessor
2026-05-24 15:05:21 [main] INFO  o.atmosphere.cpr.AtmosphereFramework - Invoke AtmosphereInterceptor on WebSocket message true
2026-05-24 15:05:21 [main] INFO  o.atmosphere.cpr.AtmosphereFramework - HttpSession supported: true
2026-05-24 15:05:21 [main] INFO  o.atmosphere.cpr.AtmosphereFramework - Atmosphere is using DefaultAtmosphereObjectFactory for dependency injection and object creation
2026-05-24 15:05:21 [main] INFO  o.atmosphere.cpr.AtmosphereFramework - Atmosphere is using async support: org.atmosphere.container.JSR356AsyncSupport running under container: Apache Tomcat/10.1.16 using jakarta.servlet/3.0 and jsr356/WebSocket API
2026-05-24 15:05:21 [main] INFO  o.atmosphere.cpr.AtmosphereFramework - Atmosphere Framework 3.0.3.slf4jvaadin2 started.
2026-05-24 15:05:21 [main] INFO  o.atmosphere.cpr.AtmosphereFramework - Installed AtmosphereInterceptor  Track Message Size Interceptor using | with priority BEFORE_DEFAULT 
2026-05-24 15:05:21 [main] INFO  o.a.coyote.http11.Http11NioProtocol - Starting ProtocolHandler ["http-nio-8080"]
2026-05-24 15:05:21 [main] INFO  c.v.f.s.DefaultDeploymentConfiguration - 
Vaadin is running in DEVELOPMENT mode - do not use for production deployments.
2026-05-24 15:05:21 [main] INFO  o.s.b.w.e.tomcat.TomcatWebServer - Tomcat started on port 8080 (http) with context path ''
2026-05-24 15:05:21 [main] INFO  com.facturacion.FacturacionApp - Started FacturacionApp in 6.733 seconds (process running for 7.966)
2026-05-24 15:05:21 [main] INFO  com.facturacion.FacturacionApp - Sistema iniciado correctamente en http://localhost:8080
2026-05-24 15:05:23 [http-nio-8080-exec-1] INFO  o.a.c.c.C.[Tomcat].[localhost].[/] - Initializing Spring DispatcherServlet 'dispatcherServlet'
2026-05-24 15:05:23 [http-nio-8080-exec-1] INFO  o.s.web.servlet.DispatcherServlet - Initializing Servlet 'dispatcherServlet'
2026-05-24 15:05:23 [http-nio-8080-exec-1] INFO  o.s.web.servlet.DispatcherServlet - Completed initialization in 5 ms
2026-05-24 15:05:23 [http-nio-8080-exec-1] INFO  c.v.flow.spring.SpringInstantiator - The number of beans implementing 'I18NProvider' is 0. Cannot use Spring beans for I18N, falling back to the default behavior
2026-05-24 15:05:25 [http-nio-8080-exec-2] INFO  c.f.config.DatabaseConnection - Configuración de base de datos cargada correctamente.
2026-05-24 15:05:26 [http-nio-8080-exec-2] INFO  c.f.config.DatabaseConnection - Conexión establecida con: jdbc:postgresql://localhost:5432/Facturacion_db
2026-05-24 15:05:26 [http-nio-8080-exec-2] INFO  c.f.config.DatabaseConnection - Conexión establecida con: jdbc:postgresql://localhost:5432/Facturacion_db
2026-05-24 15:08:17 [main] INFO  com.facturacion.FacturacionApp - Iniciando Sistema de Facturación Electrónica...
2026-05-24 15:08:17 [background-preinit] INFO  o.h.validator.internal.util.Version - HV000001: Hibernate Validator 8.0.1.Final
2026-05-24 15:08:17 [main] INFO  com.facturacion.FacturacionApp - Starting FacturacionApp using Java 21.0.10 with PID 23424 (C:\Users\luis2\OneDrive\Desktop\facturacion-electronica\target\classes started by luis2 in C:\Users\luis2\OneDrive\Desktop\facturacion-electronica)
2026-05-24 15:08:17 [main] DEBUG com.facturacion.FacturacionApp - Running with Spring Boot v3.2.0, Spring v6.1.1
2026-05-24 15:08:17 [main] INFO  com.facturacion.FacturacionApp - No active profile set, falling back to 1 default profile: "default"
2026-05-24 15:08:19 [main] INFO  o.s.b.w.e.tomcat.TomcatWebServer - Tomcat initialized with port 8080 (http)
2026-05-24 15:08:19 [main] INFO  o.a.coyote.http11.Http11NioProtocol - Initializing ProtocolHandler ["http-nio-8080"]
2026-05-24 15:08:19 [main] INFO  o.a.catalina.core.StandardService - Starting service [Tomcat]
2026-05-24 15:08:19 [main] INFO  o.a.catalina.core.StandardEngine - Starting Servlet engine: [Apache Tomcat/10.1.16]
2026-05-24 15:08:20 [main] INFO  o.a.c.c.C.[Tomcat].[localhost].[/] - Initializing Spring embedded WebApplicationContext
2026-05-24 15:08:20 [main] INFO  o.s.b.w.s.c.ServletWebServerApplicationContext - Root WebApplicationContext: initialization completed in 2048 ms
2026-05-24 15:08:22 [main] INFO  c.v.f.s.VaadinServletContextInitializer - Search for subclasses and classes with annotations took 2241 ms
2026-05-24 15:08:23 [main] INFO  c.v.b.d.s.DevModeStartupListener - Starting dev-mode updaters in C:\Users\luis2\OneDrive\Desktop\facturacion-electronica folder.
2026-05-24 15:08:23 [main] INFO  c.v.f.s.f.s.FullDependenciesScanner - Visited 100 classes. Took 23 ms.
2026-05-24 15:08:23 [main] INFO  c.v.f.s.f.BundleValidationUtil - Checking if a development mode bundle build is needed
2026-05-24 15:08:23 [main] INFO  c.v.f.s.f.BundleValidationUtil - A development mode bundle build is not needed
2026-05-24 15:08:23 [ForkJoinPool.commonPool-worker-1] INFO  c.v.f.s.f.TaskCopyFrontendFiles - Copying frontend resources from jar files ...
2026-05-24 15:08:23 [ForkJoinPool.commonPool-worker-1] INFO  c.v.f.s.f.TaskCopyFrontendFiles - Visited 18 resources. Took 226 ms.
2026-05-24 15:08:24 [main] INFO  o.atmosphere.cpr.AtmosphereFramework - Installed AtmosphereHandler com.vaadin.flow.server.communication.PushAtmosphereHandler mapped to context-path: /*
2026-05-24 15:08:24 [main] INFO  o.atmosphere.cpr.AtmosphereFramework - Installed the following AtmosphereInterceptor mapped to AtmosphereHandler com.vaadin.flow.server.communication.PushAtmosphereHandler
2026-05-24 15:08:24 [main] INFO  o.atmosphere.cpr.AtmosphereFramework - Atmosphere is using org.atmosphere.util.VoidAnnotationProcessor for processing annotation
2026-05-24 15:08:24 [main] INFO  org.atmosphere.util.ForkJoinPool - Using ForkJoinPool  java.util.concurrent.ForkJoinPool. Set the org.atmosphere.cpr.broadcaster.maxAsyncWriteThreads to -1 to fully use its power.
2026-05-24 15:08:24 [main] INFO  o.atmosphere.cpr.AtmosphereFramework - Installed WebSocketProtocol org.atmosphere.websocket.protocol.SimpleHttpProtocol 
2026-05-24 15:08:24 [main] INFO  o.a.container.JSR356AsyncSupport - JSR 356 Mapping path /VAADIN/push
2026-05-24 15:08:24 [main] INFO  o.atmosphere.cpr.AtmosphereFramework - Installing Default AtmosphereInterceptors
2026-05-24 15:08:24 [main] INFO  o.atmosphere.cpr.AtmosphereFramework - 	org.atmosphere.interceptor.CorsInterceptor : CORS Interceptor Support
2026-05-24 15:08:24 [main] INFO  o.atmosphere.cpr.AtmosphereFramework - 	org.atmosphere.interceptor.CacheHeadersInterceptor : Default Response's Headers Interceptor
2026-05-24 15:08:24 [main] INFO  o.atmosphere.cpr.AtmosphereFramework - 	org.atmosphere.interceptor.PaddingAtmosphereInterceptor : Browser Padding Interceptor Support
2026-05-24 15:08:24 [main] INFO  o.atmosphere.cpr.AtmosphereFramework - 	org.atmosphere.interceptor.AndroidAtmosphereInterceptor : Android Interceptor Support
2026-05-24 15:08:24 [main] INFO  o.atmosphere.cpr.AtmosphereFramework - 	org.atmosphere.interceptor.HeartbeatInterceptor : Heartbeat Interceptor Support
2026-05-24 15:08:24 [main] INFO  o.atmosphere.cpr.AtmosphereFramework - 	org.atmosphere.interceptor.SSEAtmosphereInterceptor : SSE Interceptor Support
2026-05-24 15:08:24 [main] INFO  o.atmosphere.cpr.AtmosphereFramework - 	org.atmosphere.interceptor.JSONPAtmosphereInterceptor : JSONP Interceptor Support
2026-05-24 15:08:24 [main] INFO  o.atmosphere.cpr.AtmosphereFramework - 	org.atmosphere.interceptor.JavaScriptProtocol : Atmosphere JavaScript Protocol
2026-05-24 15:08:24 [main] INFO  o.atmosphere.cpr.AtmosphereFramework - 	org.atmosphere.interceptor.WebSocketMessageSuspendInterceptor : org.atmosphere.interceptor.WebSocketMessageSuspendInterceptor
2026-05-24 15:08:24 [main] INFO  o.atmosphere.cpr.AtmosphereFramework - 	org.atmosphere.interceptor.OnDisconnectInterceptor : Browser disconnection detection
2026-05-24 15:08:24 [main] INFO  o.atmosphere.cpr.AtmosphereFramework - 	org.atmosphere.interceptor.IdleResourceInterceptor : org.atmosphere.interceptor.IdleResourceInterceptor
2026-05-24 15:08:24 [main] INFO  o.atmosphere.cpr.AtmosphereFramework - Set org.atmosphere.cpr.AtmosphereInterceptor.disableDefaults to disable them.
2026-05-24 15:08:24 [main] INFO  o.atmosphere.cpr.AtmosphereFramework - Installed AtmosphereInterceptor CORS Interceptor Support with priority FIRST_BEFORE_DEFAULT 
2026-05-24 15:08:24 [main] INFO  o.atmosphere.cpr.AtmosphereFramework - Installed AtmosphereInterceptor Default Response's Headers Interceptor with priority AFTER_DEFAULT 
2026-05-24 15:08:24 [main] INFO  o.atmosphere.cpr.AtmosphereFramework - Installed AtmosphereInterceptor Browser Padding Interceptor Support with priority AFTER_DEFAULT 
2026-05-24 15:08:24 [main] INFO  o.atmosphere.cpr.AtmosphereFramework - Installed AtmosphereInterceptor Android Interceptor Support with priority AFTER_DEFAULT 
2026-05-24 15:08:24 [main] INFO  o.a.interceptor.HeartbeatInterceptor - HeartbeatInterceptor configured with padding value 'X', client frequency 0 seconds and server frequency 60 seconds
2026-05-24 15:08:24 [main] INFO  o.atmosphere.cpr.AtmosphereFramework - Installed AtmosphereInterceptor Heartbeat Interceptor Support with priority AFTER_DEFAULT 
2026-05-24 15:08:24 [main] INFO  o.atmosphere.cpr.AtmosphereFramework - Installed AtmosphereInterceptor SSE Interceptor Support with priority AFTER_DEFAULT 
2026-05-24 15:08:24 [main] INFO  o.atmosphere.cpr.AtmosphereFramework - Installed AtmosphereInterceptor JSONP Interceptor Support with priority AFTER_DEFAULT 
2026-05-24 15:08:24 [main] INFO  o.atmosphere.cpr.AtmosphereFramework - Installed AtmosphereInterceptor Atmosphere JavaScript Protocol with priority AFTER_DEFAULT 
2026-05-24 15:08:24 [main] INFO  o.atmosphere.cpr.AtmosphereFramework - Installed AtmosphereInterceptor org.atmosphere.interceptor.WebSocketMessageSuspendInterceptor with priority AFTER_DEFAULT 
2026-05-24 15:08:24 [main] INFO  o.atmosphere.cpr.AtmosphereFramework - Installed AtmosphereInterceptor Browser disconnection detection with priority AFTER_DEFAULT 
2026-05-24 15:08:24 [main] INFO  o.atmosphere.cpr.AtmosphereFramework - Installed AtmosphereInterceptor org.atmosphere.interceptor.IdleResourceInterceptor with priority BEFORE_DEFAULT 
2026-05-24 15:08:24 [main] INFO  o.atmosphere.cpr.AtmosphereFramework - Using EndpointMapper class org.atmosphere.util.DefaultEndpointMapper
2026-05-24 15:08:24 [main] INFO  o.atmosphere.cpr.AtmosphereFramework - Using BroadcasterCache: org.atmosphere.cache.UUIDBroadcasterCache
2026-05-24 15:08:24 [main] INFO  o.atmosphere.cpr.AtmosphereFramework - Default Broadcaster Class: org.atmosphere.cpr.DefaultBroadcaster
2026-05-24 15:08:24 [main] INFO  o.atmosphere.cpr.AtmosphereFramework - Broadcaster Shared List Resources: false
2026-05-24 15:08:24 [main] INFO  o.atmosphere.cpr.AtmosphereFramework - Broadcaster Polling Wait Time 100
2026-05-24 15:08:24 [main] INFO  o.atmosphere.cpr.AtmosphereFramework - Shared ExecutorService supported: true
2026-05-24 15:08:24 [main] INFO  o.atmosphere.cpr.AtmosphereFramework - Messaging ExecutorService Pool Size unavailable - Not instance of ThreadPoolExecutor
2026-05-24 15:08:24 [main] INFO  o.atmosphere.cpr.AtmosphereFramework - Async I/O Thread Pool Size: 200
2026-05-24 15:08:24 [main] INFO  o.atmosphere.cpr.AtmosphereFramework - Using BroadcasterFactory: org.atmosphere.cpr.DefaultBroadcasterFactory
2026-05-24 15:08:24 [main] INFO  o.atmosphere.cpr.AtmosphereFramework - Using AtmosphereResurceFactory: org.atmosphere.cpr.DefaultAtmosphereResourceFactory
2026-05-24 15:08:24 [main] INFO  o.atmosphere.cpr.AtmosphereFramework - Using WebSocketProcessor: org.atmosphere.websocket.DefaultWebSocketProcessor
2026-05-24 15:08:24 [main] INFO  o.atmosphere.cpr.AtmosphereFramework - Invoke AtmosphereInterceptor on WebSocket message true
2026-05-24 15:08:24 [main] INFO  o.atmosphere.cpr.AtmosphereFramework - HttpSession supported: true
2026-05-24 15:08:24 [main] INFO  o.atmosphere.cpr.AtmosphereFramework - Atmosphere is using DefaultAtmosphereObjectFactory for dependency injection and object creation
2026-05-24 15:08:24 [main] INFO  o.atmosphere.cpr.AtmosphereFramework - Atmosphere is using async support: org.atmosphere.container.JSR356AsyncSupport running under container: Apache Tomcat/10.1.16 using jakarta.servlet/3.0 and jsr356/WebSocket API
2026-05-24 15:08:24 [main] INFO  o.atmosphere.cpr.AtmosphereFramework - Atmosphere Framework 3.0.3.slf4jvaadin2 started.
2026-05-24 15:08:24 [main] INFO  o.atmosphere.cpr.AtmosphereFramework - Installed AtmosphereInterceptor  Track Message Size Interceptor using | with priority BEFORE_DEFAULT 
2026-05-24 15:08:24 [main] INFO  o.a.coyote.http11.Http11NioProtocol - Starting ProtocolHandler ["http-nio-8080"]
2026-05-24 15:08:24 [main] INFO  c.v.f.s.DefaultDeploymentConfiguration - 
Vaadin is running in DEVELOPMENT mode - do not use for production deployments.
2026-05-24 15:08:24 [main] INFO  o.s.b.w.e.tomcat.TomcatWebServer - Tomcat started on port 8080 (http) with context path ''
2026-05-24 15:08:24 [main] INFO  com.facturacion.FacturacionApp - Started FacturacionApp in 6.998 seconds (process running for 8.126)
2026-05-24 15:08:24 [main] INFO  com.facturacion.FacturacionApp - Sistema iniciado correctamente en http://localhost:8080
2026-05-24 15:08:26 [http-nio-8080-exec-2] INFO  o.a.c.c.C.[Tomcat].[localhost].[/] - Initializing Spring DispatcherServlet 'dispatcherServlet'
2026-05-24 15:08:26 [http-nio-8080-exec-2] INFO  o.s.web.servlet.DispatcherServlet - Initializing Servlet 'dispatcherServlet'
2026-05-24 15:08:26 [http-nio-8080-exec-2] INFO  o.s.web.servlet.DispatcherServlet - Completed initialization in 0 ms
2026-05-24 15:08:26 [http-nio-8080-exec-2] INFO  c.v.flow.spring.SpringInstantiator - The number of beans implementing 'I18NProvider' is 0. Cannot use Spring beans for I18N, falling back to the default behavior
2026-05-24 15:08:28 [http-nio-8080-exec-1] INFO  c.f.config.DatabaseConnection - Configuración de base de datos cargada correctamente.
2026-05-24 15:08:28 [http-nio-8080-exec-1] INFO  c.f.config.DatabaseConnection - Conexión establecida con: jdbc:postgresql://localhost:5432/Facturacion_db
2026-05-24 15:08:28 [http-nio-8080-exec-1] INFO  c.f.config.DatabaseConnection - Conexión establecida con: jdbc:postgresql://localhost:5432/Facturacion_db
2026-05-24 15:09:22 [http-nio-8080-exec-1] INFO  c.f.config.DatabaseConnection - Conexión establecida con: jdbc:postgresql://localhost:5432/Facturacion_db
2026-05-24 15:09:22 [http-nio-8080-exec-1] INFO  c.f.config.DatabaseConnection - Conexión establecida con: jdbc:postgresql://localhost:5432/Facturacion_db
2026-05-24 15:09:22 [http-nio-8080-exec-1] INFO  c.f.config.DatabaseConnection - Conexión establecida con: jdbc:postgresql://localhost:5432/Facturacion_db
2026-05-24 15:09:23 [http-nio-8080-exec-1] INFO  c.f.config.DatabaseConnection - Conexión establecida con: jdbc:postgresql://localhost:5432/Facturacion_db
2026-05-24 15:09:23 [http-nio-8080-exec-1] ERROR com.facturacion.dao.FacturaDAO - Error al guardar factura, haciendo rollback: Cannot invoke "com.facturacion.model.Empleado.getId()" because the return value of "com.facturacion.model.Factura.getEmpleado()" is null
java.lang.NullPointerException: Cannot invoke "com.facturacion.model.Empleado.getId()" because the return value of "com.facturacion.model.Factura.getEmpleado()" is null
	at com.facturacion.dao.FacturaDAO.insertarCabecera(FacturaDAO.java:68)
	at com.facturacion.dao.FacturaDAO.guardar(FacturaDAO.java:33)
	at com.facturacion.service.FacturacionService.crearFactura(FacturacionService.java:69)
	at com.facturacion.ui.views.FacturacionView.generarFactura(FacturacionView.java:333)
	at com.facturacion.ui.views.FacturacionView.lambda$panelResumen$8131ad3b$1(FacturacionView.java:229)
	at com.vaadin.flow.component.ComponentEventBus.fireEventForListener(ComponentEventBus.java:239)
	at com.vaadin.flow.component.ComponentEventBus.handleDomEvent(ComponentEventBus.java:488)
	at com.vaadin.flow.component.ComponentEventBus.lambda$addDomTrigger$dd1b7957$1(ComponentEventBus.java:298)
	at com.vaadin.flow.internal.nodefeature.ElementListenerMap.lambda$fireEvent$2(ElementListenerMap.java:447)
	at java.base/java.util.ArrayList.forEach(ArrayList.java:1596)
	at com.vaadin.flow.internal.nodefeature.ElementListenerMap.fireEvent(ElementListenerMap.java:447)
	at com.vaadin.flow.server.communication.rpc.EventRpcHandler.handleNode(EventRpcHandler.java:62)
	at com.vaadin.flow.server.communication.rpc.AbstractRpcInvocationHandler.handle(AbstractRpcInvocationHandler.java:74)
	at com.vaadin.flow.server.communication.ServerRpcHandler.handleInvocationData(ServerRpcHandler.java:466)
	at com.vaadin.flow.server.communication.ServerRpcHandler.lambda$handleInvocations$4(ServerRpcHandler.java:447)
	at java.base/java.util.ArrayList.forEach(ArrayList.java:1596)
	at com.vaadin.flow.server.communication.ServerRpcHandler.handleInvocations(ServerRpcHandler.java:447)
	at com.vaadin.flow.server.communication.ServerRpcHandler.handleRpc(ServerRpcHandler.java:324)
	at com.vaadin.flow.server.communication.UidlRequestHandler.synchronizedHandleRequest(UidlRequestHandler.java:114)
	at com.vaadin.flow.server.SynchronizedRequestHandler.handleRequest(SynchronizedRequestHandler.java:40)
	at com.vaadin.flow.server.VaadinService.handleRequest(VaadinService.java:1573)
	at com.vaadin.flow.server.VaadinServlet.service(VaadinServlet.java:398)
	at com.vaadin.flow.spring.SpringServlet.service(SpringServlet.java:106)
	at jakarta.servlet.http.HttpServlet.service(HttpServlet.java:658)
	at org.apache.catalina.core.ApplicationFilterChain.internalDoFilter(ApplicationFilterChain.java:205)
	at org.apache.catalina.core.ApplicationFilterChain.doFilter(ApplicationFilterChain.java:149)
	at org.apache.catalina.core.ApplicationDispatcher.invoke(ApplicationDispatcher.java:642)
	at org.apache.catalina.core.ApplicationDispatcher.processRequest(ApplicationDispatcher.java:408)
	at org.apache.catalina.core.ApplicationDispatcher.doForward(ApplicationDispatcher.java:313)
	at org.apache.catalina.core.ApplicationDispatcher.forward(ApplicationDispatcher.java:277)
	at org.springframework.web.servlet.mvc.ServletForwardingController.handleRequestInternal(ServletForwardingController.java:141)
	at org.springframework.web.servlet.mvc.AbstractController.handleRequest(AbstractController.java:178)
	at org.springframework.web.servlet.mvc.SimpleControllerHandlerAdapter.handle(SimpleControllerHandlerAdapter.java:51)
	at org.springframework.web.servlet.DispatcherServlet.doDispatch(DispatcherServlet.java:1089)
	at org.springframework.web.servlet.DispatcherServlet.doService(DispatcherServlet.java:979)
	at org.springframework.web.servlet.FrameworkServlet.processRequest(FrameworkServlet.java:1014)
	at org.springframework.web.servlet.FrameworkServlet.doPost(FrameworkServlet.java:914)
	at jakarta.servlet.http.HttpServlet.service(HttpServlet.java:590)
	at org.springframework.web.servlet.FrameworkServlet.service(FrameworkServlet.java:885)
	at jakarta.servlet.http.HttpServlet.service(HttpServlet.java:658)
	at org.apache.catalina.core.ApplicationFilterChain.internalDoFilter(ApplicationFilterChain.java:205)
	at org.apache.catalina.core.ApplicationFilterChain.doFilter(ApplicationFilterChain.java:149)
	at org.apache.tomcat.websocket.server.WsFilter.doFilter(WsFilter.java:51)
	at org.apache.catalina.core.ApplicationFilterChain.internalDoFilter(ApplicationFilterChain.java:174)
	at org.apache.catalina.core.ApplicationFilterChain.doFilter(ApplicationFilterChain.java:149)
	at org.springframework.web.filter.RequestContextFilter.doFilterInternal(RequestContextFilter.java:100)
	at org.springframework.web.filter.OncePerRequestFilter.doFilter(OncePerRequestFilter.java:116)
	at org.apache.catalina.core.ApplicationFilterChain.internalDoFilter(ApplicationFilterChain.java:174)
	at org.apache.catalina.core.ApplicationFilterChain.doFilter(ApplicationFilterChain.java:149)
	at org.springframework.web.filter.FormContentFilter.doFilterInternal(FormContentFilter.java:93)
	at org.springframework.web.filter.OncePerRequestFilter.doFilter(OncePerRequestFilter.java:116)
	at org.apache.catalina.core.ApplicationFilterChain.internalDoFilter(ApplicationFilterChain.java:174)
	at org.apache.catalina.core.ApplicationFilterChain.doFilter(ApplicationFilterChain.java:149)
	at org.springframework.web.filter.CharacterEncodingFilter.doFilterInternal(CharacterEncodingFilter.java:201)
	at org.springframework.web.filter.OncePerRequestFilter.doFilter(OncePerRequestFilter.java:116)
	at org.apache.catalina.core.ApplicationFilterChain.internalDoFilter(ApplicationFilterChain.java:174)
	at org.apache.catalina.core.ApplicationFilterChain.doFilter(ApplicationFilterChain.java:149)
	at org.apache.catalina.core.StandardWrapperValve.invoke(StandardWrapperValve.java:167)
	at org.apache.catalina.core.StandardContextValve.invoke(StandardContextValve.java:90)
	at org.apache.catalina.authenticator.AuthenticatorBase.invoke(AuthenticatorBase.java:482)
	at org.apache.catalina.core.StandardHostValve.invoke(StandardHostValve.java:115)
	at org.apache.catalina.valves.ErrorReportValve.invoke(ErrorReportValve.java:93)
	at org.apache.catalina.core.StandardEngineValve.invoke(StandardEngineValve.java:74)
	at org.apache.catalina.connector.CoyoteAdapter.service(CoyoteAdapter.java:340)
	at org.apache.coyote.http11.Http11Processor.service(Http11Processor.java:391)
	at org.apache.coyote.AbstractProcessorLight.process(AbstractProcessorLight.java:63)
	at org.apache.coyote.AbstractProtocol$ConnectionHandler.process(AbstractProtocol.java:896)
	at org.apache.tomcat.util.net.NioEndpoint$SocketProcessor.doRun(NioEndpoint.java:1744)
	at org.apache.tomcat.util.net.SocketProcessorBase.run(SocketProcessorBase.java:52)
	at org.apache.tomcat.util.threads.ThreadPoolExecutor.runWorker(ThreadPoolExecutor.java:1191)
	at org.apache.tomcat.util.threads.ThreadPoolExecutor$Worker.run(ThreadPoolExecutor.java:659)
	at org.apache.tomcat.util.threads.TaskThread$WrappingRunnable.run(TaskThread.java:61)
	at java.base/java.lang.Thread.run(Thread.java:1583)
2026-05-24 15:11:45 [http-nio-8080-exec-5] INFO  c.f.config.DatabaseConnection - Conexión establecida con: jdbc:postgresql://localhost:5432/Facturacion_db
2026-05-24 15:11:45 [http-nio-8080-exec-5] INFO  c.f.config.DatabaseConnection - Conexión establecida con: jdbc:postgresql://localhost:5432/Facturacion_db
2026-05-24 15:11:58 [http-nio-8080-exec-2] INFO  c.f.config.DatabaseConnection - Conexión establecida con: jdbc:postgresql://localhost:5432/Facturacion_db
2026-05-24 15:11:59 [http-nio-8080-exec-2] INFO  c.f.config.DatabaseConnection - Conexión establecida con: jdbc:postgresql://localhost:5432/Facturacion_db
2026-05-24 15:11:59 [http-nio-8080-exec-2] ERROR com.facturacion.dao.FacturaDAO - Error al guardar factura, haciendo rollback: Cannot invoke "com.facturacion.model.Empleado.getId()" because the return value of "com.facturacion.model.Factura.getEmpleado()" is null
java.lang.NullPointerException: Cannot invoke "com.facturacion.model.Empleado.getId()" because the return value of "com.facturacion.model.Factura.getEmpleado()" is null
	at com.facturacion.dao.FacturaDAO.insertarCabecera(FacturaDAO.java:68)
	at com.facturacion.dao.FacturaDAO.guardar(FacturaDAO.java:33)
	at com.facturacion.service.FacturacionService.crearFactura(FacturacionService.java:69)
	at com.facturacion.ui.views.FacturacionView.generarFactura(FacturacionView.java:333)
	at com.facturacion.ui.views.FacturacionView.lambda$panelResumen$8131ad3b$1(FacturacionView.java:229)
	at com.vaadin.flow.component.ComponentEventBus.fireEventForListener(ComponentEventBus.java:239)
	at com.vaadin.flow.component.ComponentEventBus.handleDomEvent(ComponentEventBus.java:488)
	at com.vaadin.flow.component.ComponentEventBus.lambda$addDomTrigger$dd1b7957$1(ComponentEventBus.java:298)
	at com.vaadin.flow.internal.nodefeature.ElementListenerMap.lambda$fireEvent$2(ElementListenerMap.java:447)
	at java.base/java.util.ArrayList.forEach(ArrayList.java:1596)
	at com.vaadin.flow.internal.nodefeature.ElementListenerMap.fireEvent(ElementListenerMap.java:447)
	at com.vaadin.flow.server.communication.rpc.EventRpcHandler.handleNode(EventRpcHandler.java:62)
	at com.vaadin.flow.server.communication.rpc.AbstractRpcInvocationHandler.handle(AbstractRpcInvocationHandler.java:74)
	at com.vaadin.flow.server.communication.ServerRpcHandler.handleInvocationData(ServerRpcHandler.java:466)
	at com.vaadin.flow.server.communication.ServerRpcHandler.lambda$handleInvocations$4(ServerRpcHandler.java:447)
	at java.base/java.util.ArrayList.forEach(ArrayList.java:1596)
	at com.vaadin.flow.server.communication.ServerRpcHandler.handleInvocations(ServerRpcHandler.java:447)
	at com.vaadin.flow.server.communication.ServerRpcHandler.handleRpc(ServerRpcHandler.java:324)
	at com.vaadin.flow.server.communication.UidlRequestHandler.synchronizedHandleRequest(UidlRequestHandler.java:114)
	at com.vaadin.flow.server.SynchronizedRequestHandler.handleRequest(SynchronizedRequestHandler.java:40)
	at com.vaadin.flow.server.VaadinService.handleRequest(VaadinService.java:1573)
	at com.vaadin.flow.server.VaadinServlet.service(VaadinServlet.java:398)
	at com.vaadin.flow.spring.SpringServlet.service(SpringServlet.java:106)
	at jakarta.servlet.http.HttpServlet.service(HttpServlet.java:658)
	at org.apache.catalina.core.ApplicationFilterChain.internalDoFilter(ApplicationFilterChain.java:205)
	at org.apache.catalina.core.ApplicationFilterChain.doFilter(ApplicationFilterChain.java:149)
	at org.apache.catalina.core.ApplicationDispatcher.invoke(ApplicationDispatcher.java:642)
	at org.apache.catalina.core.ApplicationDispatcher.processRequest(ApplicationDispatcher.java:408)
	at org.apache.catalina.core.ApplicationDispatcher.doForward(ApplicationDispatcher.java:313)
	at org.apache.catalina.core.ApplicationDispatcher.forward(ApplicationDispatcher.java:277)
	at org.springframework.web.servlet.mvc.ServletForwardingController.handleRequestInternal(ServletForwardingController.java:141)
	at org.springframework.web.servlet.mvc.AbstractController.handleRequest(AbstractController.java:178)
	at org.springframework.web.servlet.mvc.SimpleControllerHandlerAdapter.handle(SimpleControllerHandlerAdapter.java:51)
	at org.springframework.web.servlet.DispatcherServlet.doDispatch(DispatcherServlet.java:1089)
	at org.springframework.web.servlet.DispatcherServlet.doService(DispatcherServlet.java:979)
	at org.springframework.web.servlet.FrameworkServlet.processRequest(FrameworkServlet.java:1014)
	at org.springframework.web.servlet.FrameworkServlet.doPost(FrameworkServlet.java:914)
	at jakarta.servlet.http.HttpServlet.service(HttpServlet.java:590)
	at org.springframework.web.servlet.FrameworkServlet.service(FrameworkServlet.java:885)
	at jakarta.servlet.http.HttpServlet.service(HttpServlet.java:658)
	at org.apache.catalina.core.ApplicationFilterChain.internalDoFilter(ApplicationFilterChain.java:205)
	at org.apache.catalina.core.ApplicationFilterChain.doFilter(ApplicationFilterChain.java:149)
	at org.apache.tomcat.websocket.server.WsFilter.doFilter(WsFilter.java:51)
	at org.apache.catalina.core.ApplicationFilterChain.internalDoFilter(ApplicationFilterChain.java:174)
	at org.apache.catalina.core.ApplicationFilterChain.doFilter(ApplicationFilterChain.java:149)
	at org.springframework.web.filter.RequestContextFilter.doFilterInternal(RequestContextFilter.java:100)
	at org.springframework.web.filter.OncePerRequestFilter.doFilter(OncePerRequestFilter.java:116)
	at org.apache.catalina.core.ApplicationFilterChain.internalDoFilter(ApplicationFilterChain.java:174)
	at org.apache.catalina.core.ApplicationFilterChain.doFilter(ApplicationFilterChain.java:149)
	at org.springframework.web.filter.FormContentFilter.doFilterInternal(FormContentFilter.java:93)
	at org.springframework.web.filter.OncePerRequestFilter.doFilter(OncePerRequestFilter.java:116)
	at org.apache.catalina.core.ApplicationFilterChain.internalDoFilter(ApplicationFilterChain.java:174)
	at org.apache.catalina.core.ApplicationFilterChain.doFilter(ApplicationFilterChain.java:149)
	at org.springframework.web.filter.CharacterEncodingFilter.doFilterInternal(CharacterEncodingFilter.java:201)
	at org.springframework.web.filter.OncePerRequestFilter.doFilter(OncePerRequestFilter.java:116)
	at org.apache.catalina.core.ApplicationFilterChain.internalDoFilter(ApplicationFilterChain.java:174)
	at org.apache.catalina.core.ApplicationFilterChain.doFilter(ApplicationFilterChain.java:149)
	at org.apache.catalina.core.StandardWrapperValve.invoke(StandardWrapperValve.java:167)
	at org.apache.catalina.core.StandardContextValve.invoke(StandardContextValve.java:90)
	at org.apache.catalina.authenticator.AuthenticatorBase.invoke(AuthenticatorBase.java:482)
	at org.apache.catalina.core.StandardHostValve.invoke(StandardHostValve.java:115)
	at org.apache.catalina.valves.ErrorReportValve.invoke(ErrorReportValve.java:93)
	at org.apache.catalina.core.StandardEngineValve.invoke(StandardEngineValve.java:74)
	at org.apache.catalina.connector.CoyoteAdapter.service(CoyoteAdapter.java:340)
	at org.apache.coyote.http11.Http11Processor.service(Http11Processor.java:391)
	at org.apache.coyote.AbstractProcessorLight.process(AbstractProcessorLight.java:63)
	at org.apache.coyote.AbstractProtocol$ConnectionHandler.process(AbstractProtocol.java:896)
	at org.apache.tomcat.util.net.NioEndpoint$SocketProcessor.doRun(NioEndpoint.java:1744)
	at org.apache.tomcat.util.net.SocketProcessorBase.run(SocketProcessorBase.java:52)
	at org.apache.tomcat.util.threads.ThreadPoolExecutor.runWorker(ThreadPoolExecutor.java:1191)
	at org.apache.tomcat.util.threads.ThreadPoolExecutor$Worker.run(ThreadPoolExecutor.java:659)
	at org.apache.tomcat.util.threads.TaskThread$WrappingRunnable.run(TaskThread.java:61)
	at java.base/java.lang.Thread.run(Thread.java:1583)
2026-05-24 15:14:09 [http-nio-8080-exec-10] INFO  c.f.config.DatabaseConnection - Conexión establecida con: jdbc:postgresql://localhost:5432/Facturacion_db
2026-05-24 15:14:10 [http-nio-8080-exec-10] INFO  c.f.config.DatabaseConnection - Conexión establecida con: jdbc:postgresql://localhost:5432/Facturacion_db
2026-05-24 15:14:10 [http-nio-8080-exec-10] ERROR com.facturacion.dao.FacturaDAO - Error al guardar factura, haciendo rollback: Cannot invoke "com.facturacion.model.Empleado.getId()" because the return value of "com.facturacion.model.Factura.getEmpleado()" is null
java.lang.NullPointerException: Cannot invoke "com.facturacion.model.Empleado.getId()" because the return value of "com.facturacion.model.Factura.getEmpleado()" is null
	at com.facturacion.dao.FacturaDAO.insertarCabecera(FacturaDAO.java:68)
	at com.facturacion.dao.FacturaDAO.guardar(FacturaDAO.java:33)
	at com.facturacion.service.FacturacionService.crearFactura(FacturacionService.java:69)
	at com.facturacion.ui.views.FacturacionView.generarFactura(FacturacionView.java:333)
	at com.facturacion.ui.views.FacturacionView.lambda$panelResumen$8131ad3b$1(FacturacionView.java:229)
	at com.vaadin.flow.component.ComponentEventBus.fireEventForListener(ComponentEventBus.java:239)
	at com.vaadin.flow.component.ComponentEventBus.handleDomEvent(ComponentEventBus.java:488)
	at com.vaadin.flow.component.ComponentEventBus.lambda$addDomTrigger$dd1b7957$1(ComponentEventBus.java:298)
	at com.vaadin.flow.internal.nodefeature.ElementListenerMap.lambda$fireEvent$2(ElementListenerMap.java:447)
	at java.base/java.util.ArrayList.forEach(ArrayList.java:1596)
	at com.vaadin.flow.internal.nodefeature.ElementListenerMap.fireEvent(ElementListenerMap.java:447)
	at com.vaadin.flow.server.communication.rpc.EventRpcHandler.handleNode(EventRpcHandler.java:62)
	at com.vaadin.flow.server.communication.rpc.AbstractRpcInvocationHandler.handle(AbstractRpcInvocationHandler.java:74)
	at com.vaadin.flow.server.communication.ServerRpcHandler.handleInvocationData(ServerRpcHandler.java:466)
	at com.vaadin.flow.server.communication.ServerRpcHandler.lambda$handleInvocations$4(ServerRpcHandler.java:447)
	at java.base/java.util.ArrayList.forEach(ArrayList.java:1596)
	at com.vaadin.flow.server.communication.ServerRpcHandler.handleInvocations(ServerRpcHandler.java:447)
	at com.vaadin.flow.server.communication.ServerRpcHandler.handleRpc(ServerRpcHandler.java:324)
	at com.vaadin.flow.server.communication.UidlRequestHandler.synchronizedHandleRequest(UidlRequestHandler.java:114)
	at com.vaadin.flow.server.SynchronizedRequestHandler.handleRequest(SynchronizedRequestHandler.java:40)
	at com.vaadin.flow.server.VaadinService.handleRequest(VaadinService.java:1573)
	at com.vaadin.flow.server.VaadinServlet.service(VaadinServlet.java:398)
	at com.vaadin.flow.spring.SpringServlet.service(SpringServlet.java:106)
	at jakarta.servlet.http.HttpServlet.service(HttpServlet.java:658)
	at org.apache.catalina.core.ApplicationFilterChain.internalDoFilter(ApplicationFilterChain.java:205)
	at org.apache.catalina.core.ApplicationFilterChain.doFilter(ApplicationFilterChain.java:149)
	at org.apache.catalina.core.ApplicationDispatcher.invoke(ApplicationDispatcher.java:642)
	at org.apache.catalina.core.ApplicationDispatcher.processRequest(ApplicationDispatcher.java:408)
	at org.apache.catalina.core.ApplicationDispatcher.doForward(ApplicationDispatcher.java:313)
	at org.apache.catalina.core.ApplicationDispatcher.forward(ApplicationDispatcher.java:277)
	at org.springframework.web.servlet.mvc.ServletForwardingController.handleRequestInternal(ServletForwardingController.java:141)
	at org.springframework.web.servlet.mvc.AbstractController.handleRequest(AbstractController.java:178)
	at org.springframework.web.servlet.mvc.SimpleControllerHandlerAdapter.handle(SimpleControllerHandlerAdapter.java:51)
	at org.springframework.web.servlet.DispatcherServlet.doDispatch(DispatcherServlet.java:1089)
	at org.springframework.web.servlet.DispatcherServlet.doService(DispatcherServlet.java:979)
	at org.springframework.web.servlet.FrameworkServlet.processRequest(FrameworkServlet.java:1014)
	at org.springframework.web.servlet.FrameworkServlet.doPost(FrameworkServlet.java:914)
	at jakarta.servlet.http.HttpServlet.service(HttpServlet.java:590)
	at org.springframework.web.servlet.FrameworkServlet.service(FrameworkServlet.java:885)
	at jakarta.servlet.http.HttpServlet.service(HttpServlet.java:658)
	at org.apache.catalina.core.ApplicationFilterChain.internalDoFilter(ApplicationFilterChain.java:205)
	at org.apache.catalina.core.ApplicationFilterChain.doFilter(ApplicationFilterChain.java:149)
	at org.apache.tomcat.websocket.server.WsFilter.doFilter(WsFilter.java:51)
	at org.apache.catalina.core.ApplicationFilterChain.internalDoFilter(ApplicationFilterChain.java:174)
	at org.apache.catalina.core.ApplicationFilterChain.doFilter(ApplicationFilterChain.java:149)
	at org.springframework.web.filter.RequestContextFilter.doFilterInternal(RequestContextFilter.java:100)
	at org.springframework.web.filter.OncePerRequestFilter.doFilter(OncePerRequestFilter.java:116)
	at org.apache.catalina.core.ApplicationFilterChain.internalDoFilter(ApplicationFilterChain.java:174)
	at org.apache.catalina.core.ApplicationFilterChain.doFilter(ApplicationFilterChain.java:149)
	at org.springframework.web.filter.FormContentFilter.doFilterInternal(FormContentFilter.java:93)
	at org.springframework.web.filter.OncePerRequestFilter.doFilter(OncePerRequestFilter.java:116)
	at org.apache.catalina.core.ApplicationFilterChain.internalDoFilter(ApplicationFilterChain.java:174)
	at org.apache.catalina.core.ApplicationFilterChain.doFilter(ApplicationFilterChain.java:149)
	at org.springframework.web.filter.CharacterEncodingFilter.doFilterInternal(CharacterEncodingFilter.java:201)
	at org.springframework.web.filter.OncePerRequestFilter.doFilter(OncePerRequestFilter.java:116)
	at org.apache.catalina.core.ApplicationFilterChain.internalDoFilter(ApplicationFilterChain.java:174)
	at org.apache.catalina.core.ApplicationFilterChain.doFilter(ApplicationFilterChain.java:149)
	at org.apache.catalina.core.StandardWrapperValve.invoke(StandardWrapperValve.java:167)
	at org.apache.catalina.core.StandardContextValve.invoke(StandardContextValve.java:90)
	at org.apache.catalina.authenticator.AuthenticatorBase.invoke(AuthenticatorBase.java:482)
	at org.apache.catalina.core.StandardHostValve.invoke(StandardHostValve.java:115)
	at org.apache.catalina.valves.ErrorReportValve.invoke(ErrorReportValve.java:93)
	at org.apache.catalina.core.StandardEngineValve.invoke(StandardEngineValve.java:74)
	at org.apache.catalina.connector.CoyoteAdapter.service(CoyoteAdapter.java:340)
	at org.apache.coyote.http11.Http11Processor.service(Http11Processor.java:391)
	at org.apache.coyote.AbstractProcessorLight.process(AbstractProcessorLight.java:63)
	at org.apache.coyote.AbstractProtocol$ConnectionHandler.process(AbstractProtocol.java:896)
	at org.apache.tomcat.util.net.NioEndpoint$SocketProcessor.doRun(NioEndpoint.java:1744)
	at org.apache.tomcat.util.net.SocketProcessorBase.run(SocketProcessorBase.java:52)
	at org.apache.tomcat.util.threads.ThreadPoolExecutor.runWorker(ThreadPoolExecutor.java:1191)
	at org.apache.tomcat.util.threads.ThreadPoolExecutor$Worker.run(ThreadPoolExecutor.java:659)
	at org.apache.tomcat.util.threads.TaskThread$WrappingRunnable.run(TaskThread.java:61)
	at java.base/java.lang.Thread.run(Thread.java:1583)
2026-05-24 15:20:45 [main] INFO  com.facturacion.FacturacionApp - Iniciando Sistema de Facturación Electrónica...
2026-05-24 15:20:46 [background-preinit] INFO  o.h.validator.internal.util.Version - HV000001: Hibernate Validator 8.0.1.Final
2026-05-24 15:20:46 [main] INFO  com.facturacion.FacturacionApp - Starting FacturacionApp using Java 21.0.10 with PID 6552 (C:\Users\luis2\OneDrive\Desktop\facturacion-electronica\target\classes started by luis2 in C:\Users\luis2\OneDrive\Desktop\facturacion-electronica)
2026-05-24 15:20:46 [main] DEBUG com.facturacion.FacturacionApp - Running with Spring Boot v3.2.0, Spring v6.1.1
2026-05-24 15:20:46 [main] INFO  com.facturacion.FacturacionApp - No active profile set, falling back to 1 default profile: "default"
2026-05-24 15:20:48 [main] INFO  o.s.b.w.e.tomcat.TomcatWebServer - Tomcat initialized with port 8080 (http)
2026-05-24 15:20:48 [main] INFO  o.a.coyote.http11.Http11NioProtocol - Initializing ProtocolHandler ["http-nio-8080"]
2026-05-24 15:20:48 [main] INFO  o.a.catalina.core.StandardService - Starting service [Tomcat]
2026-05-24 15:20:48 [main] INFO  o.a.catalina.core.StandardEngine - Starting Servlet engine: [Apache Tomcat/10.1.16]
2026-05-24 15:20:48 [main] INFO  o.a.c.c.C.[Tomcat].[localhost].[/] - Initializing Spring embedded WebApplicationContext
2026-05-24 15:20:48 [main] INFO  o.s.b.w.s.c.ServletWebServerApplicationContext - Root WebApplicationContext: initialization completed in 1970 ms
2026-05-24 15:20:51 [main] INFO  c.v.f.s.VaadinServletContextInitializer - Search for subclasses and classes with annotations took 2412 ms
2026-05-24 15:20:51 [main] INFO  c.v.b.d.s.DevModeStartupListener - Starting dev-mode updaters in C:\Users\luis2\OneDrive\Desktop\facturacion-electronica folder.
2026-05-24 15:20:51 [main] INFO  c.v.f.s.f.s.FullDependenciesScanner - Visited 100 classes. Took 35 ms.
2026-05-24 15:20:51 [main] INFO  c.v.f.s.f.BundleValidationUtil - Checking if a development mode bundle build is needed
2026-05-24 15:20:52 [main] INFO  c.v.f.s.f.BundleValidationUtil - A development mode bundle build is not needed
2026-05-24 15:20:52 [ForkJoinPool.commonPool-worker-1] INFO  c.v.f.s.f.TaskCopyFrontendFiles - Copying frontend resources from jar files ...
2026-05-24 15:20:52 [ForkJoinPool.commonPool-worker-1] INFO  c.v.f.s.f.TaskCopyFrontendFiles - Visited 18 resources. Took 312 ms.
2026-05-24 15:20:52 [main] INFO  o.atmosphere.cpr.AtmosphereFramework - Installed AtmosphereHandler com.vaadin.flow.server.communication.PushAtmosphereHandler mapped to context-path: /*
2026-05-24 15:20:52 [main] INFO  o.atmosphere.cpr.AtmosphereFramework - Installed the following AtmosphereInterceptor mapped to AtmosphereHandler com.vaadin.flow.server.communication.PushAtmosphereHandler
2026-05-24 15:20:52 [main] INFO  o.atmosphere.cpr.AtmosphereFramework - Atmosphere is using org.atmosphere.util.VoidAnnotationProcessor for processing annotation
2026-05-24 15:20:52 [main] INFO  org.atmosphere.util.ForkJoinPool - Using ForkJoinPool  java.util.concurrent.ForkJoinPool. Set the org.atmosphere.cpr.broadcaster.maxAsyncWriteThreads to -1 to fully use its power.
2026-05-24 15:20:52 [main] INFO  o.atmosphere.cpr.AtmosphereFramework - Installed WebSocketProtocol org.atmosphere.websocket.protocol.SimpleHttpProtocol 
2026-05-24 15:20:52 [main] INFO  o.a.container.JSR356AsyncSupport - JSR 356 Mapping path /VAADIN/push
2026-05-24 15:20:52 [main] INFO  o.atmosphere.cpr.AtmosphereFramework - Installing Default AtmosphereInterceptors
2026-05-24 15:20:52 [main] INFO  o.atmosphere.cpr.AtmosphereFramework - 	org.atmosphere.interceptor.CorsInterceptor : CORS Interceptor Support
2026-05-24 15:20:52 [main] INFO  o.atmosphere.cpr.AtmosphereFramework - 	org.atmosphere.interceptor.CacheHeadersInterceptor : Default Response's Headers Interceptor
2026-05-24 15:20:52 [main] INFO  o.atmosphere.cpr.AtmosphereFramework - 	org.atmosphere.interceptor.PaddingAtmosphereInterceptor : Browser Padding Interceptor Support
2026-05-24 15:20:52 [main] INFO  o.atmosphere.cpr.AtmosphereFramework - 	org.atmosphere.interceptor.AndroidAtmosphereInterceptor : Android Interceptor Support
2026-05-24 15:20:52 [main] INFO  o.atmosphere.cpr.AtmosphereFramework - 	org.atmosphere.interceptor.HeartbeatInterceptor : Heartbeat Interceptor Support
2026-05-24 15:20:52 [main] INFO  o.atmosphere.cpr.AtmosphereFramework - 	org.atmosphere.interceptor.SSEAtmosphereInterceptor : SSE Interceptor Support
2026-05-24 15:20:52 [main] INFO  o.atmosphere.cpr.AtmosphereFramework - 	org.atmosphere.interceptor.JSONPAtmosphereInterceptor : JSONP Interceptor Support
2026-05-24 15:20:52 [main] INFO  o.atmosphere.cpr.AtmosphereFramework - 	org.atmosphere.interceptor.JavaScriptProtocol : Atmosphere JavaScript Protocol
2026-05-24 15:20:52 [main] INFO  o.atmosphere.cpr.AtmosphereFramework - 	org.atmosphere.interceptor.WebSocketMessageSuspendInterceptor : org.atmosphere.interceptor.WebSocketMessageSuspendInterceptor
2026-05-24 15:20:52 [main] INFO  o.atmosphere.cpr.AtmosphereFramework - 	org.atmosphere.interceptor.OnDisconnectInterceptor : Browser disconnection detection
2026-05-24 15:20:52 [main] INFO  o.atmosphere.cpr.AtmosphereFramework - 	org.atmosphere.interceptor.IdleResourceInterceptor : org.atmosphere.interceptor.IdleResourceInterceptor
2026-05-24 15:20:52 [main] INFO  o.atmosphere.cpr.AtmosphereFramework - Set org.atmosphere.cpr.AtmosphereInterceptor.disableDefaults to disable them.
2026-05-24 15:20:52 [main] INFO  o.atmosphere.cpr.AtmosphereFramework - Installed AtmosphereInterceptor CORS Interceptor Support with priority FIRST_BEFORE_DEFAULT 
2026-05-24 15:20:52 [main] INFO  o.atmosphere.cpr.AtmosphereFramework - Installed AtmosphereInterceptor Default Response's Headers Interceptor with priority AFTER_DEFAULT 
2026-05-24 15:20:52 [main] INFO  o.atmosphere.cpr.AtmosphereFramework - Installed AtmosphereInterceptor Browser Padding Interceptor Support with priority AFTER_DEFAULT 
2026-05-24 15:20:52 [main] INFO  o.atmosphere.cpr.AtmosphereFramework - Installed AtmosphereInterceptor Android Interceptor Support with priority AFTER_DEFAULT 
2026-05-24 15:20:52 [main] INFO  o.a.interceptor.HeartbeatInterceptor - HeartbeatInterceptor configured with padding value 'X', client frequency 0 seconds and server frequency 60 seconds
2026-05-24 15:20:52 [main] INFO  o.atmosphere.cpr.AtmosphereFramework - Installed AtmosphereInterceptor Heartbeat Interceptor Support with priority AFTER_DEFAULT 
2026-05-24 15:20:52 [main] INFO  o.atmosphere.cpr.AtmosphereFramework - Installed AtmosphereInterceptor SSE Interceptor Support with priority AFTER_DEFAULT 
2026-05-24 15:20:52 [main] INFO  o.atmosphere.cpr.AtmosphereFramework - Installed AtmosphereInterceptor JSONP Interceptor Support with priority AFTER_DEFAULT 
2026-05-24 15:20:52 [main] INFO  o.atmosphere.cpr.AtmosphereFramework - Installed AtmosphereInterceptor Atmosphere JavaScript Protocol with priority AFTER_DEFAULT 
2026-05-24 15:20:52 [main] INFO  o.atmosphere.cpr.AtmosphereFramework - Installed AtmosphereInterceptor org.atmosphere.interceptor.WebSocketMessageSuspendInterceptor with priority AFTER_DEFAULT 
2026-05-24 15:20:52 [main] INFO  o.atmosphere.cpr.AtmosphereFramework - Installed AtmosphereInterceptor Browser disconnection detection with priority AFTER_DEFAULT 
2026-05-24 15:20:52 [main] INFO  o.atmosphere.cpr.AtmosphereFramework - Installed AtmosphereInterceptor org.atmosphere.interceptor.IdleResourceInterceptor with priority BEFORE_DEFAULT 
2026-05-24 15:20:52 [main] INFO  o.atmosphere.cpr.AtmosphereFramework - Using EndpointMapper class org.atmosphere.util.DefaultEndpointMapper
2026-05-24 15:20:52 [main] INFO  o.atmosphere.cpr.AtmosphereFramework - Using BroadcasterCache: org.atmosphere.cache.UUIDBroadcasterCache
2026-05-24 15:20:52 [main] INFO  o.atmosphere.cpr.AtmosphereFramework - Default Broadcaster Class: org.atmosphere.cpr.DefaultBroadcaster
2026-05-24 15:20:52 [main] INFO  o.atmosphere.cpr.AtmosphereFramework - Broadcaster Shared List Resources: false
2026-05-24 15:20:52 [main] INFO  o.atmosphere.cpr.AtmosphereFramework - Broadcaster Polling Wait Time 100
2026-05-24 15:20:52 [main] INFO  o.atmosphere.cpr.AtmosphereFramework - Shared ExecutorService supported: true
2026-05-24 15:20:52 [main] INFO  o.atmosphere.cpr.AtmosphereFramework - Messaging ExecutorService Pool Size unavailable - Not instance of ThreadPoolExecutor
2026-05-24 15:20:52 [main] INFO  o.atmosphere.cpr.AtmosphereFramework - Async I/O Thread Pool Size: 200
2026-05-24 15:20:52 [main] INFO  o.atmosphere.cpr.AtmosphereFramework - Using BroadcasterFactory: org.atmosphere.cpr.DefaultBroadcasterFactory
2026-05-24 15:20:52 [main] INFO  o.atmosphere.cpr.AtmosphereFramework - Using AtmosphereResurceFactory: org.atmosphere.cpr.DefaultAtmosphereResourceFactory
2026-05-24 15:20:52 [main] INFO  o.atmosphere.cpr.AtmosphereFramework - Using WebSocketProcessor: org.atmosphere.websocket.DefaultWebSocketProcessor
2026-05-24 15:20:52 [main] INFO  o.atmosphere.cpr.AtmosphereFramework - Invoke AtmosphereInterceptor on WebSocket message true
2026-05-24 15:20:52 [main] INFO  o.atmosphere.cpr.AtmosphereFramework - HttpSession supported: true
2026-05-24 15:20:52 [main] INFO  o.atmosphere.cpr.AtmosphereFramework - Atmosphere is using DefaultAtmosphereObjectFactory for dependency injection and object creation
2026-05-24 15:20:52 [main] INFO  o.atmosphere.cpr.AtmosphereFramework - Atmosphere is using async support: org.atmosphere.container.JSR356AsyncSupport running under container: Apache Tomcat/10.1.16 using jakarta.servlet/3.0 and jsr356/WebSocket API
2026-05-24 15:20:52 [main] INFO  o.atmosphere.cpr.AtmosphereFramework - Atmosphere Framework 3.0.3.slf4jvaadin2 started.
2026-05-24 15:20:52 [main] INFO  o.atmosphere.cpr.AtmosphereFramework - Installed AtmosphereInterceptor  Track Message Size Interceptor using | with priority BEFORE_DEFAULT 
2026-05-24 15:20:52 [main] INFO  o.a.coyote.http11.Http11NioProtocol - Starting ProtocolHandler ["http-nio-8080"]
2026-05-24 15:20:53 [main] INFO  c.v.f.s.DefaultDeploymentConfiguration - 
Vaadin is running in DEVELOPMENT mode - do not use for production deployments.
2026-05-24 15:20:53 [main] INFO  o.s.b.w.e.tomcat.TomcatWebServer - Tomcat started on port 8080 (http) with context path ''
2026-05-24 15:20:53 [main] INFO  com.facturacion.FacturacionApp - Started FacturacionApp in 7.714 seconds (process running for 8.96)
2026-05-24 15:20:53 [main] INFO  com.facturacion.FacturacionApp - Sistema iniciado correctamente en http://localhost:8080
2026-05-24 15:20:55 [http-nio-8080-exec-2] INFO  o.a.c.c.C.[Tomcat].[localhost].[/] - Initializing Spring DispatcherServlet 'dispatcherServlet'
2026-05-24 15:20:55 [http-nio-8080-exec-2] INFO  o.s.web.servlet.DispatcherServlet - Initializing Servlet 'dispatcherServlet'
2026-05-24 15:20:55 [http-nio-8080-exec-2] INFO  o.s.web.servlet.DispatcherServlet - Completed initialization in 0 ms
2026-05-24 15:20:55 [http-nio-8080-exec-2] INFO  c.v.flow.spring.SpringInstantiator - The number of beans implementing 'I18NProvider' is 0. Cannot use Spring beans for I18N, falling back to the default behavior
2026-05-24 15:20:57 [http-nio-8080-exec-2] INFO  c.f.config.DatabaseConnection - Configuración de base de datos cargada correctamente.
2026-05-24 15:20:57 [http-nio-8080-exec-2] INFO  c.f.config.DatabaseConnection - Conexión establecida con: jdbc:postgresql://localhost:5432/Facturacion_db
2026-05-24 15:20:57 [http-nio-8080-exec-2] INFO  c.f.config.DatabaseConnection - Conexión establecida con: jdbc:postgresql://localhost:5432/Facturacion_db
2026-05-24 15:20:58 [http-nio-8080-exec-2] INFO  c.f.config.DatabaseConnection - Conexión establecida con: jdbc:postgresql://localhost:5432/Facturacion_db
2026-05-24 15:21:29 [http-nio-8080-exec-5] INFO  c.f.config.DatabaseConnection - Conexión establecida con: jdbc:postgresql://localhost:5432/Facturacion_db
2026-05-24 15:21:29 [http-nio-8080-exec-5] INFO  c.f.config.DatabaseConnection - Conexión establecida con: jdbc:postgresql://localhost:5432/Facturacion_db
2026-05-24 15:21:29 [http-nio-8080-exec-5] INFO  c.f.config.DatabaseConnection - Conexión establecida con: jdbc:postgresql://localhost:5432/Facturacion_db
2026-05-24 15:21:29 [http-nio-8080-exec-5] INFO  c.f.config.DatabaseConnection - Conexión establecida con: jdbc:postgresql://localhost:5432/Facturacion_db
2026-05-24 15:21:29 [http-nio-8080-exec-5] INFO  com.facturacion.dao.FacturaDAO - Factura #FE-20260524-0001 guardada con ID=1
2026-05-24 15:21:29 [http-nio-8080-exec-5] INFO  c.f.service.FacturacionService - Factura #FE-20260524-0001 creada exitosamente. Total: $39974.00
2026-05-24 15:21:29 [http-nio-8080-exec-5] INFO  c.f.config.DatabaseConnection - Conexión establecida con: jdbc:postgresql://localhost:5432/Facturacion_db
2026-05-24 15:21:29 [http-nio-8080-exec-5] INFO  c.f.config.DatabaseConnection - Conexión establecida con: jdbc:postgresql://localhost:5432/Facturacion_db
2026-05-24 15:21:29 [http-nio-8080-exec-5] INFO  c.f.config.DatabaseConnection - Conexión establecida con: jdbc:postgresql://localhost:5432/Facturacion_db
2026-05-24 15:21:29 [http-nio-8080-exec-5] INFO  c.f.config.DatabaseConnection - Conexión establecida con: jdbc:postgresql://localhost:5432/Facturacion_db
2026-05-24 15:21:30 [http-nio-8080-exec-5] INFO  c.f.config.DatabaseConnection - Conexión establecida con: jdbc:postgresql://localhost:5432/Facturacion_db
2026-05-24 15:21:30 [http-nio-8080-exec-5] INFO  c.f.config.DatabaseConnection - Conexión establecida con: jdbc:postgresql://localhost:5432/Facturacion_db
2026-05-24 15:21:30 [http-nio-8080-exec-5] INFO  c.facturacion.util.PdfGeneratorUtil - PDF generado para factura #FE-20260524-0001
2026-05-24 15:21:30 [http-nio-8080-exec-5] INFO  c.f.config.DatabaseConnection - Conexión establecida con: jdbc:postgresql://localhost:5432/Facturacion_db
2026-05-24 16:40:35 [main] INFO  com.facturacion.FacturacionApp - Iniciando Sistema de Facturación Electrónica...
2026-05-24 16:40:36 [background-preinit] INFO  o.h.validator.internal.util.Version - HV000001: Hibernate Validator 8.0.1.Final
2026-05-24 16:40:36 [main] INFO  com.facturacion.FacturacionApp - Starting FacturacionApp using Java 21.0.10 with PID 25880 (C:\Users\luis2\OneDrive\Desktop\facturacion-electronica\target\classes started by luis2 in C:\Users\luis2\OneDrive\Desktop\facturacion-electronica)
2026-05-24 16:40:36 [main] DEBUG com.facturacion.FacturacionApp - Running with Spring Boot v3.2.0, Spring v6.1.1
2026-05-24 16:40:36 [main] INFO  com.facturacion.FacturacionApp - No active profile set, falling back to 1 default profile: "default"
2026-05-24 16:40:39 [main] INFO  o.s.b.w.e.tomcat.TomcatWebServer - Tomcat initialized with port 8080 (http)
2026-05-24 16:40:39 [main] INFO  o.a.coyote.http11.Http11NioProtocol - Initializing ProtocolHandler ["http-nio-8080"]
2026-05-24 16:40:39 [main] INFO  o.a.catalina.core.StandardService - Starting service [Tomcat]
2026-05-24 16:40:39 [main] INFO  o.a.catalina.core.StandardEngine - Starting Servlet engine: [Apache Tomcat/10.1.16]
2026-05-24 16:40:39 [main] INFO  o.a.c.c.C.[Tomcat].[localhost].[/] - Initializing Spring embedded WebApplicationContext
2026-05-24 16:40:39 [main] INFO  o.s.b.w.s.c.ServletWebServerApplicationContext - Root WebApplicationContext: initialization completed in 2672 ms
2026-05-24 16:40:43 [main] INFO  c.v.f.s.VaadinServletContextInitializer - Search for subclasses and classes with annotations took 3404 ms
2026-05-24 16:40:44 [main] INFO  c.v.b.d.s.DevModeStartupListener - Starting dev-mode updaters in C:\Users\luis2\OneDrive\Desktop\facturacion-electronica folder.
2026-05-24 16:40:44 [main] INFO  c.v.f.s.f.s.FullDependenciesScanner - Visited 100 classes. Took 45 ms.
2026-05-24 16:40:44 [main] INFO  c.v.f.s.f.BundleValidationUtil - Checking if a development mode bundle build is needed
2026-05-24 16:40:45 [main] INFO  c.v.f.s.f.BundleValidationUtil - A development mode bundle build is not needed
2026-05-24 16:40:45 [ForkJoinPool.commonPool-worker-1] INFO  c.v.f.s.f.TaskCopyFrontendFiles - Copying frontend resources from jar files ...
2026-05-24 16:40:45 [ForkJoinPool.commonPool-worker-1] INFO  c.v.f.s.f.TaskCopyFrontendFiles - Visited 18 resources. Took 672 ms.
2026-05-24 16:40:46 [main] INFO  o.atmosphere.cpr.AtmosphereFramework - Installed AtmosphereHandler com.vaadin.flow.server.communication.PushAtmosphereHandler mapped to context-path: /*
2026-05-24 16:40:46 [main] INFO  o.atmosphere.cpr.AtmosphereFramework - Installed the following AtmosphereInterceptor mapped to AtmosphereHandler com.vaadin.flow.server.communication.PushAtmosphereHandler
2026-05-24 16:40:46 [main] INFO  o.atmosphere.cpr.AtmosphereFramework - Atmosphere is using org.atmosphere.util.VoidAnnotationProcessor for processing annotation
2026-05-24 16:40:46 [main] INFO  org.atmosphere.util.ForkJoinPool - Using ForkJoinPool  java.util.concurrent.ForkJoinPool. Set the org.atmosphere.cpr.broadcaster.maxAsyncWriteThreads to -1 to fully use its power.
2026-05-24 16:40:46 [main] INFO  o.atmosphere.cpr.AtmosphereFramework - Installed WebSocketProtocol org.atmosphere.websocket.protocol.SimpleHttpProtocol 
2026-05-24 16:40:46 [main] INFO  o.a.container.JSR356AsyncSupport - JSR 356 Mapping path /VAADIN/push
2026-05-24 16:40:46 [main] INFO  o.atmosphere.cpr.AtmosphereFramework - Installing Default AtmosphereInterceptors
2026-05-24 16:40:46 [main] INFO  o.atmosphere.cpr.AtmosphereFramework - 	org.atmosphere.interceptor.CorsInterceptor : CORS Interceptor Support
2026-05-24 16:40:46 [main] INFO  o.atmosphere.cpr.AtmosphereFramework - 	org.atmosphere.interceptor.CacheHeadersInterceptor : Default Response's Headers Interceptor
2026-05-24 16:40:46 [main] INFO  o.atmosphere.cpr.AtmosphereFramework - 	org.atmosphere.interceptor.PaddingAtmosphereInterceptor : Browser Padding Interceptor Support
2026-05-24 16:40:46 [main] INFO  o.atmosphere.cpr.AtmosphereFramework - 	org.atmosphere.interceptor.AndroidAtmosphereInterceptor : Android Interceptor Support
2026-05-24 16:40:46 [main] INFO  o.atmosphere.cpr.AtmosphereFramework - 	org.atmosphere.interceptor.HeartbeatInterceptor : Heartbeat Interceptor Support
2026-05-24 16:40:46 [main] INFO  o.atmosphere.cpr.AtmosphereFramework - 	org.atmosphere.interceptor.SSEAtmosphereInterceptor : SSE Interceptor Support
2026-05-24 16:40:46 [main] INFO  o.atmosphere.cpr.AtmosphereFramework - 	org.atmosphere.interceptor.JSONPAtmosphereInterceptor : JSONP Interceptor Support
2026-05-24 16:40:46 [main] INFO  o.atmosphere.cpr.AtmosphereFramework - 	org.atmosphere.interceptor.JavaScriptProtocol : Atmosphere JavaScript Protocol
2026-05-24 16:40:46 [main] INFO  o.atmosphere.cpr.AtmosphereFramework - 	org.atmosphere.interceptor.WebSocketMessageSuspendInterceptor : org.atmosphere.interceptor.WebSocketMessageSuspendInterceptor
2026-05-24 16:40:46 [main] INFO  o.atmosphere.cpr.AtmosphereFramework - 	org.atmosphere.interceptor.OnDisconnectInterceptor : Browser disconnection detection
2026-05-24 16:40:46 [main] INFO  o.atmosphere.cpr.AtmosphereFramework - 	org.atmosphere.interceptor.IdleResourceInterceptor : org.atmosphere.interceptor.IdleResourceInterceptor
2026-05-24 16:40:46 [main] INFO  o.atmosphere.cpr.AtmosphereFramework - Set org.atmosphere.cpr.AtmosphereInterceptor.disableDefaults to disable them.
2026-05-24 16:40:46 [main] INFO  o.atmosphere.cpr.AtmosphereFramework - Installed AtmosphereInterceptor CORS Interceptor Support with priority FIRST_BEFORE_DEFAULT 
2026-05-24 16:40:46 [main] INFO  o.atmosphere.cpr.AtmosphereFramework - Installed AtmosphereInterceptor Default Response's Headers Interceptor with priority AFTER_DEFAULT 
2026-05-24 16:40:46 [main] INFO  o.atmosphere.cpr.AtmosphereFramework - Installed AtmosphereInterceptor Browser Padding Interceptor Support with priority AFTER_DEFAULT 
2026-05-24 16:40:46 [main] INFO  o.atmosphere.cpr.AtmosphereFramework - Installed AtmosphereInterceptor Android Interceptor Support with priority AFTER_DEFAULT 
2026-05-24 16:40:46 [main] INFO  o.a.interceptor.HeartbeatInterceptor - HeartbeatInterceptor configured with padding value 'X', client frequency 0 seconds and server frequency 60 seconds
2026-05-24 16:40:46 [main] INFO  o.atmosphere.cpr.AtmosphereFramework - Installed AtmosphereInterceptor Heartbeat Interceptor Support with priority AFTER_DEFAULT 
2026-05-24 16:40:46 [main] INFO  o.atmosphere.cpr.AtmosphereFramework - Installed AtmosphereInterceptor SSE Interceptor Support with priority AFTER_DEFAULT 
2026-05-24 16:40:46 [main] INFO  o.atmosphere.cpr.AtmosphereFramework - Installed AtmosphereInterceptor JSONP Interceptor Support with priority AFTER_DEFAULT 
2026-05-24 16:40:46 [main] INFO  o.atmosphere.cpr.AtmosphereFramework - Installed AtmosphereInterceptor Atmosphere JavaScript Protocol with priority AFTER_DEFAULT 
2026-05-24 16:40:46 [main] INFO  o.atmosphere.cpr.AtmosphereFramework - Installed AtmosphereInterceptor org.atmosphere.interceptor.WebSocketMessageSuspendInterceptor with priority AFTER_DEFAULT 
2026-05-24 16:40:46 [main] INFO  o.atmosphere.cpr.AtmosphereFramework - Installed AtmosphereInterceptor Browser disconnection detection with priority AFTER_DEFAULT 
2026-05-24 16:40:46 [main] INFO  o.atmosphere.cpr.AtmosphereFramework - Installed AtmosphereInterceptor org.atmosphere.interceptor.IdleResourceInterceptor with priority BEFORE_DEFAULT 
2026-05-24 16:40:46 [main] INFO  o.atmosphere.cpr.AtmosphereFramework - Using EndpointMapper class org.atmosphere.util.DefaultEndpointMapper
2026-05-24 16:40:46 [main] INFO  o.atmosphere.cpr.AtmosphereFramework - Using BroadcasterCache: org.atmosphere.cache.UUIDBroadcasterCache
2026-05-24 16:40:46 [main] INFO  o.atmosphere.cpr.AtmosphereFramework - Default Broadcaster Class: org.atmosphere.cpr.DefaultBroadcaster
2026-05-24 16:40:46 [main] INFO  o.atmosphere.cpr.AtmosphereFramework - Broadcaster Shared List Resources: false
2026-05-24 16:40:46 [main] INFO  o.atmosphere.cpr.AtmosphereFramework - Broadcaster Polling Wait Time 100
2026-05-24 16:40:46 [main] INFO  o.atmosphere.cpr.AtmosphereFramework - Shared ExecutorService supported: true
2026-05-24 16:40:46 [main] INFO  o.atmosphere.cpr.AtmosphereFramework - Messaging ExecutorService Pool Size unavailable - Not instance of ThreadPoolExecutor
2026-05-24 16:40:46 [main] INFO  o.atmosphere.cpr.AtmosphereFramework - Async I/O Thread Pool Size: 200
2026-05-24 16:40:46 [main] INFO  o.atmosphere.cpr.AtmosphereFramework - Using BroadcasterFactory: org.atmosphere.cpr.DefaultBroadcasterFactory
2026-05-24 16:40:46 [main] INFO  o.atmosphere.cpr.AtmosphereFramework - Using AtmosphereResurceFactory: org.atmosphere.cpr.DefaultAtmosphereResourceFactory
2026-05-24 16:40:46 [main] INFO  o.atmosphere.cpr.AtmosphereFramework - Using WebSocketProcessor: org.atmosphere.websocket.DefaultWebSocketProcessor
2026-05-24 16:40:46 [main] INFO  o.atmosphere.cpr.AtmosphereFramework - Invoke AtmosphereInterceptor on WebSocket message true
2026-05-24 16:40:46 [main] INFO  o.atmosphere.cpr.AtmosphereFramework - HttpSession supported: true
2026-05-24 16:40:46 [main] INFO  o.atmosphere.cpr.AtmosphereFramework - Atmosphere is using DefaultAtmosphereObjectFactory for dependency injection and object creation
2026-05-24 16:40:46 [main] INFO  o.atmosphere.cpr.AtmosphereFramework - Atmosphere is using async support: org.atmosphere.container.JSR356AsyncSupport running under container: Apache Tomcat/10.1.16 using jakarta.servlet/3.0 and jsr356/WebSocket API
2026-05-24 16:40:46 [main] INFO  o.atmosphere.cpr.AtmosphereFramework - Atmosphere Framework 3.0.3.slf4jvaadin2 started.
2026-05-24 16:40:46 [main] INFO  o.atmosphere.cpr.AtmosphereFramework - Installed AtmosphereInterceptor  Track Message Size Interceptor using | with priority BEFORE_DEFAULT 
2026-05-24 16:40:46 [main] INFO  o.a.coyote.http11.Http11NioProtocol - Starting ProtocolHandler ["http-nio-8080"]
2026-05-24 16:40:46 [main] INFO  c.v.f.s.DefaultDeploymentConfiguration - 
Vaadin is running in DEVELOPMENT mode - do not use for production deployments.
2026-05-24 16:40:46 [main] INFO  o.s.b.w.e.tomcat.TomcatWebServer - Tomcat started on port 8080 (http) with context path ''
2026-05-24 16:40:46 [main] INFO  com.facturacion.FacturacionApp - Started FacturacionApp in 10.306 seconds (process running for 11.944)
2026-05-24 16:40:46 [main] INFO  com.facturacion.FacturacionApp - Sistema iniciado correctamente en http://localhost:8080
2026-05-24 16:40:50 [http-nio-8080-exec-1] INFO  o.a.c.c.C.[Tomcat].[localhost].[/] - Initializing Spring DispatcherServlet 'dispatcherServlet'
2026-05-24 16:40:50 [http-nio-8080-exec-1] INFO  o.s.web.servlet.DispatcherServlet - Initializing Servlet 'dispatcherServlet'
2026-05-24 16:40:50 [http-nio-8080-exec-1] INFO  o.s.web.servlet.DispatcherServlet - Completed initialization in 5 ms
2026-05-24 16:40:50 [http-nio-8080-exec-1] INFO  c.v.flow.spring.SpringInstantiator - The number of beans implementing 'I18NProvider' is 0. Cannot use Spring beans for I18N, falling back to the default behavior
2026-05-24 16:40:53 [http-nio-8080-exec-8] INFO  c.f.config.DatabaseConnection - Configuración de base de datos cargada correctamente.
2026-05-24 16:40:53 [http-nio-8080-exec-8] INFO  c.f.config.DatabaseConnection - Conexión establecida con: jdbc:postgresql://localhost:5432/Facturacion_db
2026-05-24 16:40:53 [http-nio-8080-exec-8] INFO  c.f.config.DatabaseConnection - Conexión establecida con: jdbc:postgresql://localhost:5432/Facturacion_db
2026-05-24 16:40:54 [http-nio-8080-exec-8] INFO  c.f.config.DatabaseConnection - Conexión establecida con: jdbc:postgresql://localhost:5432/Facturacion_db
2026-05-24 16:40:57 [http-nio-8080-exec-2] INFO  c.f.config.DatabaseConnection - Conexión establecida con: jdbc:postgresql://localhost:5432/Facturacion_db
2026-05-24 16:40:57 [http-nio-8080-exec-2] INFO  c.f.config.DatabaseConnection - Conexión establecida con: jdbc:postgresql://localhost:5432/Facturacion_db
2026-05-24 16:40:57 [http-nio-8080-exec-2] INFO  c.f.config.DatabaseConnection - Conexión establecida con: jdbc:postgresql://localhost:5432/Facturacion_db
2026-05-24 16:40:58 [http-nio-8080-exec-7] INFO  c.f.config.DatabaseConnection - Conexión establecida con: jdbc:postgresql://localhost:5432/Facturacion_db
2026-05-24 16:40:58 [http-nio-8080-exec-7] INFO  c.f.config.DatabaseConnection - Conexión establecida con: jdbc:postgresql://localhost:5432/Facturacion_db
2026-05-24 16:40:58 [http-nio-8080-exec-7] INFO  c.f.config.DatabaseConnection - Conexión establecida con: jdbc:postgresql://localhost:5432/Facturacion_db
2026-05-24 19:48:30 [http-nio-8080-exec-2] INFO  c.f.config.DatabaseConnection - Conexión establecida con: jdbc:postgresql://localhost:5432/Facturacion_db
2026-05-24 19:48:30 [http-nio-8080-exec-2] INFO  c.f.config.DatabaseConnection - Conexión establecida con: jdbc:postgresql://localhost:5432/Facturacion_db
2026-05-24 19:48:31 [http-nio-8080-exec-2] INFO  c.f.config.DatabaseConnection - Conexión establecida con: jdbc:postgresql://localhost:5432/Facturacion_db
2026-05-24 19:48:35 [http-nio-8080-exec-6] INFO  c.f.config.DatabaseConnection - Conexión establecida con: jdbc:postgresql://localhost:5432/Facturacion_db
2026-05-24 19:48:36 [http-nio-8080-exec-6] INFO  c.f.config.DatabaseConnection - Conexión establecida con: jdbc:postgresql://localhost:5432/Facturacion_db
2026-05-24 19:48:36 [http-nio-8080-exec-6] INFO  c.f.config.DatabaseConnection - Conexión establecida con: jdbc:postgresql://localhost:5432/Facturacion_db
2026-05-24 19:48:36 [http-nio-8080-exec-1] INFO  c.f.config.DatabaseConnection - Conexión establecida con: jdbc:postgresql://localhost:5432/Facturacion_db
2026-05-24 19:48:36 [http-nio-8080-exec-1] INFO  c.f.config.DatabaseConnection - Conexión establecida con: jdbc:postgresql://localhost:5432/Facturacion_db
2026-05-24 19:48:36 [http-nio-8080-exec-1] INFO  c.f.config.DatabaseConnection - Conexión establecida con: jdbc:postgresql://localhost:5432/Facturacion_db
2026-05-24 19:49:59 [http-nio-8080-exec-9] INFO  c.f.config.DatabaseConnection - Conexión establecida con: jdbc:postgresql://localhost:5432/Facturacion_db
2026-05-24 19:49:59 [http-nio-8080-exec-9] INFO  com.facturacion.dao.ClienteDAO - Cliente creado con ID=6
2026-05-24 19:49:59 [http-nio-8080-exec-9] INFO  c.f.config.DatabaseConnection - Conexión establecida con: jdbc:postgresql://localhost:5432/Facturacion_db
2026-05-24 19:50:48 [http-nio-8080-exec-6] INFO  c.f.config.DatabaseConnection - Conexión establecida con: jdbc:postgresql://localhost:5432/Facturacion_db
2026-05-24 19:50:48 [http-nio-8080-exec-6] INFO  c.f.config.DatabaseConnection - Conexión establecida con: jdbc:postgresql://localhost:5432/Facturacion_db
2026-05-24 19:50:49 [http-nio-8080-exec-6] INFO  c.f.config.DatabaseConnection - Conexión establecida con: jdbc:postgresql://localhost:5432/Facturacion_db
2026-05-24 19:50:49 [http-nio-8080-exec-6] INFO  c.f.config.DatabaseConnection - Conexión establecida con: jdbc:postgresql://localhost:5432/Facturacion_db
2026-05-24 19:50:49 [http-nio-8080-exec-6] INFO  com.facturacion.dao.FacturaDAO - Factura #FE-20260524-0004 guardada con ID=2
2026-05-24 19:50:49 [http-nio-8080-exec-6] INFO  c.f.service.FacturacionService - Factura #FE-20260524-0004 creada exitosamente. Total: $46365.00
2026-05-24 19:50:49 [http-nio-8080-exec-6] INFO  c.f.config.DatabaseConnection - Conexión establecida con: jdbc:postgresql://localhost:5432/Facturacion_db
2026-05-24 19:50:49 [http-nio-8080-exec-6] INFO  c.f.config.DatabaseConnection - Conexión establecida con: jdbc:postgresql://localhost:5432/Facturacion_db
2026-05-24 19:50:49 [http-nio-8080-exec-6] INFO  c.f.config.DatabaseConnection - Conexión establecida con: jdbc:postgresql://localhost:5432/Facturacion_db
2026-05-24 19:50:49 [http-nio-8080-exec-6] INFO  c.f.config.DatabaseConnection - Conexión establecida con: jdbc:postgresql://localhost:5432/Facturacion_db
2026-05-24 19:50:49 [http-nio-8080-exec-6] INFO  c.f.config.DatabaseConnection - Conexión establecida con: jdbc:postgresql://localhost:5432/Facturacion_db
2026-05-24 19:50:49 [http-nio-8080-exec-6] INFO  c.f.config.DatabaseConnection - Conexión establecida con: jdbc:postgresql://localhost:5432/Facturacion_db
2026-05-24 19:50:50 [http-nio-8080-exec-6] INFO  c.facturacion.util.PdfGeneratorUtil - PDF generado para factura #FE-20260524-0004
2026-05-24 19:50:50 [http-nio-8080-exec-6] INFO  c.f.config.DatabaseConnection - Conexión establecida con: jdbc:postgresql://localhost:5432/Facturacion_db
